stock_number,statement_name,metric_path,full_date,value
3034,Balance Sheet,Total Assets,2019-12-31,17372.88
3034,Balance Sheet,Total Assets,2020-12-31,17269.96
3034,Balance Sheet,Total Assets,2021-12-31,17481.22
3034,Balance Sheet,Total Assets,2022-12-31,18654.24
3034,Balance Sheet,"Total Assets > Accumulated Depreciation, Total",2019-12-31,-1885.72
3034,Balance Sheet,"Total Assets > Accumulated Depreciation, Total",2020-12-31,-1983.5
3034,Balance Sheet,"Total Assets > Accumulated Depreciation, Total",2021-12-31,-2092.33
3034,Balance Sheet,"Total Assets > Accumulated Depreciation, Total",2022-12-31,-1998.27
3034,Balance Sheet,"Total Assets > Goodwill, Net",2019-12-31,40.94
3034,Balance Sheet,"Total Assets > Goodwill, Net",2020-12-31,36.74
3034,Balance Sheet,"Total Assets > Goodwill, Net",2021-12-31,36.74
3034,Balance Sheet,"Total Assets > Goodwill, Net",2022-12-31,36.74
3034,Balance Sheet,"Total Assets > Intangibles, Net",2019-12-31,2.87
3034,Balance Sheet,"Total Assets > Intangibles, Net",2020-12-31,1.3
3034,Balance Sheet,"Total Assets > Intangibles, Net",2021-12-31,37.94
3034,Balance Sheet,"Total Assets > Intangibles, Net",2022-12-31,37.83
3034,Balance Sheet,Total Assets > Long Term Investments,2019-12-31,3658.27
3034,Balance Sheet,Total Assets > Long Term Investments,2020-12-31,3703.23
3034,Balance Sheet,Total Assets > Long Term Investments,2021-12-31,504.28
3034,Balance Sheet,Total Assets > Long Term Investments,2022-12-31,545.63
3034,Balance Sheet,Total Assets > Note Receivable - Long Term,2019-12-31,2187.92
3034,Balance Sheet,Total Assets > Note Receivable - Long Term,2020-12-31,1712.3
3034,Balance Sheet,Total Assets > Note Receivable - Long Term,2021-12-31,166.32
3034,Balance Sheet,Total Assets > Note Receivable - Long Term,2022-12-31,237.78
3034,Balance Sheet,"Total Assets > Other Assets, Total",2021-12-31,4040.68
3034,Balance Sheet,"Total Assets > Other Assets, Total",2022-12-31,3463.08
3034,Balance Sheet,"Total Assets > Other Long Term Assets, Total",2019-12-31,75.13
3034,Balance Sheet,"Total Assets > Other Long Term Assets, Total",2020-12-31,106.93
3034,Balance Sheet,"Total Assets > Other Long Term Assets, Total",2021-12-31,2059.7
3034,Balance Sheet,"Total Assets > Other Long Term Assets, Total",2022-12-31,3374.89
3034,Balance Sheet,"Total Assets > Property/Plant/Equipment, Total - Gross",2019-12-31,5415.29
3034,Balance Sheet,"Total Assets > Property/Plant/Equipment, Total - Gross",2020-12-31,5368.62
3034,Balance Sheet,"Total Assets > Property/Plant/Equipment, Total - Gross",2021-12-31,7653.58
3034,Balance Sheet,"Total Assets > Property/Plant/Equipment, Total - Gross",2022-12-31,8082.74
3034,Balance Sheet,"Total Assets > Property/Plant/Equipment, Total - Net",2019-12-31,3529.57
3034,Balance Sheet,"Total Assets > Property/Plant/Equipment, Total - Net",2020-12-31,3385.12
3034,Balance Sheet,"Total Assets > Property/Plant/Equipment, Total - Net",2021-12-31,5561.25
3034,Balance Sheet,"Total Assets > Property/Plant/Equipment, Total - Net",2022-12-31,6084.47
3034,Balance Sheet,Total Common Shares Outstanding,2019-12-31,2489.67
3034,Balance Sheet,Total Common Shares Outstanding,2020-12-31,2489.67
3034,Balance Sheet,Total Common Shares Outstanding,2021-12-31,2489.67
3034,Balance Sheet,Total Common Shares Outstanding,2022-12-31,2489.67
3034,Balance Sheet,Total Current Assets,2019-12-31,7878.2
3034,Balance Sheet,Total Current Assets,2020-12-31,8324.35
3034,Balance Sheet,Total Current Assets,2021-12-31,7524.55
3034,Balance Sheet,Total Current Assets,2022-12-31,6895.64
3034,Balance Sheet,"Total Current Assets > Accounts Receivables - Trade, Net",2019-12-31,2207.65
3034,Balance Sheet,"Total Current Assets > Accounts Receivables - Trade, Net",2020-12-31,2499.35
3034,Balance Sheet,"Total Current Assets > Accounts Receivables - Trade, Net",2021-12-31,1815.5
3034,Balance Sheet,"Total Current Assets > Accounts Receivables - Trade, Net",2022-12-31,1575.49
3034,Balance Sheet,Total Current Assets > Cash,2019-12-31,586.3
3034,Balance Sheet,Total Current Assets > Cash,2020-12-31,308.14
3034,Balance Sheet,Total Current Assets > Cash,2021-12-31,334.1
3034,Balance Sheet,Total Current Assets > Cash & Equivalents,2019-12-31,1217.37
3034,Balance Sheet,Total Current Assets > Cash & Equivalents,2020-12-31,2024.05
3034,Balance Sheet,Total Current Assets > Cash & Equivalents,2021-12-31,1225.96
3034,Balance Sheet,Total Current Assets > Cash & Equivalents,2022-12-31,1431.98
3034,Balance Sheet,Total Current Assets > Cash and Short Term Investments,2019-12-31,2314.21
3034,Balance Sheet,Total Current Assets > Cash and Short Term Investments,2020-12-31,3028.76
3034,Balance Sheet,Total Current Assets > Cash and Short Term Investments,2021-12-31,3093.78
3034,Balance Sheet,Total Current Assets > Cash and Short Term Investments,2022-12-31,2866.17
3034,Balance Sheet,"Total Current Assets > Other Current Assets, Total",2019-12-31,75.19
3034,Balance Sheet,"Total Current Assets > Other Current Assets, Total",2020-12-31,25.4
3034,Balance Sheet,"Total Current Assets > Other Current Assets, Total",2021-12-31,57.82
3034,Balance Sheet,"Total Current Assets > Other Current Assets, Total",2022-12-31,29.01
3034,Balance Sheet,Total Current Assets > Prepaid Expenses,2019-12-31,37.51
3034,Balance Sheet,Total Current Assets > Prepaid Expenses,2020-12-31,34.63
3034,Balance Sheet,Total Current Assets > Prepaid Expenses,2021-12-31,44.2
3034,Balance Sheet,Total Current Assets > Prepaid Expenses,2022-12-31,47.08
3034,Balance Sheet,Total Current Assets > Short Term Investments,2019-12-31,510.53
3034,Balance Sheet,Total Current Assets > Short Term Investments,2020-12-31,696.58
3034,Balance Sheet,Total Current Assets > Short Term Investments,2021-12-31,864.58
3034,Balance Sheet,Total Current Assets > Total Inventory,2019-12-31,2889.37
3034,Balance Sheet,Total Current Assets > Total Inventory,2020-12-31,2376.56
3034,Balance Sheet,Total Current Assets > Total Inventory,2021-12-31,2340.09
3034,Balance Sheet,Total Current Assets > Total Inventory,2022-12-31,2134.08
3034,Balance Sheet,"Total Current Assets > Total Receivables, Net",2019-12-31,2561.92
3034,Balance Sheet,"Total Current Assets > Total Receivables, Net",2020-12-31,2859.0
3034,Balance Sheet,"Total Current Assets > Total Receivables, Net",2021-12-31,1988.67
3034,Balance Sheet,"Total Current Assets > Total Receivables, Net",2022-12-31,1819.28
3034,Balance Sheet,Total Current Liabilities,2019-12-31,5022.77
3034,Balance Sheet,Total Current Liabilities,2020-12-31,4542.27
3034,Balance Sheet,Total Current Liabilities,2021-12-31,3943.22
3034,Balance Sheet,Total Current Liabilities,2022-12-31,4250.75
3034,Balance Sheet,Total Current Liabilities > Accounts Payable,2019-12-31,918.96
3034,Balance Sheet,Total Current Liabilities > Accounts Payable,2020-12-31,542.25
3034,Balance Sheet,Total Current Liabilities > Accounts Payable,2021-12-31,597.34
3034,Balance Sheet,Total Current Liabilities > Accounts Payable,2022-12-31,634.03
3034,Balance Sheet,Total Current Liabilities > Accrued Expenses,2019-12-31,197.19
3034,Balance Sheet,Total Current Liabilities > Accrued Expenses,2020-12-31,214.8
3034,Balance Sheet,Total Current Liabilities > Accrued Expenses,2021-12-31,356.67
3034,Balance Sheet,Total Current Liabilities > Accrued Expenses,2022-12-31,343.66
3034,Balance Sheet,Total Current Liabilities > Current Port. of LT Debt/Capital Leases,2019-12-31,1038.14
3034,Balance Sheet,Total Current Liabilities > Current Port. of LT Debt/Capital Leases,2020-12-31,1457.53
3034,Balance Sheet,Total Current Liabilities > Current Port. of LT Debt/Capital Leases,2021-12-31,709.29
3034,Balance Sheet,Total Current Liabilities > Current Port. of LT Debt/Capital Leases,2022-12-31,1509.15
3034,Balance Sheet,Total Current Liabilities > Notes Payable/Short Term Debt,2019-12-31,2416.7
3034,Balance Sheet,Total Current Liabilities > Notes Payable/Short Term Debt,2020-12-31,1754.59
3034,Balance Sheet,Total Current Liabilities > Notes Payable/Short Term Debt,2021-12-31,1681.48
3034,Balance Sheet,Total Current Liabilities > Notes Payable/Short Term Debt,2022-12-31,1040.7
3034,Balance Sheet,"Total Current Liabilities > Other Current liabilities, Total",2019-12-31,451.78
3034,Balance Sheet,"Total Current Liabilities > Other Current liabilities, Total",2020-12-31,573.1
3034,Balance Sheet,"Total Current Liabilities > Other Current liabilities, Total",2021-12-31,598.44
3034,Balance Sheet,"Total Current Liabilities > Other Current liabilities, Total",2022-12-31,723.21
3034,Balance Sheet,Total Current Liabilities > Payable/Accrued,2019-12-31,1516.19
3034,Balance Sheet,Total Current Liabilities > Payable/Accrued,2020-12-31,1134.2
3034,Balance Sheet,Total Current Liabilities > Payable/Accrued,2021-12-31,1088.24
3034,Balance Sheet,Total Equity,2019-12-31,7340.17
3034,Balance Sheet,Total Equity,2020-12-31,7484.33
3034,Balance Sheet,Total Equity,2021-12-31,8704.76
3034,Balance Sheet,Total Equity,2022-12-31,8994.22
3034,Balance Sheet,"Total Equity > Common Stock, Total",2019-12-31,3519.55
3034,Balance Sheet,"Total Equity > Common Stock, Total",2020-12-31,3519.55
3034,Balance Sheet,"Total Equity > Common Stock, Total",2021-12-31,3519.55
3034,Balance Sheet,"Total Equity > Common Stock, Total",2022-12-31,3519.55
3034,Balance Sheet,"Total Equity > Other Equity, Total",2019-12-31,42.55
3034,Balance Sheet,"Total Equity > Other Equity, Total",2020-12-31,48.7
3034,Balance Sheet,"Total Equity > Other Equity, Total",2021-12-31,1355.74
3034,Balance Sheet,"Total Equity > Other Equity, Total",2022-12-31,1439.22
3034,Balance Sheet,Total Equity > Retained Earnings (Accumulated Deficit),2019-12-31,3704.16
3034,Balance Sheet,Total Equity > Retained Earnings (Accumulated Deficit),2020-12-31,3842.17
3034,Balance Sheet,Total Equity > Retained Earnings (Accumulated Deficit),2021-12-31,3829.58
3034,Balance Sheet,Total Equity > Retained Earnings (Accumulated Deficit),2022-12-31,4035.57
3034,Balance Sheet,Total Equity > Treasury Stock - Common,2019-12-31,-0.11
3034,Balance Sheet,Total Equity > Treasury Stock - Common,2020-12-31,-0.11
3034,Balance Sheet,Total Equity > Treasury Stock - Common,2021-12-31,-0.113
3034,Balance Sheet,Total Equity > Treasury Stock - Common,2022-12-31,-0.113
3034,Balance Sheet,Total Equity > Unrealized Gain (Loss),2019-12-31,74.01
3034,Balance Sheet,Total Equity > Unrealized Gain (Loss),2020-12-31,74.01
3034,Balance Sheet,Total Equity > Unrealized Gain (Loss),2021-12-31,74.01
3034,Balance Sheet,Total Liabilities,2019-12-31,10032.72
3034,Balance Sheet,Total Liabilities,2020-12-31,9785.63
3034,Balance Sheet,Total Liabilities,2021-12-31,8776.46
3034,Balance Sheet,Total Liabilities,2022-12-31,9660.02
3034,Balance Sheet,Total Liabilities & Shareholders' Equity,2019-12-31,17372.88
3034,Balance Sheet,Total Liabilities & Shareholders' Equity,2020-12-31,17269.96
3034,Balance Sheet,Total Liabilities & Shareholders' Equity,2021-12-31,17481.22
3034,Balance Sheet,Total Liabilities & Shareholders' Equity,2022-12-31,18654.24
3034,Balance Sheet,Total Liabilities > Capital Lease Obligations,2019-12-31,111.13
3034,Balance Sheet,Total Liabilities > Capital Lease Obligations,2020-12-31,98.64
3034,Balance Sheet,Total Liabilities > Capital Lease Obligations,2021-12-31,112.98
3034,Balance Sheet,Total Liabilities > Capital Lease Obligations,2022-12-31,117.52
3034,Balance Sheet,Total Liabilities > Deferred Income Tax,2019-12-31,480.21
3034,Balance Sheet,Total Liabilities > Deferred Income Tax,2020-12-31,487.67
3034,Balance Sheet,Total Liabilities > Deferred Income Tax,2021-12-31,491.21
3034,Balance Sheet,Total Liabilities > Deferred Income Tax,2022-12-31,494.11
3034,Balance Sheet,Total Liabilities > Long Term Debt,2019-12-31,2953.54
3034,Balance Sheet,Total Liabilities > Long Term Debt,2020-12-31,3306.76
3034,Balance Sheet,Total Liabilities > Long Term Debt,2021-12-31,3959.91
3034,Balance Sheet,Total Liabilities > Long Term Debt,2022-12-31,4547.24
3034,Balance Sheet,Total Liabilities > Minority Interest,2019-12-31,1278.69
3034,Balance Sheet,Total Liabilities > Minority Interest,2020-12-31,1173.27
3034,Balance Sheet,Total Liabilities > Minority Interest,2021-12-31,1197.37
3034,Balance Sheet,Total Liabilities > Minority Interest,2022-12-31,1320.56
3034,Balance Sheet,"Total Liabilities > Other Liabilities, Total",2019-12-31,186.38
3034,Balance Sheet,"Total Liabilities > Other Liabilities, Total",2020-12-31,177.03
3034,Balance Sheet,"Total Liabilities > Other Liabilities, Total",2021-12-31,-4191.22
3034,Balance Sheet,"Total Liabilities > Other Liabilities, Total",2022-12-31,-4083.65
3034,Balance Sheet,Total Liabilities > Total Long Term Debt,2019-12-31,3064.67
3034,Balance Sheet,Total Liabilities > Total Long Term Debt,2020-12-31,3405.4
3034,Balance Sheet,Total Liabilities > Total Long Term Debt,2021-12-31,4072.89
3034,Balance Sheet,Total Liabilities > Total Long Term Debt,2022-12-31,4664.75
3034,Cash Flow,Beginning Cash Balance,2019-12-31,1831.01
3034,Cash Flow,Beginning Cash Balance,2021-12-31,960.87
3034,Cash Flow,Beginning Cash Balance,2022-12-31,1225.96
3034,Cash Flow,Cash From Financing Activities,2019-12-31,33.08
3034,Cash Flow,Cash From Financing Activities,2020-12-31,-576.73
3034,Cash Flow,Cash From Financing Activities,2021-12-31,-1152.24
3034,Cash Flow,Cash From Financing Activities,2022-12-31,-172.96
3034,Cash Flow,Cash From Financing Activities > Financing Cash Flow Items,2019-12-31,-26.94
3034,Cash Flow,Cash From Financing Activities > Financing Cash Flow Items,2020-12-31,-50.15
3034,Cash Flow,Cash From Financing Activities > Financing Cash Flow Items,2021-12-31,-48.96
3034,Cash Flow,Cash From Financing Activities > Financing Cash Flow Items,2022-12-31,-78.22
3034,Cash Flow,"Cash From Financing Activities > Issuance (Retirement) of Debt, Net",2019-12-31,931.43
3034,Cash Flow,"Cash From Financing Activities > Issuance (Retirement) of Debt, Net",2020-12-31,95.83
3034,Cash Flow,"Cash From Financing Activities > Issuance (Retirement) of Debt, Net",2021-12-31,-231.89
3034,Cash Flow,"Cash From Financing Activities > Issuance (Retirement) of Debt, Net",2022-12-31,652.16
3034,Cash Flow,"Cash From Financing Activities > Issuance (Retirement) of Stock, Net",2019-12-31,-0.02
3034,Cash Flow,Cash From Financing Activities > Total Cash Dividends Paid,2019-12-31,-871.38
3034,Cash Flow,Cash From Financing Activities > Total Cash Dividends Paid,2020-12-31,-622.42
3034,Cash Flow,Cash From Financing Activities > Total Cash Dividends Paid,2021-12-31,-871.38
3034,Cash Flow,Cash From Financing Activities > Total Cash Dividends Paid,2022-12-31,-746.9
3034,Cash Flow,Cash From Investing Activities,2019-12-31,81.85
3034,Cash Flow,Cash From Investing Activities,2020-12-31,-946.84
3034,Cash Flow,Cash From Investing Activities,2021-12-31,-439.37
3034,Cash Flow,Cash From Investing Activities,2022-12-31,460.94
3034,Cash Flow,Cash From Investing Activities > Capital Expenditures,2019-12-31,-265.09
3034,Cash Flow,Cash From Investing Activities > Capital Expenditures,2020-12-31,-135.88
3034,Cash Flow,Cash From Investing Activities > Capital Expenditures,2021-12-31,-580.1
3034,Cash Flow,Cash From Investing Activities > Capital Expenditures,2022-12-31,-632.24
3034,Cash Flow,"Cash From Investing Activities > Other Investing Cash Flow Items, Total",2019-12-31,346.94
3034,Cash Flow,"Cash From Investing Activities > Other Investing Cash Flow Items, Total",2020-12-31,-810.96
3034,Cash Flow,"Cash From Investing Activities > Other Investing Cash Flow Items, Total",2021-12-31,140.73
3034,Cash Flow,"Cash From Investing Activities > Other Investing Cash Flow Items, Total",2022-12-31,1093.18
3034,Cash Flow,Cash From Operating Activities,2019-12-31,366.15
3034,Cash Flow,Cash From Operating Activities,2020-12-31,1387.45
3034,Cash Flow,Cash From Operating Activities,2021-12-31,1848.54
3034,Cash Flow,Cash From Operating Activities,2022-12-31,-85.92
3034,Cash Flow,Cash From Operating Activities > Amortization,2019-12-31,9.04
3034,Cash Flow,Cash From Operating Activities > Amortization,2020-12-31,1.56
3034,Cash Flow,Cash From Operating Activities > Amortization,2021-12-31,0.102
3034,Cash Flow,Cash From Operating Activities > Amortization,2022-12-31,0.102
3034,Cash Flow,Cash From Operating Activities > Cash Interest Paid,2019-12-31,287.58
3034,Cash Flow,Cash From Operating Activities > Cash Interest Paid,2020-12-31,256.8
3034,Cash Flow,Cash From Operating Activities > Cash Interest Paid,2021-12-31,190.5
3034,Cash Flow,Cash From Operating Activities > Cash Interest Paid,2022-12-31,223.22
3034,Cash Flow,Cash From Operating Activities > Cash Taxes Paid,2019-12-31,246.41
3034,Cash Flow,Cash From Operating Activities > Cash Taxes Paid,2020-12-31,291.82
3034,Cash Flow,Cash From Operating Activities > Cash Taxes Paid,2021-12-31,476.07
3034,Cash Flow,Cash From Operating Activities > Cash Taxes Paid,2022-12-31,362.7
3034,Cash Flow,Cash From Operating Activities > Changes in Working Capital,2019-12-31,-990.21
3034,Cash Flow,Cash From Operating Activities > Changes in Working Capital,2020-12-31,-80.82
3034,Cash Flow,Cash From Operating Activities > Changes in Working Capital,2021-12-31,794.08
3034,Cash Flow,Cash From Operating Activities > Changes in Working Capital,2022-12-31,493.02
3034,Cash Flow,Cash From Operating Activities > Depreciation/Depletion,2019-12-31,209.1
3034,Cash Flow,Cash From Operating Activities > Depreciation/Depletion,2020-12-31,208.99
3034,Cash Flow,Cash From Operating Activities > Depreciation/Depletion,2021-12-31,189.47
3034,Cash Flow,Cash From Operating Activities > Depreciation/Depletion,2022-12-31,195.28
3034,Cash Flow,Cash From Operating Activities > Non-Cash Items,2019-12-31,-338.6
3034,Cash Flow,Cash From Operating Activities > Non-Cash Items,2020-12-31,150.78
3034,Cash Flow,Cash From Operating Activities > Non-Cash Items,2021-12-31,-35.44
3034,Cash Flow,Cash From Operating Activities > Non-Cash Items,2022-12-31,-1724.97
3034,Cash Flow,Ending Cash Balance,2019-12-31,2307.58
3034,Cash Flow,Ending Cash Balance,2021-12-31,1225.96
3034,Cash Flow,Ending Cash Balance,2022-12-31,1431.98
3034,Cash Flow,Foreign Exchange Effects,2019-12-31,-4.53
3034,Cash Flow,Foreign Exchange Effects,2020-12-31,6.8
3034,Cash Flow,Foreign Exchange Effects,2021-12-31,8.16
3034,Cash Flow,Free Cash Flow,2019-12-31,46.04
3034,Cash Flow,Free Cash Flow,2021-12-31,1562.33
3034,Cash Flow,Free Cash Flow,2022-12-31,668.24
3034,Cash Flow,Free Cash Flow Growth,2021-12-31,118.67
3034,Cash Flow,Free Cash Flow Growth,2022-12-31,-57.23
3034,Cash Flow,Free Cash Flow Yield,2021-12-31,6.62
3034,Cash Flow,Free Cash Flow Yield,2022-12-31,-4.51
3034,Cash Flow,Net Change in Cash,2019-12-31,476.56
3034,Cash Flow,Net Change in Cash,2020-12-31,-129.32
3034,Cash Flow,Net Change in Cash,2021-12-31,265.08
3034,Cash Flow,Net Change in Cash,2022-12-31,206.02
3034,Cash Flow,Net Income/Starting Line,2019-12-31,1476.81
3034,Cash Flow,Net Income/Starting Line,2020-12-31,1106.93
3034,Cash Flow,Net Income/Starting Line,2021-12-31,900.43
3034,Cash Flow,Net Income/Starting Line,2022-12-31,950.66
3034,Income Statement,"Cost of Revenue, Total",2019-12-31,5392.19
3034,Income Statement,"Cost of Revenue, Total",2020-12-31,4120.63
3034,Income Statement,"Cost of Revenue, Total",2021-12-31,3851.15
3034,Income Statement,"Cost of Revenue, Total",2022-12-31,5450.56
3034,Income Statement,DPS - Common Stock Primary Issue,2019-12-31,0.35
3034,Income Statement,DPS - Common Stock Primary Issue,2020-12-31,0.25
3034,Income Statement,DPS - Common Stock Primary Issue,2021-12-31,0.35
3034,Income Statement,DPS - Common Stock Primary Issue,2022-12-31,0.3
3034,Income Statement,Diluted EPS Excluding Extraordinary Items,2019-12-31,0.47
3034,Income Statement,Diluted EPS Excluding Extraordinary Items,2020-12-31,0.3
3034,Income Statement,Diluted EPS Excluding Extraordinary Items,2021-12-31,0.362
3034,Income Statement,Diluted EPS Excluding Extraordinary Items,2022-12-31,0.382
3034,Income Statement,Diluted Net Income,2019-12-31,1162.87
3034,Income Statement,Diluted Net Income,2020-12-31,750.18
3034,Income Statement,Diluted Net Income,2021-12-31,900.43
3034,Income Statement,Diluted Net Income,2022-12-31,950.66
3034,Income Statement,Diluted Normalized EPS,2019-12-31,0.3
3034,Income Statement,Diluted Normalized EPS,2020-12-31,0.33
3034,Income Statement,Diluted Normalized EPS,2021-12-31,0.32
3034,Income Statement,Diluted Normalized EPS,2022-12-31,0.185
3034,Income Statement,Diluted Weighted Average Shares,2019-12-31,2489.67
3034,Income Statement,Diluted Weighted Average Shares,2020-12-31,2489.67
3034,Income Statement,Diluted Weighted Average Shares,2021-12-31,2489.67
3034,Income Statement,Diluted Weighted Average Shares,2022-12-31,2489.67
3034,Income Statement,Gain (Loss) on Sale of Assets,2021-12-31,9.1
3034,Income Statement,Gain (Loss) on Sale of Assets,2022-12-31,414.51
3034,Income Statement,Gross Profit,2019-12-31,1703.88
3034,Income Statement,Gross Profit,2020-12-31,1729.69
3034,Income Statement,Gross Profit,2021-12-31,2161.6
3034,Income Statement,Gross Profit,2022-12-31,1659.94
3034,Income Statement,Income Available to Common Excluding Extraordinary Items,2019-12-31,1162.87
3034,Income Statement,Income Available to Common Excluding Extraordinary Items,2020-12-31,750.18
3034,Income Statement,Income Available to Common Excluding Extraordinary Items,2021-12-31,900.43
3034,Income Statement,Income Available to Common Excluding Extraordinary Items,2022-12-31,950.66
3034,Income Statement,"Interest Income (Expense), Net Non-Operating",2019-12-31,-232.46
3034,Income Statement,"Interest Income (Expense), Net Non-Operating",2020-12-31,-225.12
3034,Income Statement,"Interest Income (Expense), Net Non-Operating",2021-12-31,-153.39
3034,Income Statement,Minority Interest,2019-12-31,-56.55
3034,Income Statement,Minority Interest,2020-12-31,-48.67
3034,Income Statement,Minority Interest,2021-12-31,1197.37
3034,Income Statement,Minority Interest,2022-12-31,1320.56
3034,Income Statement,Net Income,2019-12-31,1162.87
3034,Income Statement,Net Income,2020-12-31,750.18
3034,Income Statement,Net Income,2021-12-31,900.43
3034,Income Statement,Net Income,2022-12-31,950.66
3034,Income Statement,Net Income After Taxes,2019-12-31,1219.42
3034,Income Statement,Net Income After Taxes,2020-12-31,798.85
3034,Income Statement,Net Income After Taxes,2021-12-31,1005.34
3034,Income Statement,Net Income After Taxes,2022-12-31,1062.88
3034,Income Statement,Net Income Before Extraordinary Items,2019-12-31,1162.87
3034,Income Statement,Net Income Before Extraordinary Items,2020-12-31,750.18
3034,Income Statement,Net Income Before Extraordinary Items,2021-12-31,900.43
3034,Income Statement,Net Income Before Extraordinary Items,2022-12-31,950.66
3034,Income Statement,Net Income Before Taxes,2019-12-31,1476.81
3034,Income Statement,Net Income Before Taxes,2020-12-31,1106.93
3034,Income Statement,Net Income Before Taxes,2021-12-31,1449.9
3034,Income Statement,Net Income Before Taxes,2022-12-31,1330.46
3034,Income Statement,Operating Income,2019-12-31,1645.31
3034,Income Statement,Operating Income,2020-12-31,1228.54
3034,Income Statement,Operating Income,2021-12-31,1591.2
3034,Income Statement,Operating Income,2022-12-31,1044.42
3034,Income Statement,"Other, Net",2019-12-31,63.97
3034,Income Statement,"Other, Net",2020-12-31,103.51
3034,Income Statement,"Other, Net",2021-12-31,132.2
3034,Income Statement,"Other, Net",2022-12-31,-700.55
3034,Income Statement,Provision for Income Taxes,2019-12-31,257.39
3034,Income Statement,Provision for Income Taxes,2020-12-31,308.09
3034,Income Statement,Provision for Income Taxes,2021-12-31,444.55
3034,Income Statement,Provision for Income Taxes,2022-12-31,267.58
3034,Income Statement,Total Operating Expenses,2019-12-31,5450.76
3034,Income Statement,Total Operating Expenses,2020-12-31,4621.79
3034,Income Statement,Total Operating Expenses,2021-12-31,4421.55
3034,Income Statement,Total Operating Expenses,2022-12-31,6066.08
3034,Income Statement,Total Operating Expenses > Interest Expense (Income) - Net Operating,2021-12-31,-176.11
3034,Income Statement,Total Operating Expenses > Interest Expense (Income) - Net Operating,2022-12-31,-155.87
3034,Income Statement,"Total Operating Expenses > Other Operating Expenses, Total",2019-12-31,-7.4
3034,Income Statement,"Total Operating Expenses > Other Operating Expenses, Total",2020-12-31,-59.16
3034,Income Statement,"Total Operating Expenses > Other Operating Expenses, Total",2021-12-31,171.1
3034,Income Statement,"Total Operating Expenses > Other Operating Expenses, Total",2022-12-31,154.71
3034,Income Statement,"Total Operating Expenses > Selling/General/Admin. Expenses, Total",2019-12-31,552.13
3034,Income Statement,"Total Operating Expenses > Selling/General/Admin. Expenses, Total",2020-12-31,548.94
3034,Income Statement,"Total Operating Expenses > Selling/General/Admin. Expenses, Total",2021-12-31,575.41
3034,Income Statement,"Total Operating Expenses > Selling/General/Admin. Expenses, Total",2022-12-31,616.68
3034,Income Statement,Total Operating Expenses > Unusual Expense (Income),2019-12-31,-486.17
3034,Income Statement,Total Operating Expenses > Unusual Expense (Income),2020-12-31,11.38
3034,Income Statement,Total Operating Expenses > Unusual Expense (Income),2021-12-31,6.11
3034,Income Statement,Total Revenue,2019-12-31,7096.07
3034,Income Statement,Total Revenue,2020-12-31,5850.33
3034,Income Statement,Total Revenue,2021-12-31,6012.75
3034,Income Statement,Total Revenue,2022-12-31,7110.5
3034,Income Statement,"Total Revenue > Other Revenue, Total",2021-12-31,288.1
3034,Income Statement,"Total Revenue > Other Revenue, Total",2022-12-31,241.7
3034,Income Statement,Total Revenue > Revenue,2019-12-31,7096.07
3034,Income Statement,Total Revenue > Revenue,2020-12-31,5850.33
3034,Income Statement,Total Revenue > Revenue,2021-12-31,5724.65
3034,Income Statement,Total Revenue > Revenue,2022-12-31,6868.8
3182,Balance Sheet,Total Assets,2019-12-31,102016.4
3182,Balance Sheet,Total Assets,2020-12-31,99641.0
3182,Balance Sheet,Total Assets,2021-12-31,102448.1
3182,Balance Sheet,Total Assets,2022-12-31,102509.6
3182,Balance Sheet,"Total Assets > Accumulated Depreciation, Total",2019-12-31,-19449.7
3182,Balance Sheet,"Total Assets > Accumulated Depreciation, Total",2020-12-31,-21786.8
3182,Balance Sheet,"Total Assets > Accumulated Depreciation, Total",2021-12-31,-23569.1
3182,Balance Sheet,"Total Assets > Accumulated Depreciation, Total",2022-12-31,-26346.7
3182,Balance Sheet,"Total Assets > Goodwill, Net",2019-12-31,971.8
3182,Balance Sheet,"Total Assets > Goodwill, Net",2020-12-31,912.3
3182,Balance Sheet,"Total Assets > Goodwill, Net",2021-12-31,871.0
3182,Balance Sheet,"Total Assets > Goodwill, Net",2022-12-31,901.1
3182,Balance Sheet,"Total Assets > Intangibles, Net",2019-12-31,4767.8
3182,Balance Sheet,"Total Assets > Intangibles, Net",2020-12-31,4276.3
3182,Balance Sheet,"Total Assets > Intangibles, Net",2021-12-31,5028.5
3182,Balance Sheet,"Total Assets > Intangibles, Net",2022-12-31,5101.9
3182,Balance Sheet,Total Assets > Long Term Investments,2019-12-31,6748.1
3182,Balance Sheet,Total Assets > Long Term Investments,2020-12-31,6535.3
3182,Balance Sheet,Total Assets > Long Term Investments,2021-12-31,5348.2
3182,Balance Sheet,Total Assets > Long Term Investments,2022-12-31,5348.0
3182,Balance Sheet,Total Assets > Note Receivable - Long Term,2019-12-31,3922.2
3182,Balance Sheet,Total Assets > Note Receivable - Long Term,2020-12-31,3811.4
3182,Balance Sheet,Total Assets > Note Receivable - Long Term,2021-12-31,955.9
3182,Balance Sheet,Total Assets > Note Receivable - Long Term,2022-12-31,856.8
3182,Balance Sheet,"Total Assets > Other Assets, Total",2021-12-31,1927.0
3182,Balance Sheet,"Total Assets > Other Assets, Total",2022-12-31,2403.8
3182,Balance Sheet,"Total Assets > Other Long Term Assets, Total",2019-12-31,423.3
3182,Balance Sheet,"Total Assets > Other Long Term Assets, Total",2020-12-31,171.5
3182,Balance Sheet,"Total Assets > Other Long Term Assets, Total",2021-12-31,2557.4
3182,Balance Sheet,"Total Assets > Other Long Term Assets, Total",2022-12-31,2676.8
3182,Balance Sheet,"Total Assets > Property/Plant/Equipment, Total - Gross",2019-12-31,68382.4
3182,Balance Sheet,"Total Assets > Property/Plant/Equipment, Total - Gross",2020-12-31,74256.0
3182,Balance Sheet,"Total Assets > Property/Plant/Equipment, Total - Gross",2021-12-31,82665.1
3182,Balance Sheet,"Total Assets > Property/Plant/Equipment, Total - Gross",2022-12-31,85356.6
3182,Balance Sheet,"Total Assets > Property/Plant/Equipment, Total - Net",2019-12-31,48932.7
3182,Balance Sheet,"Total Assets > Property/Plant/Equipment, Total - Net",2020-12-31,52469.2
3182,Balance Sheet,"Total Assets > Property/Plant/Equipment, Total - Net",2021-12-31,59096.0
3182,Balance Sheet,"Total Assets > Property/Plant/Equipment, Total - Net",2022-12-31,59009.9
3182,Balance Sheet,Total Common Shares Outstanding,2019-12-31,3850.58
3182,Balance Sheet,Total Common Shares Outstanding,2020-12-31,3850.58
3182,Balance Sheet,Total Common Shares Outstanding,2021-12-31,3850.58
3182,Balance Sheet,Total Common Shares Outstanding,2022-12-31,3850.58
3182,Balance Sheet,Total Current Assets,2019-12-31,36250.5
3182,Balance Sheet,Total Current Assets,2020-12-31,31465.0
3182,Balance Sheet,Total Current Assets,2021-12-31,26880.2
3182,Balance Sheet,Total Current Assets,2022-12-31,26461.3
3182,Balance Sheet,"Total Current Assets > Accounts Receivables - Trade, Net",2019-12-31,1254.5
3182,Balance Sheet,"Total Current Assets > Accounts Receivables - Trade, Net",2020-12-31,966.3
3182,Balance Sheet,"Total Current Assets > Accounts Receivables - Trade, Net",2021-12-31,1384.1
3182,Balance Sheet,"Total Current Assets > Accounts Receivables - Trade, Net",2022-12-31,1536.0
3182,Balance Sheet,Total Current Assets > Cash,2019-12-31,9169.0
3182,Balance Sheet,Total Current Assets > Cash,2020-12-31,10493.2
3182,Balance Sheet,Total Current Assets > Cash,2021-12-31,6301.1
3182,Balance Sheet,Total Current Assets > Cash & Equivalents,2019-12-31,4192.5
3182,Balance Sheet,Total Current Assets > Cash & Equivalents,2020-12-31,1929.9
3182,Balance Sheet,Total Current Assets > Cash & Equivalents,2021-12-31,22581.9
3182,Balance Sheet,Total Current Assets > Cash & Equivalents,2022-12-31,21918.8
3182,Balance Sheet,Total Current Assets > Cash and Short Term Investments,2019-12-31,32908.7
3182,Balance Sheet,Total Current Assets > Cash and Short Term Investments,2020-12-31,28117.0
3182,Balance Sheet,Total Current Assets > Cash and Short Term Investments,2021-12-31,22941.5
3182,Balance Sheet,Total Current Assets > Cash and Short Term Investments,2022-12-31,22260.7
3182,Balance Sheet,"Total Current Assets > Other Current Assets, Total",2019-12-31,103.0
3182,Balance Sheet,"Total Current Assets > Other Current Assets, Total",2020-12-31,542.2
3182,Balance Sheet,"Total Current Assets > Other Current Assets, Total",2021-12-31,585.1
3182,Balance Sheet,"Total Current Assets > Other Current Assets, Total",2022-12-31,618.8
3182,Balance Sheet,Total Current Assets > Prepaid Expenses,2019-12-31,237.9
3182,Balance Sheet,Total Current Assets > Prepaid Expenses,2020-12-31,259.2
3182,Balance Sheet,Total Current Assets > Prepaid Expenses,2021-12-31,358.1
3182,Balance Sheet,Total Current Assets > Prepaid Expenses,2022-12-31,363.7
3182,Balance Sheet,Total Current Assets > Short Term Investments,2019-12-31,19547.2
3182,Balance Sheet,Total Current Assets > Short Term Investments,2020-12-31,15693.9
3182,Balance Sheet,Total Current Assets > Short Term Investments,2021-12-31,261.4
3182,Balance Sheet,Total Current Assets > Short Term Investments,2022-12-31,295.8
3182,Balance Sheet,Total Current Assets > Total Inventory,2019-12-31,721.3
3182,Balance Sheet,Total Current Assets > Total Inventory,2020-12-31,601.6
3182,Balance Sheet,Total Current Assets > Total Inventory,2021-12-31,655.5
3182,Balance Sheet,Total Current Assets > Total Inventory,2022-12-31,825.3
3182,Balance Sheet,"Total Current Assets > Total Receivables, Net",2019-12-31,2279.6
3182,Balance Sheet,"Total Current Assets > Total Receivables, Net",2020-12-31,1945.0
3182,Balance Sheet,"Total Current Assets > Total Receivables, Net",2021-12-31,2340.0
3182,Balance Sheet,"Total Current Assets > Total Receivables, Net",2022-12-31,2392.8
3182,Balance Sheet,Total Current Liabilities,2019-12-31,9429.5
3182,Balance Sheet,Total Current Liabilities,2020-12-31,7073.9
3182,Balance Sheet,Total Current Liabilities,2021-12-31,8584.6
3182,Balance Sheet,Total Current Liabilities,2022-12-31,8957.6
3182,Balance Sheet,Total Current Liabilities > Accounts Payable,2019-12-31,810.1
3182,Balance Sheet,Total Current Liabilities > Accounts Payable,2020-12-31,671.0
3182,Balance Sheet,Total Current Liabilities > Accounts Payable,2021-12-31,717.6
3182,Balance Sheet,Total Current Liabilities > Accounts Payable,2022-12-31,767.6
3182,Balance Sheet,Total Current Liabilities > Accrued Expenses,2019-12-31,3504.4
3182,Balance Sheet,Total Current Liabilities > Accrued Expenses,2020-12-31,3085.9
3182,Balance Sheet,Total Current Liabilities > Accrued Expenses,2021-12-31,2263.1
3182,Balance Sheet,Total Current Liabilities > Accrued Expenses,2022-12-31,2925.9
3182,Balance Sheet,Total Current Liabilities > Current Port. of LT Debt/Capital Leases,2019-12-31,2847.8
3182,Balance Sheet,Total Current Liabilities > Current Port. of LT Debt/Capital Leases,2020-12-31,1621.3
3182,Balance Sheet,Total Current Liabilities > Current Port. of LT Debt/Capital Leases,2021-12-31,2904.2
3182,Balance Sheet,Total Current Liabilities > Current Port. of LT Debt/Capital Leases,2022-12-31,2414.3
3182,Balance Sheet,Total Current Liabilities > Notes Payable/Short Term Debt,2019-12-31,3.4
3182,Balance Sheet,Total Current Liabilities > Notes Payable/Short Term Debt,2020-12-31,3.0
3182,Balance Sheet,Total Current Liabilities > Notes Payable/Short Term Debt,2021-12-31,3.3
3182,Balance Sheet,"Total Current Liabilities > Other Current liabilities, Total",2019-12-31,2263.8
3182,Balance Sheet,"Total Current Liabilities > Other Current liabilities, Total",2020-12-31,1692.7
3182,Balance Sheet,"Total Current Liabilities > Other Current liabilities, Total",2021-12-31,2699.7
3182,Balance Sheet,"Total Current Liabilities > Other Current liabilities, Total",2022-12-31,2849.8
3182,Balance Sheet,Total Current Liabilities > Payable/Accrued,2019-12-31,5747.3
3182,Balance Sheet,Total Current Liabilities > Payable/Accrued,2020-12-31,4952.02
3182,Balance Sheet,Total Current Liabilities > Payable/Accrued,2021-12-31,5212.84
3182,Balance Sheet,Total Equity,2019-12-31,35332.2
3182,Balance Sheet,Total Equity,2020-12-31,32965.4
3182,Balance Sheet,Total Equity,2021-12-31,53158.6
3182,Balance Sheet,Total Equity,2022-12-31,52889.9
3182,Balance Sheet,"Total Equity > Common Stock, Total",2019-12-31,3056.2
3182,Balance Sheet,"Total Equity > Common Stock, Total",2020-12-31,3056.2
3182,Balance Sheet,"Total Equity > Common Stock, Total",2021-12-31,3056.2
3182,Balance Sheet,"Total Equity > Common Stock, Total",2022-12-31,3056.2
3182,Balance Sheet,"Total Equity > Other Equity, Total",2019-12-31,-1416.3
3182,Balance Sheet,"Total Equity > Other Equity, Total",2020-12-31,-1824.5
3182,Balance Sheet,"Total Equity > Other Equity, Total",2021-12-31,19665.4
3182,Balance Sheet,"Total Equity > Other Equity, Total",2022-12-31,20333.5
3182,Balance Sheet,Total Equity > Retained Earnings (Accumulated Deficit),2019-12-31,34130.2
3182,Balance Sheet,Total Equity > Retained Earnings (Accumulated Deficit),2020-12-31,32262.7
3182,Balance Sheet,Total Equity > Retained Earnings (Accumulated Deficit),2021-12-31,30658.2
3182,Balance Sheet,Total Equity > Retained Earnings (Accumulated Deficit),2022-12-31,29721.4
3182,Balance Sheet,Total Equity > Treasury Stock - Common,2019-12-31,-221.2
3182,Balance Sheet,Total Equity > Treasury Stock - Common,2020-12-31,-221.2
3182,Balance Sheet,Total Equity > Treasury Stock - Common,2021-12-31,-221.2
3182,Balance Sheet,Total Equity > Treasury Stock - Common,2022-12-31,-221.2
3182,Balance Sheet,Total Equity > Unrealized Gain (Loss),2019-12-31,-216.7
3182,Balance Sheet,Total Equity > Unrealized Gain (Loss),2020-12-31,-307.8
3182,Balance Sheet,Total Equity > Unrealized Gain (Loss),2021-12-31,-667.9
3182,Balance Sheet,Total Liabilities,2019-12-31,66684.2
3182,Balance Sheet,Total Liabilities,2020-12-31,66675.6
3182,Balance Sheet,Total Liabilities,2021-12-31,49289.5
3182,Balance Sheet,Total Liabilities,2022-12-31,49619.7
3182,Balance Sheet,Total Liabilities & Shareholders' Equity,2019-12-31,102016.4
3182,Balance Sheet,Total Liabilities & Shareholders' Equity,2020-12-31,99641.0
3182,Balance Sheet,Total Liabilities & Shareholders' Equity,2021-12-31,102448.1
3182,Balance Sheet,Total Liabilities & Shareholders' Equity,2022-12-31,102509.6
3182,Balance Sheet,Total Liabilities > Capital Lease Obligations,2019-12-31,818.0
3182,Balance Sheet,Total Liabilities > Capital Lease Obligations,2020-12-31,791.2
3182,Balance Sheet,Total Liabilities > Capital Lease Obligations,2021-12-31,723.3
3182,Balance Sheet,Total Liabilities > Capital Lease Obligations,2022-12-31,757.1
3182,Balance Sheet,Total Liabilities > Deferred Income Tax,2019-12-31,2170.3
3182,Balance Sheet,Total Liabilities > Deferred Income Tax,2020-12-31,1992.1
3182,Balance Sheet,Total Liabilities > Deferred Income Tax,2021-12-31,2007.3
3182,Balance Sheet,Total Liabilities > Deferred Income Tax,2022-12-31,2308.6
3182,Balance Sheet,Total Liabilities > Long Term Debt,2019-12-31,29390.2
3182,Balance Sheet,Total Liabilities > Long Term Debt,2020-12-31,34351.9
3182,Balance Sheet,Total Liabilities > Long Term Debt,2021-12-31,37114.5
3182,Balance Sheet,Total Liabilities > Long Term Debt,2022-12-31,36743.3
3182,Balance Sheet,Total Liabilities > Minority Interest,2019-12-31,23941.8
3182,Balance Sheet,Total Liabilities > Minority Interest,2020-12-31,21561.0
3182,Balance Sheet,Total Liabilities > Minority Interest,2021-12-31,21364.5
3182,Balance Sheet,Total Liabilities > Minority Interest,2022-12-31,21214.8
3182,Balance Sheet,"Total Liabilities > Other Liabilities, Total",2019-12-31,934.4
3182,Balance Sheet,"Total Liabilities > Other Liabilities, Total",2020-12-31,905.5
3182,Balance Sheet,"Total Liabilities > Other Liabilities, Total",2021-12-31,-24065.8
3182,Balance Sheet,"Total Liabilities > Other Liabilities, Total",2022-12-31,-23989.1
3182,Balance Sheet,Total Liabilities > Total Long Term Debt,2019-12-31,30208.2
3182,Balance Sheet,Total Liabilities > Total Long Term Debt,2020-12-31,35143.1
3182,Balance Sheet,Total Liabilities > Total Long Term Debt,2021-12-31,37837.8
3182,Balance Sheet,Total Liabilities > Total Long Term Debt,2022-12-31,37500.4
3182,Cash Flow,Beginning Cash Balance,2019-12-31,14067.2
3182,Cash Flow,Beginning Cash Balance,2021-12-31,25974.3
3182,Cash Flow,Beginning Cash Balance,2022-12-31,22581.9
3182,Cash Flow,Cash From Financing Activities,2019-12-31,-630.8
3182,Cash Flow,Cash From Financing Activities,2020-12-31,861.0
3182,Cash Flow,Cash From Financing Activities,2021-12-31,474.0
3182,Cash Flow,Cash From Financing Activities,2022-12-31,-5959.3
3182,Cash Flow,Cash From Financing Activities > Financing Cash Flow Items,2019-12-31,-2517.3
3182,Cash Flow,Cash From Financing Activities > Financing Cash Flow Items,2020-12-31,-2670.8
3182,Cash Flow,Cash From Financing Activities > Financing Cash Flow Items,2021-12-31,-2372.7
3182,Cash Flow,Cash From Financing Activities > Financing Cash Flow Items,2022-12-31,-2746.6
3182,Cash Flow,"Cash From Financing Activities > Issuance (Retirement) of Debt, Net",2019-12-31,2607.2
3182,Cash Flow,"Cash From Financing Activities > Issuance (Retirement) of Debt, Net",2020-12-31,4409.0
3182,Cash Flow,"Cash From Financing Activities > Issuance (Retirement) of Debt, Net",2021-12-31,2846.7
3182,Cash Flow,"Cash From Financing Activities > Issuance (Retirement) of Debt, Net",2022-12-31,-2519.6
3182,Cash Flow,"Cash From Financing Activities > Issuance (Retirement) of Stock, Net",2019-12-31,30.1
3182,Cash Flow,"Cash From Financing Activities > Issuance (Retirement) of Stock, Net",2020-12-31,-30.1
3182,Cash Flow,"Cash From Financing Activities > Issuance (Retirement) of Stock, Net",2021-12-31,0.5
3182,Cash Flow,Cash From Financing Activities > Total Cash Dividends Paid,2019-12-31,-750.8
3182,Cash Flow,Cash From Financing Activities > Total Cash Dividends Paid,2020-12-31,-847.1
3182,Cash Flow,Cash From Financing Activities > Total Cash Dividends Paid,2021-12-31,-327.3
3182,Cash Flow,Cash From Financing Activities > Total Cash Dividends Paid,2022-12-31,-693.1
3182,Cash Flow,Cash From Investing Activities,2019-12-31,-6845.1
3182,Cash Flow,Cash From Investing Activities,2020-12-31,-5524.6
3182,Cash Flow,Cash From Investing Activities,2021-12-31,-7476.5
3182,Cash Flow,Cash From Investing Activities,2022-12-31,-2953.1
3182,Cash Flow,Cash From Investing Activities > Capital Expenditures,2019-12-31,-6898.5
3182,Cash Flow,Cash From Investing Activities > Capital Expenditures,2020-12-31,-6459.8
3182,Cash Flow,Cash From Investing Activities > Capital Expenditures,2021-12-31,-6035.2
3182,Cash Flow,Cash From Investing Activities > Capital Expenditures,2022-12-31,-2081.6
3182,Cash Flow,"Cash From Investing Activities > Other Investing Cash Flow Items, Total",2019-12-31,53.4
3182,Cash Flow,"Cash From Investing Activities > Other Investing Cash Flow Items, Total",2020-12-31,935.2
3182,Cash Flow,"Cash From Investing Activities > Other Investing Cash Flow Items, Total",2021-12-31,-1441.3
3182,Cash Flow,"Cash From Investing Activities > Other Investing Cash Flow Items, Total",2022-12-31,-871.5
3182,Cash Flow,Cash From Operating Activities,2019-12-31,6792.4
3182,Cash Flow,Cash From Operating Activities,2020-12-31,1060.8
3182,Cash Flow,Cash From Operating Activities,2021-12-31,3012.8
3182,Cash Flow,Cash From Operating Activities,2022-12-31,7308.0
3182,Cash Flow,Cash From Operating Activities > Amortization,2021-12-31,184.9
3182,Cash Flow,Cash From Operating Activities > Amortization,2022-12-31,201.5
3182,Cash Flow,Cash From Operating Activities > Cash Interest Paid,2019-12-31,1409.4
3182,Cash Flow,Cash From Operating Activities > Cash Interest Paid,2020-12-31,1539.2
3182,Cash Flow,Cash From Operating Activities > Cash Interest Paid,2021-12-31,1518.6
3182,Cash Flow,Cash From Operating Activities > Cash Interest Paid,2022-12-31,1747.2
3182,Cash Flow,Cash From Operating Activities > Cash Taxes Paid,2019-12-31,1123.8
3182,Cash Flow,Cash From Operating Activities > Cash Taxes Paid,2020-12-31,779.4
3182,Cash Flow,Cash From Operating Activities > Cash Taxes Paid,2021-12-31,539.9
3182,Cash Flow,Cash From Operating Activities > Cash Taxes Paid,2022-12-31,687.1
3182,Cash Flow,Cash From Operating Activities > Changes in Working Capital,2019-12-31,-1198.0
3182,Cash Flow,Cash From Operating Activities > Changes in Working Capital,2020-12-31,-1397.7
3182,Cash Flow,Cash From Operating Activities > Changes in Working Capital,2021-12-31,167.2
3182,Cash Flow,Cash From Operating Activities > Changes in Working Capital,2022-12-31,536.5
3182,Cash Flow,Cash From Operating Activities > Depreciation/Depletion,2019-12-31,2631.9
3182,Cash Flow,Cash From Operating Activities > Depreciation/Depletion,2020-12-31,2426.1
3182,Cash Flow,Cash From Operating Activities > Depreciation/Depletion,2021-12-31,2764.3
3182,Cash Flow,Cash From Operating Activities > Depreciation/Depletion,2022-12-31,3724.6
3182,Cash Flow,Cash From Operating Activities > Non-Cash Items,2019-12-31,775.9
3182,Cash Flow,Cash From Operating Activities > Non-Cash Items,2020-12-31,1558.9
3182,Cash Flow,Cash From Operating Activities > Non-Cash Items,2021-12-31,1451.0
3182,Cash Flow,Cash From Operating Activities > Non-Cash Items,2022-12-31,3346.8
3182,Cash Flow,Ending Cash Balance,2019-12-31,13361.5
3182,Cash Flow,Ending Cash Balance,2021-12-31,22581.9
3182,Cash Flow,Ending Cash Balance,2022-12-31,21918.8
3182,Cash Flow,Foreign Exchange Effects,2019-12-31,-22.2
3182,Cash Flow,Foreign Exchange Effects,2020-12-31,-705.1
3182,Cash Flow,Foreign Exchange Effects,2021-12-31,12.1
3182,Cash Flow,Foreign Exchange Effects,2022-12-31,-251.9
3182,Cash Flow,Free Cash Flow,2019-12-31,-26.200000000001
3182,Cash Flow,Free Cash Flow,2021-12-31,-3467.35
3182,Cash Flow,Free Cash Flow,2022-12-31,3266.11
3182,Cash Flow,Free Cash Flow Growth,2021-12-31,35.67
3182,Cash Flow,Free Cash Flow Growth,2022-12-31,194.2
3182,Cash Flow,Free Cash Flow Yield,2021-12-31,-17.03
3182,Cash Flow,Free Cash Flow Yield,2022-12-31,28.68
3182,Cash Flow,Net Change in Cash,2019-12-31,-705.7
3182,Cash Flow,Net Change in Cash,2020-12-31,-4307.9
3182,Cash Flow,Net Change in Cash,2021-12-31,-3392.4
3182,Cash Flow,Net Change in Cash,2022-12-31,-663.1
3182,Cash Flow,Net Income/Starting Line,2019-12-31,4582.6
3182,Cash Flow,Net Income/Starting Line,2020-12-31,-1526.5
3182,Cash Flow,Net Income/Starting Line,2021-12-31,-1369.7
3182,Cash Flow,Net Income/Starting Line,2022-12-31,-299.9
3182,Income Statement,"Cost of Revenue, Total",2019-12-31,14325.4
3182,Income Statement,"Cost of Revenue, Total",2020-12-31,9570.8
3182,Income Statement,"Cost of Revenue, Total",2021-12-31,10091.6
3182,Income Statement,"Cost of Revenue, Total",2022-12-31,15693.6
3182,Income Statement,DPS - Common Stock Primary Issue,2019-12-31,0.12
3182,Income Statement,DPS - Common Stock Primary Issue,2020-12-31,0.07
3182,Income Statement,DPS - Common Stock Primary Issue,2021-12-31,0.11
3182,Income Statement,DPS - Common Stock Primary Issue,2022-12-31,0.16
3182,Income Statement,Diluted EPS Excluding Extraordinary Items,2019-12-31,0.52
3182,Income Statement,Diluted EPS Excluding Extraordinary Items,2020-12-31,-0.27
3182,Income Statement,Diluted EPS Excluding Extraordinary Items,2021-12-31,-0.356
3182,Income Statement,Diluted EPS Excluding Extraordinary Items,2022-12-31,-0.078
3182,Income Statement,Diluted Net Income,2019-12-31,1991.1
3182,Income Statement,Diluted Net Income,2020-12-31,-1024.2
3182,Income Statement,Diluted Net Income,2021-12-31,-1370.8
3182,Income Statement,Diluted Net Income,2022-12-31,-300.1
3182,Income Statement,Diluted Normalized EPS,2019-12-31,0.57
3182,Income Statement,Diluted Normalized EPS,2020-12-31,-0.13
3182,Income Statement,Diluted Normalized EPS,2021-12-31,-0.117
3182,Income Statement,Diluted Normalized EPS,2022-12-31,0.205
3182,Income Statement,Diluted Weighted Average Shares,2019-12-31,3850.6
3182,Income Statement,Diluted Weighted Average Shares,2020-12-31,3850.6
3182,Income Statement,Diluted Weighted Average Shares,2021-12-31,3850.6
3182,Income Statement,Diluted Weighted Average Shares,2022-12-31,3850.6
3182,Income Statement,Dilution Adjustment,2019-12-31,-4.7
3182,Income Statement,Dilution Adjustment,2021-12-31,1.1
3182,Income Statement,Dilution Adjustment,2022-12-31,0.2
3182,Income Statement,Gain (Loss) on Sale of Assets,2021-12-31,152.5
3182,Income Statement,Gain (Loss) on Sale of Assets,2022-12-31,-82.1
3182,Income Statement,Gross Profit,2019-12-31,7291.1
3182,Income Statement,Gross Profit,2020-12-31,1993.3
3182,Income Statement,Gross Profit,2021-12-31,3437.9
3182,Income Statement,Gross Profit,2022-12-31,6690.1
3182,Income Statement,Income Available to Common Excluding Extraordinary Items,2019-12-31,1995.8
3182,Income Statement,Income Available to Common Excluding Extraordinary Items,2020-12-31,-1024.2
3182,Income Statement,Income Available to Common Excluding Extraordinary Items,2021-12-31,-1369.7
3182,Income Statement,Income Available to Common Excluding Extraordinary Items,2022-12-31,-299.9
3182,Income Statement,"Interest Income (Expense), Net Non-Operating",2019-12-31,-857.5
3182,Income Statement,"Interest Income (Expense), Net Non-Operating",2020-12-31,-1043.1
3182,Income Statement,"Interest Income (Expense), Net Non-Operating",2021-12-31,-1483.8
3182,Income Statement,Minority Interest,2019-12-31,-1685.3
3182,Income Statement,Minority Interest,2020-12-31,1049.8
3182,Income Statement,Minority Interest,2021-12-31,21364.5
3182,Income Statement,Minority Interest,2022-12-31,21214.8
3182,Income Statement,Net Income,2019-12-31,1995.8
3182,Income Statement,Net Income,2020-12-31,-1024.2
3182,Income Statement,Net Income,2021-12-31,-1369.7
3182,Income Statement,Net Income,2022-12-31,-299.9
3182,Income Statement,Net Income After Taxes,2019-12-31,3681.1
3182,Income Statement,Net Income After Taxes,2020-12-31,-2074.0
3182,Income Statement,Net Income After Taxes,2021-12-31,-1413.1
3182,Income Statement,Net Income After Taxes,2022-12-31,44.5
3182,Income Statement,Net Income Before Extraordinary Items,2019-12-31,1995.8
3182,Income Statement,Net Income Before Extraordinary Items,2020-12-31,-1024.2
3182,Income Statement,Net Income Before Extraordinary Items,2021-12-31,-1369.7
3182,Income Statement,Net Income Before Extraordinary Items,2022-12-31,-299.9
3182,Income Statement,Net Income Before Taxes,2019-12-31,4582.6
3182,Income Statement,Net Income Before Taxes,2020-12-31,-1526.5
3182,Income Statement,Net Income Before Taxes,2021-12-31,-970.8
3182,Income Statement,Net Income Before Taxes,2022-12-31,1265.1
3182,Income Statement,Operating Income,2019-12-31,5590.3
3182,Income Statement,Operating Income,2020-12-31,-384.4
3182,Income Statement,Operating Income,2021-12-31,593.3
3182,Income Statement,Operating Income,2022-12-31,3840.8
3182,Income Statement,"Other, Net",2019-12-31,-150.2
3182,Income Statement,"Other, Net",2020-12-31,-99.0
3182,Income Statement,"Other, Net",2021-12-31,1411.6
3182,Income Statement,"Other, Net",2022-12-31,2657.8
3182,Income Statement,Provision for Income Taxes,2019-12-31,901.5
3182,Income Statement,Provision for Income Taxes,2020-12-31,547.5
3182,Income Statement,Provision for Income Taxes,2021-12-31,442.3
3182,Income Statement,Provision for Income Taxes,2022-12-31,1220.6
3182,Income Statement,Total Operating Expenses,2019-12-31,16026.2
3182,Income Statement,Total Operating Expenses,2020-12-31,11948.5
3182,Income Statement,Total Operating Expenses,2021-12-31,12936.2
3182,Income Statement,Total Operating Expenses,2022-12-31,18542.9
3182,Income Statement,Total Operating Expenses > Depreciation / Amortization,2022-12-31,3724.57
3182,Income Statement,Total Operating Expenses > Interest Expense (Income) - Net Operating,2019-12-31,-11.4
3182,Income Statement,Total Operating Expenses > Interest Expense (Income) - Net Operating,2020-12-31,-27.8
3182,Income Statement,Total Operating Expenses > Interest Expense (Income) - Net Operating,2021-12-31,-1148.1
3182,Income Statement,Total Operating Expenses > Interest Expense (Income) - Net Operating,2022-12-31,-1725.1
3182,Income Statement,"Total Operating Expenses > Other Operating Expenses, Total",2019-12-31,-868.3
3182,Income Statement,"Total Operating Expenses > Other Operating Expenses, Total",2020-12-31,-141.2
3182,Income Statement,"Total Operating Expenses > Other Operating Expenses, Total",2021-12-31,1288.7
3182,Income Statement,"Total Operating Expenses > Other Operating Expenses, Total",2022-12-31,1613.9
3182,Income Statement,Total Operating Expenses > Research & Development,2021-12-31,89.0
3182,Income Statement,Total Operating Expenses > Research & Development,2022-12-31,111.2
3182,Income Statement,"Total Operating Expenses > Selling/General/Admin. Expenses, Total",2019-12-31,2181.8
3182,Income Statement,"Total Operating Expenses > Selling/General/Admin. Expenses, Total",2020-12-31,1690.0
3182,Income Statement,"Total Operating Expenses > Selling/General/Admin. Expenses, Total",2021-12-31,2615.0
3182,Income Statement,"Total Operating Expenses > Selling/General/Admin. Expenses, Total",2022-12-31,2849.3
3182,Income Statement,Total Operating Expenses > Unusual Expense (Income),2019-12-31,398.7
3182,Income Statement,Total Operating Expenses > Unusual Expense (Income),2020-12-31,856.7
3182,Income Statement,Total Operating Expenses > Unusual Expense (Income),2021-12-31,560.0
3182,Income Statement,Total Revenue,2019-12-31,21616.5
3182,Income Statement,Total Revenue,2020-12-31,11564.1
3182,Income Statement,Total Revenue,2021-12-31,13529.5
3182,Income Statement,Total Revenue,2022-12-31,22383.7
3182,Income Statement,Total Revenue > Revenue,2019-12-31,21616.5
3182,Income Statement,Total Revenue > Revenue,2020-12-31,11564.1
3182,Income Statement,Total Revenue > Revenue,2021-12-31,13529.5
3182,Income Statement,Total Revenue > Revenue,2022-12-31,22383.7
3336,Balance Sheet,Total Assets,2020-03-31,23453.27
3336,Balance Sheet,Total Assets,2021-03-31,23486.45
3336,Balance Sheet,Total Assets,2022-03-31,21012.05
3336,Balance Sheet,Total Assets,2023-03-31,20510.6
3336,Balance Sheet,"Total Assets > Accumulated Depreciation, Total",2020-03-31,-1912.23
3336,Balance Sheet,"Total Assets > Accumulated Depreciation, Total",2021-03-31,-2047.12
3336,Balance Sheet,"Total Assets > Accumulated Depreciation, Total",2022-03-31,-879.04
3336,Balance Sheet,"Total Assets > Goodwill, Net",2020-03-31,79.46
3336,Balance Sheet,"Total Assets > Goodwill, Net",2021-03-31,79.74
3336,Balance Sheet,"Total Assets > Goodwill, Net",2022-03-31,79.74
3336,Balance Sheet,"Total Assets > Intangibles, Net",2020-03-31,3808.05
3336,Balance Sheet,"Total Assets > Intangibles, Net",2021-03-31,15.06
3336,Balance Sheet,"Total Assets > Intangibles, Net",2022-03-31,13.83
3336,Balance Sheet,"Total Assets > Intangibles, Net",2023-03-31,125.41
3336,Balance Sheet,Total Assets > Long Term Investments,2020-03-31,2430.89
3336,Balance Sheet,Total Assets > Long Term Investments,2021-03-31,1750.71
3336,Balance Sheet,Total Assets > Long Term Investments,2022-03-31,1433.07
3336,Balance Sheet,Total Assets > Long Term Investments,2023-03-31,1495.23
3336,Balance Sheet,Total Assets > Note Receivable - Long Term,2020-03-31,220.73
3336,Balance Sheet,Total Assets > Note Receivable - Long Term,2021-03-31,312.12
3336,Balance Sheet,Total Assets > Note Receivable - Long Term,2022-03-31,298.15
3336,Balance Sheet,Total Assets > Note Receivable - Long Term,2023-03-31,98.9
3336,Balance Sheet,"Total Assets > Other Assets, Total",2021-03-31,12256.32
3336,Balance Sheet,"Total Assets > Other Assets, Total",2022-03-31,11941.65
3336,Balance Sheet,"Total Assets > Other Assets, Total",2023-03-31,9891.91
3336,Balance Sheet,"Total Assets > Other Long Term Assets, Total",2020-03-31,1126.51
3336,Balance Sheet,"Total Assets > Other Long Term Assets, Total",2021-03-31,1408.69
3336,Balance Sheet,"Total Assets > Other Long Term Assets, Total",2022-03-31,1208.24
3336,Balance Sheet,"Total Assets > Other Long Term Assets, Total",2023-03-31,1384.86
3336,Balance Sheet,"Total Assets > Property/Plant/Equipment, Total - Gross",2020-03-31,4935.4
3336,Balance Sheet,"Total Assets > Property/Plant/Equipment, Total - Gross",2021-03-31,5119.8
3336,Balance Sheet,"Total Assets > Property/Plant/Equipment, Total - Gross",2022-03-31,2119.5
3336,Balance Sheet,"Total Assets > Property/Plant/Equipment, Total - Net",2020-03-31,3023.18
3336,Balance Sheet,"Total Assets > Property/Plant/Equipment, Total - Net",2021-03-31,3072.69
3336,Balance Sheet,"Total Assets > Property/Plant/Equipment, Total - Net",2022-03-31,1240.46
3336,Balance Sheet,"Total Assets > Property/Plant/Equipment, Total - Net",2023-03-31,1212.56
3336,Balance Sheet,Total Common Shares Outstanding,2020-03-31,3629.45
3336,Balance Sheet,Total Common Shares Outstanding,2021-03-31,3617.39
3336,Balance Sheet,Total Common Shares Outstanding,2022-03-31,3532.16
3336,Balance Sheet,Total Common Shares Outstanding,2023-03-31,3512.9
3336,Balance Sheet,Total Current Assets,2020-03-31,12764.45
3336,Balance Sheet,Total Current Assets,2021-03-31,12600.62
3336,Balance Sheet,Total Current Assets,2022-03-31,12358.9
3336,Balance Sheet,Total Current Assets,2023-03-31,11834.45
3336,Balance Sheet,"Total Current Assets > Accounts Receivables - Trade, Net",2020-03-31,1719.54
3336,Balance Sheet,"Total Current Assets > Accounts Receivables - Trade, Net",2021-03-31,1532.35
3336,Balance Sheet,"Total Current Assets > Accounts Receivables - Trade, Net",2022-03-31,1296.76
3336,Balance Sheet,"Total Current Assets > Accounts Receivables - Trade, Net",2023-03-31,1693.82
3336,Balance Sheet,Total Current Assets > Cash,2020-03-31,910.11
3336,Balance Sheet,Total Current Assets > Cash,2021-03-31,2406.18
3336,Balance Sheet,Total Current Assets > Cash,2022-03-31,2908.66
3336,Balance Sheet,Total Current Assets > Cash & Equivalents,2020-03-31,2222.65
3336,Balance Sheet,Total Current Assets > Cash & Equivalents,2021-03-31,1067.46
3336,Balance Sheet,Total Current Assets > Cash & Equivalents,2022-03-31,1834.3
3336,Balance Sheet,Total Current Assets > Cash & Equivalents,2023-03-31,2815.18
3336,Balance Sheet,Total Current Assets > Cash and Short Term Investments,2020-03-31,2257.05
3336,Balance Sheet,Total Current Assets > Cash and Short Term Investments,2021-03-31,2512.2
3336,Balance Sheet,Total Current Assets > Cash and Short Term Investments,2022-03-31,3145.34
3336,Balance Sheet,Total Current Assets > Cash and Short Term Investments,2023-03-31,3357.12
3336,Balance Sheet,"Total Current Assets > Other Current Assets, Total",2020-03-31,543.96
3336,Balance Sheet,"Total Current Assets > Other Current Assets, Total",2021-03-31,735.94
3336,Balance Sheet,"Total Current Assets > Other Current Assets, Total",2022-03-31,510.42
3336,Balance Sheet,"Total Current Assets > Other Current Assets, Total",2023-03-31,12.02
3336,Balance Sheet,Total Current Assets > Prepaid Expenses,2020-03-31,66.29
3336,Balance Sheet,Total Current Assets > Prepaid Expenses,2021-03-31,77.97
3336,Balance Sheet,Total Current Assets > Prepaid Expenses,2022-03-31,38.63
3336,Balance Sheet,Total Current Assets > Short Term Investments,2020-03-31,1346.94
3336,Balance Sheet,Total Current Assets > Short Term Investments,2021-03-31,755.38
3336,Balance Sheet,Total Current Assets > Short Term Investments,2022-03-31,699.77
3336,Balance Sheet,Total Current Assets > Short Term Investments,2023-03-31,2825.16
3336,Balance Sheet,Total Current Assets > Total Inventory,2020-03-31,7698.91
3336,Balance Sheet,Total Current Assets > Total Inventory,2021-03-31,7361.16
3336,Balance Sheet,Total Current Assets > Total Inventory,2022-03-31,7037.29
3336,Balance Sheet,Total Current Assets > Total Inventory,2023-03-31,6672.6
3336,Balance Sheet,"Total Current Assets > Total Receivables, Net",2020-03-31,2198.25
3336,Balance Sheet,"Total Current Assets > Total Receivables, Net",2021-03-31,1913.35
3336,Balance Sheet,"Total Current Assets > Total Receivables, Net",2022-03-31,1627.22
3336,Balance Sheet,"Total Current Assets > Total Receivables, Net",2023-03-31,1792.72
3336,Balance Sheet,Total Current Liabilities,2020-03-31,6175.28
3336,Balance Sheet,Total Current Liabilities,2021-03-31,5146.87
3336,Balance Sheet,Total Current Liabilities,2022-03-31,4562.49
3336,Balance Sheet,Total Current Liabilities,2023-03-31,4800.79
3336,Balance Sheet,Total Current Liabilities > Accounts Payable,2020-03-31,1211.99
3336,Balance Sheet,Total Current Liabilities > Accounts Payable,2021-03-31,1298.28
3336,Balance Sheet,Total Current Liabilities > Accounts Payable,2022-03-31,1010.61
3336,Balance Sheet,Total Current Liabilities > Accounts Payable,2023-03-31,2669.92
3336,Balance Sheet,Total Current Liabilities > Accrued Expenses,2020-03-31,1035.43
3336,Balance Sheet,Total Current Liabilities > Accrued Expenses,2021-03-31,964.99
3336,Balance Sheet,Total Current Liabilities > Accrued Expenses,2022-03-31,1030.73
3336,Balance Sheet,Total Current Liabilities > Current Port. of LT Debt/Capital Leases,2020-03-31,1221.73
3336,Balance Sheet,Total Current Liabilities > Current Port. of LT Debt/Capital Leases,2021-03-31,888.18
3336,Balance Sheet,Total Current Liabilities > Current Port. of LT Debt/Capital Leases,2022-03-31,916.36
3336,Balance Sheet,Total Current Liabilities > Current Port. of LT Debt/Capital Leases,2023-03-31,956.44
3336,Balance Sheet,Total Current Liabilities > Notes Payable/Short Term Debt,2020-03-31,1157.3
3336,Balance Sheet,Total Current Liabilities > Notes Payable/Short Term Debt,2021-03-31,983.76
3336,Balance Sheet,Total Current Liabilities > Notes Payable/Short Term Debt,2022-03-31,730.69
3336,Balance Sheet,Total Current Liabilities > Notes Payable/Short Term Debt,2023-03-31,775.83
3336,Balance Sheet,"Total Current Liabilities > Other Current liabilities, Total",2020-03-31,1548.83
3336,Balance Sheet,"Total Current Liabilities > Other Current liabilities, Total",2021-03-31,1011.65
3336,Balance Sheet,"Total Current Liabilities > Other Current liabilities, Total",2022-03-31,874.1
3336,Balance Sheet,"Total Current Liabilities > Other Current liabilities, Total",2023-03-31,398.6
3336,Balance Sheet,Total Current Liabilities > Payable/Accrued,2020-03-31,3094.35
3336,Balance Sheet,Total Current Liabilities > Payable/Accrued,2021-03-31,2932.62
3336,Balance Sheet,Total Current Liabilities > Payable/Accrued,2022-03-31,2666.21
3336,Balance Sheet,Total Equity,2020-03-31,10450.84
3336,Balance Sheet,Total Equity,2021-03-31,12188.4
3336,Balance Sheet,Total Equity,2022-03-31,11460.73
3336,Balance Sheet,Total Equity,2023-03-31,10961.07
3336,Balance Sheet,Total Equity > Additional Paid-In Capital,2020-03-31,-1.26
3336,Balance Sheet,Total Equity > Additional Paid-In Capital,2021-03-31,-1.26
3336,Balance Sheet,Total Equity > Additional Paid-In Capital,2022-03-31,-1.26
3336,Balance Sheet,"Total Equity > Common Stock, Total",2020-03-31,6112.04
3336,Balance Sheet,"Total Equity > Common Stock, Total",2021-03-31,6117.06
3336,Balance Sheet,"Total Equity > Common Stock, Total",2022-03-31,6127.73
3336,Balance Sheet,"Total Equity > Common Stock, Total",2023-03-31,6132.41
3336,Balance Sheet,"Total Equity > Other Equity, Total",2020-03-31,615.16
3336,Balance Sheet,"Total Equity > Other Equity, Total",2021-03-31,2191.17
3336,Balance Sheet,"Total Equity > Other Equity, Total",2022-03-31,1522.89
3336,Balance Sheet,"Total Equity > Other Equity, Total",2023-03-31,1029.0
3336,Balance Sheet,Total Equity > Retained Earnings (Accumulated Deficit),2020-03-31,3742.97
3336,Balance Sheet,Total Equity > Retained Earnings (Accumulated Deficit),2021-03-31,3916.83
3336,Balance Sheet,Total Equity > Retained Earnings (Accumulated Deficit),2022-03-31,4000.05
3336,Balance Sheet,Total Equity > Retained Earnings (Accumulated Deficit),2023-03-31,4024.57
3336,Balance Sheet,Total Equity > Treasury Stock - Common,2020-03-31,-18.07
3336,Balance Sheet,Total Equity > Treasury Stock - Common,2021-03-31,-36.66
3336,Balance Sheet,Total Equity > Treasury Stock - Common,2022-03-31,-189.94
3336,Balance Sheet,Total Equity > Treasury Stock - Common,2023-03-31,-224.91
3336,Balance Sheet,Total Liabilities,2020-03-31,13002.43
3336,Balance Sheet,Total Liabilities,2021-03-31,11298.04
3336,Balance Sheet,Total Liabilities,2022-03-31,9551.31
3336,Balance Sheet,Total Liabilities,2023-03-31,9549.52
3336,Balance Sheet,Total Liabilities & Shareholders' Equity,2020-03-31,23453.27
3336,Balance Sheet,Total Liabilities & Shareholders' Equity,2021-03-31,23486.45
3336,Balance Sheet,Total Liabilities & Shareholders' Equity,2022-03-31,21012.05
3336,Balance Sheet,Total Liabilities & Shareholders' Equity,2023-03-31,20510.6
3336,Balance Sheet,Total Liabilities > Capital Lease Obligations,2020-03-31,49.89
3336,Balance Sheet,Total Liabilities > Capital Lease Obligations,2021-03-31,137.69
3336,Balance Sheet,Total Liabilities > Capital Lease Obligations,2022-03-31,153.34
3336,Balance Sheet,Total Liabilities > Capital Lease Obligations,2023-03-31,52.44
3336,Balance Sheet,Total Liabilities > Deferred Income Tax,2020-03-31,629.59
3336,Balance Sheet,Total Liabilities > Deferred Income Tax,2021-03-31,587.45
3336,Balance Sheet,Total Liabilities > Deferred Income Tax,2022-03-31,509.4
3336,Balance Sheet,Total Liabilities > Deferred Income Tax,2023-03-31,491.16
3336,Balance Sheet,Total Liabilities > Long Term Debt,2020-03-31,4549.93
3336,Balance Sheet,Total Liabilities > Long Term Debt,2021-03-31,4942.23
3336,Balance Sheet,Total Liabilities > Long Term Debt,2022-03-31,3899.27
3336,Balance Sheet,Total Liabilities > Long Term Debt,2023-03-31,3650.98
3336,Balance Sheet,Total Liabilities > Minority Interest,2020-03-31,1192.77
3336,Balance Sheet,Total Liabilities > Minority Interest,2021-03-31,1367.7
3336,Balance Sheet,Total Liabilities > Minority Interest,2022-03-31,675.26
3336,Balance Sheet,Total Liabilities > Minority Interest,2023-03-31,269.49
3336,Balance Sheet,"Total Liabilities > Other Liabilities, Total",2020-03-31,404.97
3336,Balance Sheet,"Total Liabilities > Other Liabilities, Total",2021-03-31,-4499.3
3336,Balance Sheet,"Total Liabilities > Other Liabilities, Total",2022-03-31,-2810.73
3336,Balance Sheet,"Total Liabilities > Other Liabilities, Total",2023-03-31,-491.16
3336,Balance Sheet,Total Liabilities > Total Long Term Debt,2020-03-31,4599.82
3336,Balance Sheet,Total Liabilities > Total Long Term Debt,2021-03-31,5079.92
3336,Balance Sheet,Total Liabilities > Total Long Term Debt,2022-03-31,4052.61
3336,Balance Sheet,Total Liabilities > Total Long Term Debt,2023-03-31,3703.42
3336,Cash Flow,Beginning Cash Balance,2021-03-31,757.62
3336,Cash Flow,Beginning Cash Balance,2022-03-31,1327.87
3336,Cash Flow,Beginning Cash Balance,2023-03-31,2894.84
3336,Cash Flow,Cash From Financing Activities,2020-03-31,-236.94
3336,Cash Flow,Cash From Financing Activities,2021-03-31,-459.91
3336,Cash Flow,Cash From Financing Activities,2022-03-31,-1909.47
3336,Cash Flow,Cash From Financing Activities,2023-03-31,-1198.98
3336,Cash Flow,Cash From Financing Activities > Financing Cash Flow Items,2020-03-31,-205.03
3336,Cash Flow,Cash From Financing Activities > Financing Cash Flow Items,2021-03-31,-340.2
3336,Cash Flow,Cash From Financing Activities > Financing Cash Flow Items,2022-03-31,-971.4
3336,Cash Flow,Cash From Financing Activities > Financing Cash Flow Items,2023-03-31,-732.14
3336,Cash Flow,"Cash From Financing Activities > Issuance (Retirement) of Debt, Net",2020-03-31,112.83
3336,Cash Flow,"Cash From Financing Activities > Issuance (Retirement) of Debt, Net",2021-03-31,7.61
3336,Cash Flow,"Cash From Financing Activities > Issuance (Retirement) of Debt, Net",2022-03-31,-640.36
3336,Cash Flow,"Cash From Financing Activities > Issuance (Retirement) of Debt, Net",2023-03-31,-220.47
3336,Cash Flow,"Cash From Financing Activities > Issuance (Retirement) of Stock, Net",2020-03-31,0.44
3336,Cash Flow,"Cash From Financing Activities > Issuance (Retirement) of Stock, Net",2021-03-31,-18.59
3336,Cash Flow,"Cash From Financing Activities > Issuance (Retirement) of Stock, Net",2022-03-31,-153.28
3336,Cash Flow,"Cash From Financing Activities > Issuance (Retirement) of Stock, Net",2023-03-31,-34.97
3336,Cash Flow,Cash From Financing Activities > Total Cash Dividends Paid,2020-03-31,-145.18
3336,Cash Flow,Cash From Financing Activities > Total Cash Dividends Paid,2021-03-31,-108.74
3336,Cash Flow,Cash From Financing Activities > Total Cash Dividends Paid,2022-03-31,-144.42
3336,Cash Flow,Cash From Financing Activities > Total Cash Dividends Paid,2023-03-31,-211.39
3336,Cash Flow,Cash From Investing Activities,2020-03-31,-821.96
3336,Cash Flow,Cash From Investing Activities,2021-03-31,-572.34
3336,Cash Flow,Cash From Investing Activities,2022-03-31,1202.38
3336,Cash Flow,Cash From Investing Activities,2023-03-31,-159.04
3336,Cash Flow,Cash From Investing Activities > Capital Expenditures,2020-03-31,-709.96
3336,Cash Flow,Cash From Investing Activities > Capital Expenditures,2021-03-31,-620.21
3336,Cash Flow,Cash From Investing Activities > Capital Expenditures,2022-03-31,-116.79
3336,Cash Flow,Cash From Investing Activities > Capital Expenditures,2023-03-31,-195.73
3336,Cash Flow,"Cash From Investing Activities > Other Investing Cash Flow Items, Total",2020-03-31,-112.0
3336,Cash Flow,"Cash From Investing Activities > Other Investing Cash Flow Items, Total",2021-03-31,47.88
3336,Cash Flow,"Cash From Investing Activities > Other Investing Cash Flow Items, Total",2022-03-31,1319.17
3336,Cash Flow,"Cash From Investing Activities > Other Investing Cash Flow Items, Total",2023-03-31,36.69
3336,Cash Flow,Cash From Operating Activities,2020-03-31,1681.42
3336,Cash Flow,Cash From Operating Activities,2021-03-31,1338.55
3336,Cash Flow,Cash From Operating Activities,2022-03-31,1217.37
3336,Cash Flow,Cash From Operating Activities,2023-03-31,1276.05
3336,Cash Flow,Cash From Operating Activities > Cash Interest Paid,2022-03-31,246.49
3336,Cash Flow,Cash From Operating Activities > Cash Payments,2020-03-31,-4819.3
3336,Cash Flow,Cash From Operating Activities > Cash Payments,2021-03-31,-4080.46
3336,Cash Flow,Cash From Operating Activities > Cash Payments,2022-03-31,-3820.77
3336,Cash Flow,Cash From Operating Activities > Cash Receipts,2020-03-31,6691.1
3336,Cash Flow,Cash From Operating Activities > Cash Receipts,2021-03-31,5441.11
3336,Cash Flow,Cash From Operating Activities > Cash Receipts,2022-03-31,5191.02
3336,Cash Flow,Cash From Operating Activities > Cash Taxes Paid,2020-03-31,-190.38
3336,Cash Flow,Cash From Operating Activities > Cash Taxes Paid,2021-03-31,-220.84
3336,Cash Flow,Cash From Operating Activities > Cash Taxes Paid,2022-03-31,160.74
3336,Cash Flow,Cash From Operating Activities > Changes in Working Capital,2021-03-31,198.74
3336,Cash Flow,Cash From Operating Activities > Changes in Working Capital,2022-03-31,7.87
3336,Cash Flow,Cash From Operating Activities > Depreciation/Depletion,2022-03-31,316.06
3336,Cash Flow,Cash From Operating Activities > Depreciation/Depletion,2023-03-31,325.39
3336,Cash Flow,Cash From Operating Activities > Non-Cash Items,2022-03-31,2.44
3336,Cash Flow,Cash From Operating Activities > Non-Cash Items,2023-03-31,745.83
3336,Cash Flow,Ending Cash Balance,2021-03-31,1067.46
3336,Cash Flow,Ending Cash Balance,2022-03-31,1834.3
3336,Cash Flow,Ending Cash Balance,2023-03-31,2815.18
3336,Cash Flow,Foreign Exchange Effects,2020-03-31,-2.44
3336,Cash Flow,Foreign Exchange Effects,2021-03-31,3.54
3336,Cash Flow,Foreign Exchange Effects,2022-03-31,-3.86
3336,Cash Flow,Foreign Exchange Effects,2023-03-31,-74.08
3336,Cash Flow,Free Cash Flow,2021-03-31,97.18
3336,Cash Flow,Free Cash Flow,2022-03-31,657.54
3336,Cash Flow,Free Cash Flow,2023-03-31,1368.57
3336,Cash Flow,Free Cash Flow Growth,2021-03-31,-84.69
3336,Cash Flow,Free Cash Flow Growth,2022-03-31,576.63
3336,Cash Flow,Free Cash Flow Growth,2023-03-31,108.14
3336,Cash Flow,Free Cash Flow Yield,2021-03-31,11.78
3336,Cash Flow,Free Cash Flow Yield,2022-03-31,13.59
3336,Cash Flow,Free Cash Flow Yield,2023-03-31,19.18
3336,Cash Flow,Net Change in Cash,2020-03-31,620.07
3336,Cash Flow,Net Change in Cash,2021-03-31,309.83
3336,Cash Flow,Net Change in Cash,2022-03-31,506.43
3336,Cash Flow,Net Change in Cash,2023-03-31,-79.66
3336,Cash Flow,Net Income/Starting Line,2022-03-31,898.88
3336,Cash Flow,Net Income/Starting Line,2023-03-31,204.83
3336,Income Statement,"Cost of Revenue, Total",2020-03-31,5370.1
3336,Income Statement,"Cost of Revenue, Total",2021-03-31,3808.07
3336,Income Statement,"Cost of Revenue, Total",2022-03-31,3646.89
3336,Income Statement,"Cost of Revenue, Total",2023-03-31,3392.54
3336,Income Statement,DPS - Common Stock Primary Issue,2020-03-31,0.03
3336,Income Statement,DPS - Common Stock Primary Issue,2021-03-31,0.06
3336,Income Statement,DPS - Common Stock Primary Issue,2022-03-31,0.06
3336,Income Statement,Diluted EPS Excluding Extraordinary Items,2020-03-31,0.07
3336,Income Statement,Diluted EPS Excluding Extraordinary Items,2021-03-31,0.088
3336,Income Statement,Diluted EPS Excluding Extraordinary Items,2022-03-31,0.028
3336,Income Statement,Diluted EPS Excluding Extraordinary Items,2023-03-31,0.045
3336,Income Statement,Diluted Net Income,2020-03-31,250.59
3336,Income Statement,Diluted Net Income,2021-03-31,318.76
3336,Income Statement,Diluted Net Income,2022-03-31,102.14
3336,Income Statement,Diluted Net Income,2023-03-31,158.1
3336,Income Statement,Diluted Normalized EPS,2020-03-31,0.07
3336,Income Statement,Diluted Normalized EPS,2021-03-31,0.074
3336,Income Statement,Diluted Normalized EPS,2022-03-31,0.063
3336,Income Statement,Diluted Normalized EPS,2023-03-31,0.084
3336,Income Statement,Diluted Weighted Average Shares,2020-03-31,3628.69
3336,Income Statement,Diluted Weighted Average Shares,2021-03-31,3626.44
3336,Income Statement,Diluted Weighted Average Shares,2022-03-31,3583.7
3336,Income Statement,Diluted Weighted Average Shares,2023-03-31,3521.22
3336,Income Statement,Dilution Adjustment,2021-03-31,261.4
3336,Income Statement,Dilution Adjustment,2022-03-31,796.74
3336,Income Statement,Dilution Adjustment,2023-03-31,46.73
3336,Income Statement,Gain (Loss) on Sale of Assets,2021-03-31,-11.2
3336,Income Statement,Gain (Loss) on Sale of Assets,2022-03-31,-52.38
3336,Income Statement,Gross Profit,2020-03-31,1235.0
3336,Income Statement,Gross Profit,2021-03-31,879.11
3336,Income Statement,Gross Profit,2022-03-31,762.09
3336,Income Statement,Gross Profit,2023-03-31,1179.94
3336,Income Statement,Income Available to Common Excluding Extraordinary Items,2020-03-31,250.59
3336,Income Statement,Income Available to Common Excluding Extraordinary Items,2021-03-31,318.62
3336,Income Statement,Income Available to Common Excluding Extraordinary Items,2022-03-31,102.07
3336,Income Statement,Income Available to Common Excluding Extraordinary Items,2023-03-31,158.28
3336,Income Statement,"Interest Income (Expense), Net Non-Operating",2020-03-31,-352.56
3336,Income Statement,"Interest Income (Expense), Net Non-Operating",2021-03-31,-272.44
3336,Income Statement,"Interest Income (Expense), Net Non-Operating",2022-03-31,-219.61
3336,Income Statement,Minority Interest,2020-03-31,-34.21
3336,Income Statement,Minority Interest,2021-03-31,1367.7
3336,Income Statement,Minority Interest,2022-03-31,675.26
3336,Income Statement,Minority Interest,2023-03-31,269.49
3336,Income Statement,Net Income,2020-03-31,293.98
3336,Income Statement,Net Income,2021-03-31,580.16
3336,Income Statement,Net Income,2022-03-31,898.88
3336,Income Statement,Net Income,2023-03-31,204.83
3336,Income Statement,Net Income After Taxes,2020-03-31,328.19
3336,Income Statement,Net Income After Taxes,2021-03-31,432.25
3336,Income Statement,Net Income After Taxes,2022-03-31,134.94
3336,Income Statement,Net Income After Taxes,2023-03-31,211.6
3336,Income Statement,Net Income Before Extraordinary Items,2020-03-31,293.98
3336,Income Statement,Net Income Before Extraordinary Items,2021-03-31,365.16
3336,Income Statement,Net Income Before Extraordinary Items,2022-03-31,148.61
3336,Income Statement,Net Income Before Extraordinary Items,2023-03-31,204.83
3336,Income Statement,Net Income Before Taxes,2020-03-31,517.76
3336,Income Statement,Net Income Before Taxes,2021-03-31,511.15
3336,Income Statement,Net Income Before Taxes,2022-03-31,317.87
3336,Income Statement,Net Income Before Taxes,2023-03-31,483.03
3336,Income Statement,Operating Income,2020-03-31,870.32
3336,Income Statement,Operating Income,2021-03-31,811.48
3336,Income Statement,Operating Income,2022-03-31,558.32
3336,Income Statement,Operating Income,2023-03-31,814.95
3336,Income Statement,"Other, Net",2021-03-31,311.53
3336,Income Statement,"Other, Net",2022-03-31,292.82
3336,Income Statement,"Other, Net",2023-03-31,331.92
3336,Income Statement,Provision for Income Taxes,2020-03-31,189.58
3336,Income Statement,Provision for Income Taxes,2021-03-31,78.9
3336,Income Statement,Provision for Income Taxes,2022-03-31,182.94
3336,Income Statement,Provision for Income Taxes,2023-03-31,271.43
3336,Income Statement,Total Adjustments to Net Income,2020-03-31,-43.39
3336,Income Statement,Total Adjustments to Net Income,2021-03-31,-261.54
3336,Income Statement,Total Adjustments to Net Income,2022-03-31,-796.81
3336,Income Statement,Total Adjustments to Net Income,2023-03-31,-46.56
3336,Income Statement,Total Extraordinary Items,2021-03-31,215.01
3336,Income Statement,Total Extraordinary Items,2022-03-31,750.27
3336,Income Statement,Total Operating Expenses,2020-03-31,5734.78
3336,Income Statement,Total Operating Expenses,2021-03-31,3875.7
3336,Income Statement,Total Operating Expenses,2022-03-31,3850.66
3336,Income Statement,Total Operating Expenses,2023-03-31,3757.54
3336,Income Statement,Total Operating Expenses > Depreciation / Amortization,2023-03-31,325.39
3336,Income Statement,Total Operating Expenses > Interest Expense (Income) - Net Operating,2020-03-31,83.09
3336,Income Statement,Total Operating Expenses > Interest Expense (Income) - Net Operating,2021-03-31,-198.26
3336,Income Statement,Total Operating Expenses > Interest Expense (Income) - Net Operating,2022-03-31,-188.3
3336,Income Statement,Total Operating Expenses > Interest Expense (Income) - Net Operating,2023-03-31,-255.57
3336,Income Statement,"Total Operating Expenses > Other Operating Expenses, Total",2020-03-31,-33.64
3336,Income Statement,"Total Operating Expenses > Other Operating Expenses, Total",2021-03-31,-38.29
3336,Income Statement,"Total Operating Expenses > Other Operating Expenses, Total",2022-03-31,-248.25
3336,Income Statement,"Total Operating Expenses > Other Operating Expenses, Total",2023-03-31,-88.6
3336,Income Statement,"Total Operating Expenses > Selling/General/Admin. Expenses, Total",2020-03-31,427.62
3336,Income Statement,"Total Operating Expenses > Selling/General/Admin. Expenses, Total",2021-03-31,304.17
3336,Income Statement,"Total Operating Expenses > Selling/General/Admin. Expenses, Total",2022-03-31,324.26
3336,Income Statement,"Total Operating Expenses > Selling/General/Admin. Expenses, Total",2023-03-31,383.78
3336,Income Statement,Total Operating Expenses > Unusual Expense (Income),2020-03-31,-29.3
3336,Income Statement,Total Operating Expenses > Unusual Expense (Income),2021-03-31,47.2
3336,Income Statement,Total Revenue,2020-03-31,6605.1
3336,Income Statement,Total Revenue,2021-03-31,4687.18
3336,Income Statement,Total Revenue,2022-03-31,4408.98
3336,Income Statement,Total Revenue,2023-03-31,4572.48
3336,Income Statement,Total Revenue > Revenue,2020-03-31,6605.1
3336,Income Statement,Total Revenue > Revenue,2021-03-31,4687.18
3336,Income Statement,Total Revenue > Revenue,2022-03-31,4408.98
3336,Income Statement,Total Revenue > Revenue,2023-03-31,4572.48
3395,Balance Sheet,Total Assets,2019-06-30,19820.64
3395,Balance Sheet,Total Assets,2020-06-30,21440.96
3395,Balance Sheet,Total Assets,2021-06-30,20122.5
3395,Balance Sheet,Total Assets,2022-06-30,20450.57
3395,Balance Sheet,"Total Assets > Accumulated Depreciation, Total",2019-06-30,-2281.93
3395,Balance Sheet,"Total Assets > Accumulated Depreciation, Total",2020-06-30,-3088.99
3395,Balance Sheet,"Total Assets > Accumulated Depreciation, Total",2021-06-30,-2762.72
3395,Balance Sheet,"Total Assets > Accumulated Depreciation, Total",2022-06-30,-3100.6
3395,Balance Sheet,"Total Assets > Goodwill, Net",2019-06-30,1005.09
3395,Balance Sheet,"Total Assets > Goodwill, Net",2020-06-30,915.04
3395,Balance Sheet,"Total Assets > Goodwill, Net",2021-06-30,861.17
3395,Balance Sheet,"Total Assets > Goodwill, Net",2022-06-30,843.74
3395,Balance Sheet,"Total Assets > Intangibles, Net",2019-06-30,4246.45
3395,Balance Sheet,"Total Assets > Intangibles, Net",2020-06-30,4078.52
3395,Balance Sheet,"Total Assets > Intangibles, Net",2021-06-30,4879.13
3395,Balance Sheet,"Total Assets > Intangibles, Net",2022-06-30,4876.96
3395,Balance Sheet,Total Assets > Long Term Investments,2019-06-30,4158.13
3395,Balance Sheet,Total Assets > Long Term Investments,2020-06-30,4525.77
3395,Balance Sheet,Total Assets > Long Term Investments,2021-06-30,1129.82
3395,Balance Sheet,Total Assets > Long Term Investments,2022-06-30,1127.18
3395,Balance Sheet,Total Assets > Note Receivable - Long Term,2019-06-30,1406.95
3395,Balance Sheet,Total Assets > Note Receivable - Long Term,2020-06-30,263.04
3395,Balance Sheet,Total Assets > Note Receivable - Long Term,2021-06-30,1144.0
3395,Balance Sheet,Total Assets > Note Receivable - Long Term,2022-06-30,1143.75
3395,Balance Sheet,"Total Assets > Other Assets, Total",2021-06-30,237.77
3395,Balance Sheet,"Total Assets > Other Assets, Total",2022-06-30,317.35
3395,Balance Sheet,"Total Assets > Other Long Term Assets, Total",2019-06-30,107.57
3395,Balance Sheet,"Total Assets > Other Long Term Assets, Total",2020-06-30,114.38
3395,Balance Sheet,"Total Assets > Other Long Term Assets, Total",2021-06-30,3623.66
3395,Balance Sheet,"Total Assets > Other Long Term Assets, Total",2022-06-30,3680.48
3395,Balance Sheet,"Total Assets > Property/Plant/Equipment, Total - Gross",2019-06-30,5763.0
3395,Balance Sheet,"Total Assets > Property/Plant/Equipment, Total - Gross",2020-06-30,8168.35
3395,Balance Sheet,"Total Assets > Property/Plant/Equipment, Total - Gross",2021-06-30,7760.5
3395,Balance Sheet,"Total Assets > Property/Plant/Equipment, Total - Gross",2022-06-30,8185.06
3395,Balance Sheet,"Total Assets > Property/Plant/Equipment, Total - Net",2019-06-30,3481.07
3395,Balance Sheet,"Total Assets > Property/Plant/Equipment, Total - Net",2020-06-30,5079.36
3395,Balance Sheet,"Total Assets > Property/Plant/Equipment, Total - Net",2021-06-30,4997.78
3395,Balance Sheet,"Total Assets > Property/Plant/Equipment, Total - Net",2022-06-30,5084.46
3395,Balance Sheet,Total Common Shares Outstanding,2019-06-30,5164.92
3395,Balance Sheet,Total Common Shares Outstanding,2020-06-30,5069.29
3395,Balance Sheet,Total Common Shares Outstanding,2021-06-30,5113.52
3395,Balance Sheet,Total Common Shares Outstanding,2022-06-30,5541.93
3395,Balance Sheet,Total Current Assets,2019-06-30,5415.37
3395,Balance Sheet,Total Current Assets,2020-06-30,6464.84
3395,Balance Sheet,Total Current Assets,2021-06-30,5100.76
3395,Balance Sheet,Total Current Assets,2022-06-30,5281.89
3395,Balance Sheet,"Total Current Assets > Accounts Receivables - Trade, Net",2019-06-30,641.64
3395,Balance Sheet,"Total Current Assets > Accounts Receivables - Trade, Net",2020-06-30,572.98
3395,Balance Sheet,"Total Current Assets > Accounts Receivables - Trade, Net",2021-06-30,670.11
3395,Balance Sheet,"Total Current Assets > Accounts Receivables - Trade, Net",2022-06-30,689.78
3395,Balance Sheet,Total Current Assets > Cash,2019-06-30,881.71
3395,Balance Sheet,Total Current Assets > Cash,2020-06-30,1009.84
3395,Balance Sheet,Total Current Assets > Cash,2021-06-30,646.42
3395,Balance Sheet,Total Current Assets > Cash & Equivalents,2021-06-30,646.42
3395,Balance Sheet,Total Current Assets > Cash & Equivalents,2022-06-30,721.86
3395,Balance Sheet,Total Current Assets > Cash and Short Term Investments,2019-06-30,1602.88
3395,Balance Sheet,Total Current Assets > Cash and Short Term Investments,2020-06-30,1583.22
3395,Balance Sheet,Total Current Assets > Cash and Short Term Investments,2021-06-30,1128.16
3395,Balance Sheet,Total Current Assets > Cash and Short Term Investments,2022-06-30,1322.39
3395,Balance Sheet,"Total Current Assets > Other Current Assets, Total",2019-06-30,483.32
3395,Balance Sheet,"Total Current Assets > Other Current Assets, Total",2020-06-30,1064.39
3395,Balance Sheet,"Total Current Assets > Other Current Assets, Total",2021-06-30,451.42
3395,Balance Sheet,"Total Current Assets > Other Current Assets, Total",2022-06-30,437.84
3395,Balance Sheet,Total Current Assets > Prepaid Expenses,2019-06-30,192.95
3395,Balance Sheet,Total Current Assets > Prepaid Expenses,2020-06-30,141.43
3395,Balance Sheet,Total Current Assets > Prepaid Expenses,2021-06-30,118.52
3395,Balance Sheet,Total Current Assets > Prepaid Expenses,2022-06-30,131.48
3395,Balance Sheet,Total Current Assets > Short Term Investments,2019-06-30,721.17
3395,Balance Sheet,Total Current Assets > Short Term Investments,2020-06-30,573.38
3395,Balance Sheet,Total Current Assets > Short Term Investments,2021-06-30,480.05
3395,Balance Sheet,Total Current Assets > Short Term Investments,2022-06-30,598.03
3395,Balance Sheet,Total Current Assets > Total Inventory,2019-06-30,1947.05
3395,Balance Sheet,Total Current Assets > Total Inventory,2020-06-30,1785.12
3395,Balance Sheet,Total Current Assets > Total Inventory,2021-06-30,1588.54
3395,Balance Sheet,Total Current Assets > Total Inventory,2022-06-30,1556.66
3395,Balance Sheet,"Total Current Assets > Total Receivables, Net",2019-06-30,1189.17
3395,Balance Sheet,"Total Current Assets > Total Receivables, Net",2020-06-30,1890.67
3395,Balance Sheet,"Total Current Assets > Total Receivables, Net",2021-06-30,1814.11
3395,Balance Sheet,"Total Current Assets > Total Receivables, Net",2022-06-30,1833.53
3395,Balance Sheet,Total Current Liabilities,2019-06-30,4900.6
3395,Balance Sheet,Total Current Liabilities,2020-06-30,5203.74
3395,Balance Sheet,Total Current Liabilities,2021-06-30,5057.58
3395,Balance Sheet,Total Current Liabilities,2022-06-30,4919.95
3395,Balance Sheet,Total Current Liabilities > Accounts Payable,2019-06-30,564.25
3395,Balance Sheet,Total Current Liabilities > Accounts Payable,2020-06-30,518.45
3395,Balance Sheet,Total Current Liabilities > Accounts Payable,2021-06-30,470.59
3395,Balance Sheet,Total Current Liabilities > Accounts Payable,2022-06-30,433.0
3395,Balance Sheet,Total Current Liabilities > Accrued Expenses,2019-06-30,541.31
3395,Balance Sheet,Total Current Liabilities > Accrued Expenses,2020-06-30,542.58
3395,Balance Sheet,Total Current Liabilities > Accrued Expenses,2021-06-30,820.51
3395,Balance Sheet,Total Current Liabilities > Accrued Expenses,2022-06-30,831.11
3395,Balance Sheet,Total Current Liabilities > Current Port. of LT Debt/Capital Leases,2019-06-30,2186.24
3395,Balance Sheet,Total Current Liabilities > Current Port. of LT Debt/Capital Leases,2020-06-30,2384.18
3395,Balance Sheet,Total Current Liabilities > Current Port. of LT Debt/Capital Leases,2021-06-30,1180.92
3395,Balance Sheet,Total Current Liabilities > Current Port. of LT Debt/Capital Leases,2022-06-30,687.19
3395,Balance Sheet,Total Current Liabilities > Notes Payable/Short Term Debt,2019-06-30,261.08
3395,Balance Sheet,Total Current Liabilities > Notes Payable/Short Term Debt,2020-06-30,172.89
3395,Balance Sheet,Total Current Liabilities > Notes Payable/Short Term Debt,2021-06-30,1422.69
3395,Balance Sheet,Total Current Liabilities > Notes Payable/Short Term Debt,2022-06-30,1418.22
3395,Balance Sheet,"Total Current Liabilities > Other Current liabilities, Total",2019-06-30,1347.72
3395,Balance Sheet,"Total Current Liabilities > Other Current liabilities, Total",2020-06-30,1585.64
3395,Balance Sheet,"Total Current Liabilities > Other Current liabilities, Total",2021-06-30,1162.88
3395,Balance Sheet,"Total Current Liabilities > Other Current liabilities, Total",2022-06-30,1550.42
3395,Balance Sheet,Total Current Liabilities > Payable/Accrued,2019-06-30,2346.84
3395,Balance Sheet,Total Current Liabilities > Payable/Accrued,2020-06-30,2035.07
3395,Balance Sheet,Total Current Liabilities > Payable/Accrued,2021-06-30,2065.07
3395,Balance Sheet,Total Equity,2019-06-30,6689.07
3395,Balance Sheet,Total Equity,2020-06-30,6574.43
3395,Balance Sheet,Total Equity,2021-06-30,8907.51
3395,Balance Sheet,Total Equity,2022-06-30,8879.09
3395,Balance Sheet,"Total Equity > Common Stock, Total",2019-06-30,5017.96
3395,Balance Sheet,"Total Equity > Common Stock, Total",2020-06-30,5017.96
3395,Balance Sheet,"Total Equity > Common Stock, Total",2021-06-30,5092.99
3395,Balance Sheet,"Total Equity > Common Stock, Total",2022-06-30,5286.2
3395,Balance Sheet,"Total Equity > Other Equity, Total",2019-06-30,406.36
3395,Balance Sheet,"Total Equity > Other Equity, Total",2020-06-30,381.03
3395,Balance Sheet,"Total Equity > Other Equity, Total",2021-06-30,3150.67
3395,Balance Sheet,"Total Equity > Other Equity, Total",2022-06-30,2686.83
3395,Balance Sheet,Total Equity > Retained Earnings (Accumulated Deficit),2019-06-30,1386.96
3395,Balance Sheet,Total Equity > Retained Earnings (Accumulated Deficit),2020-06-30,1366.25
3395,Balance Sheet,Total Equity > Retained Earnings (Accumulated Deficit),2021-06-30,723.84
3395,Balance Sheet,Total Equity > Retained Earnings (Accumulated Deficit),2022-06-30,981.04
3395,Balance Sheet,Total Equity > Treasury Stock - Common,2019-06-30,-34.25
3395,Balance Sheet,Total Equity > Treasury Stock - Common,2020-06-30,-92.34
3395,Balance Sheet,Total Equity > Treasury Stock - Common,2021-06-30,-59.99
3395,Balance Sheet,Total Equity > Treasury Stock - Common,2022-06-30,-74.98
3395,Balance Sheet,Total Equity > Unrealized Gain (Loss),2019-06-30,-87.95
3395,Balance Sheet,Total Equity > Unrealized Gain (Loss),2020-06-30,-98.47
3395,Balance Sheet,Total Equity > Unrealized Gain (Loss),2021-06-30,-21.9
3395,Balance Sheet,Total Liabilities,2019-06-30,13131.57
3395,Balance Sheet,Total Liabilities,2020-06-30,14866.54
3395,Balance Sheet,Total Liabilities,2021-06-30,11214.99
3395,Balance Sheet,Total Liabilities,2022-06-30,11571.48
3395,Balance Sheet,Total Liabilities & Shareholders' Equity,2019-06-30,19820.64
3395,Balance Sheet,Total Liabilities & Shareholders' Equity,2020-06-30,21440.96
3395,Balance Sheet,Total Liabilities & Shareholders' Equity,2021-06-30,20122.5
3395,Balance Sheet,Total Liabilities & Shareholders' Equity,2022-06-30,20450.57
3395,Balance Sheet,Total Liabilities > Capital Lease Obligations,2019-06-30,74.97
3395,Balance Sheet,Total Liabilities > Capital Lease Obligations,2020-06-30,1995.56
3395,Balance Sheet,Total Liabilities > Capital Lease Obligations,2021-06-30,1888.83
3395,Balance Sheet,Total Liabilities > Capital Lease Obligations,2022-06-30,1844.29
3395,Balance Sheet,Total Liabilities > Deferred Income Tax,2019-06-30,1250.9
3395,Balance Sheet,Total Liabilities > Deferred Income Tax,2020-06-30,1318.8
3395,Balance Sheet,Total Liabilities > Deferred Income Tax,2021-06-30,1243.76
3395,Balance Sheet,Total Liabilities > Deferred Income Tax,2022-06-30,1237.23
3395,Balance Sheet,Total Liabilities > Long Term Debt,2019-06-30,3483.72
3395,Balance Sheet,Total Liabilities > Long Term Debt,2020-06-30,2994.16
3395,Balance Sheet,Total Liabilities > Long Term Debt,2021-06-30,2636.64
3395,Balance Sheet,Total Liabilities > Long Term Debt,2022-06-30,3216.56
3395,Balance Sheet,Total Liabilities > Minority Interest,2019-06-30,3043.83
3395,Balance Sheet,Total Liabilities > Minority Interest,2020-06-30,2977.67
3395,Balance Sheet,Total Liabilities > Minority Interest,2021-06-30,2824.23
3395,Balance Sheet,Total Liabilities > Minority Interest,2022-06-30,2808.37
3395,Balance Sheet,"Total Liabilities > Other Liabilities, Total",2019-06-30,377.54
3395,Balance Sheet,"Total Liabilities > Other Liabilities, Total",2020-06-30,376.61
3395,Balance Sheet,"Total Liabilities > Other Liabilities, Total",2021-06-30,-6041.05
3395,Balance Sheet,"Total Liabilities > Other Liabilities, Total",2022-06-30,-6134.19
3395,Balance Sheet,Total Liabilities > Total Long Term Debt,2019-06-30,3558.7
3395,Balance Sheet,Total Liabilities > Total Long Term Debt,2020-06-30,4989.71
3395,Balance Sheet,Total Liabilities > Total Long Term Debt,2021-06-30,4525.47
3395,Balance Sheet,Total Liabilities > Total Long Term Debt,2022-06-30,5060.84
3395,Cash Flow,Beginning Cash Balance,2019-06-30,1061.25
3395,Cash Flow,Beginning Cash Balance,2021-06-30,886.76
3395,Cash Flow,Beginning Cash Balance,2022-06-30,585.01
3395,Cash Flow,Cash From Financing Activities,2019-06-30,-1017.81
3395,Cash Flow,Cash From Financing Activities,2020-06-30,-1590.96
3395,Cash Flow,Cash From Financing Activities,2021-06-30,-855.75
3395,Cash Flow,Cash From Financing Activities,2022-06-30,-462.54
3395,Cash Flow,Cash From Financing Activities > Financing Cash Flow Items,2019-06-30,-642.16
3395,Cash Flow,Cash From Financing Activities > Financing Cash Flow Items,2020-06-30,-430.68
3395,Cash Flow,Cash From Financing Activities > Financing Cash Flow Items,2021-06-30,-336.0
3395,Cash Flow,Cash From Financing Activities > Financing Cash Flow Items,2022-06-30,-368.82
3395,Cash Flow,"Cash From Financing Activities > Issuance (Retirement) of Debt, Net",2019-06-30,-375.07
3395,Cash Flow,"Cash From Financing Activities > Issuance (Retirement) of Debt, Net",2020-06-30,-1107.8
3395,Cash Flow,"Cash From Financing Activities > Issuance (Retirement) of Debt, Net",2021-06-30,-499.26
3395,Cash Flow,"Cash From Financing Activities > Issuance (Retirement) of Debt, Net",2022-06-30,-78.72
3395,Cash Flow,"Cash From Financing Activities > Issuance (Retirement) of Stock, Net",2019-06-30,-0.58
3395,Cash Flow,"Cash From Financing Activities > Issuance (Retirement) of Stock, Net",2020-06-30,-52.48
3395,Cash Flow,"Cash From Financing Activities > Issuance (Retirement) of Stock, Net",2021-06-30,-20.49
3395,Cash Flow,"Cash From Financing Activities > Issuance (Retirement) of Stock, Net",2022-06-30,-15.0
3395,Cash Flow,Cash From Investing Activities,2019-06-30,314.76
3395,Cash Flow,Cash From Investing Activities,2020-06-30,1423.57
3395,Cash Flow,Cash From Investing Activities,2021-06-30,133.15
3395,Cash Flow,Cash From Investing Activities,2022-06-30,15.71
3395,Cash Flow,Cash From Investing Activities > Capital Expenditures,2019-06-30,-286.77
3395,Cash Flow,Cash From Investing Activities > Capital Expenditures,2020-06-30,-310.73
3395,Cash Flow,Cash From Investing Activities > Capital Expenditures,2021-06-30,-168.38
3395,Cash Flow,Cash From Investing Activities > Capital Expenditures,2022-06-30,-316.07
3395,Cash Flow,"Cash From Investing Activities > Other Investing Cash Flow Items, Total",2019-06-30,601.53
3395,Cash Flow,"Cash From Investing Activities > Other Investing Cash Flow Items, Total",2020-06-30,1734.3
3395,Cash Flow,"Cash From Investing Activities > Other Investing Cash Flow Items, Total",2021-06-30,301.53
3395,Cash Flow,"Cash From Investing Activities > Other Investing Cash Flow Items, Total",2022-06-30,331.78
3395,Cash Flow,Cash From Operating Activities,2019-06-30,513.39
3395,Cash Flow,Cash From Operating Activities,2020-06-30,75.74
3395,Cash Flow,Cash From Operating Activities,2021-06-30,468.02
3395,Cash Flow,Cash From Operating Activities,2022-06-30,574.36
3395,Cash Flow,Cash From Operating Activities > Amortization,2021-06-30,55.01
3395,Cash Flow,Cash From Operating Activities > Amortization,2022-06-30,57.32
3395,Cash Flow,Cash From Operating Activities > Cash Interest Paid,2021-06-30,360.34
3395,Cash Flow,Cash From Operating Activities > Cash Interest Paid,2022-06-30,340.44
3395,Cash Flow,Cash From Operating Activities > Cash Payments,2019-06-30,-9437.52
3395,Cash Flow,Cash From Operating Activities > Cash Payments,2020-06-30,-7155.87
3395,Cash Flow,Cash From Operating Activities > Cash Payments,2021-06-30,-6920.74
3395,Cash Flow,Cash From Operating Activities > Cash Receipts,2019-06-30,10361.62
3395,Cash Flow,Cash From Operating Activities > Cash Receipts,2020-06-30,7542.71
3395,Cash Flow,Cash From Operating Activities > Cash Receipts,2021-06-30,7680.27
3395,Cash Flow,Cash From Operating Activities > Cash Taxes Paid,2019-06-30,-282.75
3395,Cash Flow,Cash From Operating Activities > Cash Taxes Paid,2020-06-30,-206.43
3395,Cash Flow,Cash From Operating Activities > Cash Taxes Paid,2021-06-30,214.49
3395,Cash Flow,Cash From Operating Activities > Cash Taxes Paid,2022-06-30,230.16
3395,Cash Flow,Cash From Operating Activities > Changes in Working Capital,2019-06-30,-127.96
3395,Cash Flow,Cash From Operating Activities > Changes in Working Capital,2020-06-30,-104.67
3395,Cash Flow,Cash From Operating Activities > Changes in Working Capital,2021-06-30,-77.02
3395,Cash Flow,Cash From Operating Activities > Depreciation/Depletion,2021-06-30,498.9
3395,Cash Flow,Cash From Operating Activities > Depreciation/Depletion,2022-06-30,439.51
3395,Cash Flow,Cash From Operating Activities > Non-Cash Items,2021-06-30,428.75
3395,Cash Flow,Cash From Operating Activities > Non-Cash Items,2022-06-30,25.76
3395,Cash Flow,Ending Cash Balance,2019-06-30,881.71
3395,Cash Flow,Ending Cash Balance,2021-06-30,646.42
3395,Cash Flow,Ending Cash Balance,2022-06-30,721.86
3395,Cash Flow,Foreign Exchange Effects,2019-06-30,10.11
3395,Cash Flow,Foreign Exchange Effects,2020-06-30,16.25
3395,Cash Flow,Foreign Exchange Effects,2021-06-30,14.24
3395,Cash Flow,Free Cash Flow,2019-06-30,226.62
3395,Cash Flow,Free Cash Flow,2021-06-30,1041.42
3395,Cash Flow,Free Cash Flow,2022-06-30,502.96
3395,Cash Flow,Free Cash Flow Growth,2021-06-30,204.55
3395,Cash Flow,Free Cash Flow Growth,2022-06-30,-51.7
3395,Cash Flow,Free Cash Flow Yield,2021-06-30,19.88
3395,Cash Flow,Free Cash Flow Yield,2022-06-30,19.31
3395,Cash Flow,Net Change in Cash,2019-06-30,-179.54
3395,Cash Flow,Net Change in Cash,2020-06-30,-75.39
3395,Cash Flow,Net Change in Cash,2021-06-30,-240.34
3395,Cash Flow,Net Change in Cash,2022-06-30,136.85
3395,Cash Flow,Net Income/Starting Line,2021-06-30,-459.63
3395,Cash Flow,Net Income/Starting Line,2022-06-30,51.77
3395,Income Statement,"Cost of Revenue, Total",2019-06-30,7003.8
3395,Income Statement,"Cost of Revenue, Total",2020-06-30,5113.68
3395,Income Statement,"Cost of Revenue, Total",2021-06-30,5491.35
3395,Income Statement,"Cost of Revenue, Total",2022-06-30,5695.04
3395,Income Statement,Diluted EPS Excluding Extraordinary Items,2019-06-30,-0.02
3395,Income Statement,Diluted EPS Excluding Extraordinary Items,2020-06-30,-0.01
3395,Income Statement,Diluted EPS Excluding Extraordinary Items,2021-06-30,-0.08
3395,Income Statement,Diluted EPS Excluding Extraordinary Items,2022-06-30,0.009
3395,Income Statement,Diluted Net Income,2019-06-30,-103.02
3395,Income Statement,Diluted Net Income,2020-06-30,-89.73
3395,Income Statement,Diluted Net Income,2021-06-30,-457.24
3395,Income Statement,Diluted Net Income,2022-06-30,53.5
3395,Income Statement,Diluted Normalized EPS,2019-06-30,-0.04
3395,Income Statement,Diluted Normalized EPS,2021-06-30,-0.018
3395,Income Statement,Diluted Normalized EPS,2022-06-30,0.004
3395,Income Statement,Diluted Weighted Average Shares,2019-06-30,5930.65
3395,Income Statement,Diluted Weighted Average Shares,2020-06-30,6327.21
3395,Income Statement,Diluted Weighted Average Shares,2021-06-30,5688.97
3395,Income Statement,Diluted Weighted Average Shares,2022-06-30,5691.85
3395,Income Statement,Dilution Adjustment,2021-06-30,-2.39
3395,Income Statement,Dilution Adjustment,2022-06-30,-1.73
3395,Income Statement,Gain (Loss) on Sale of Assets,2019-06-30,0.01
3395,Income Statement,Gain (Loss) on Sale of Assets,2020-06-30,661.83
3395,Income Statement,Gain (Loss) on Sale of Assets,2021-06-30,92.01
3395,Income Statement,Gain (Loss) on Sale of Assets,2022-06-30,278.72
3395,Income Statement,Gross Profit,2019-06-30,2789.48
3395,Income Statement,Gross Profit,2020-06-30,1876.1
3395,Income Statement,Gross Profit,2021-06-30,1973.19
3395,Income Statement,Gross Profit,2022-06-30,2460.1
3395,Income Statement,Income Available to Common Excluding Extraordinary Items,2019-06-30,-103.02
3395,Income Statement,Income Available to Common Excluding Extraordinary Items,2020-06-30,-89.73
3395,Income Statement,Income Available to Common Excluding Extraordinary Items,2021-06-30,-457.12
3395,Income Statement,Income Available to Common Excluding Extraordinary Items,2022-06-30,53.76
3395,Income Statement,"Interest Income (Expense), Net Non-Operating",2019-06-30,-394.32
3395,Income Statement,"Interest Income (Expense), Net Non-Operating",2020-06-30,-355.63
3395,Income Statement,"Interest Income (Expense), Net Non-Operating",2021-06-30,-327.9
3395,Income Statement,Minority Interest,2019-06-30,-233.29
3395,Income Statement,Minority Interest,2020-06-30,-32.33
3395,Income Statement,Minority Interest,2021-06-30,2824.23
3395,Income Statement,Minority Interest,2022-06-30,2808.37
3395,Income Statement,Net Income,2019-06-30,-111.76
3395,Income Statement,Net Income,2020-06-30,-95.23
3395,Income Statement,Net Income,2021-06-30,-459.63
3395,Income Statement,Net Income,2022-06-30,51.77
3395,Income Statement,Net Income After Taxes,2019-06-30,121.53
3395,Income Statement,Net Income After Taxes,2020-06-30,-62.89
3395,Income Statement,Net Income After Taxes,2021-06-30,-457.14
3395,Income Statement,Net Income After Taxes,2022-06-30,23.49
3395,Income Statement,Net Income Before Extraordinary Items,2019-06-30,-111.76
3395,Income Statement,Net Income Before Extraordinary Items,2020-06-30,-95.23
3395,Income Statement,Net Income Before Extraordinary Items,2021-06-30,-459.63
3395,Income Statement,Net Income Before Extraordinary Items,2022-06-30,51.77
3395,Income Statement,Net Income Before Taxes,2019-06-30,423.54
3395,Income Statement,Net Income Before Taxes,2020-06-30,173.46
3395,Income Statement,Net Income Before Taxes,2021-06-30,-260.39
3395,Income Statement,Net Income Before Taxes,2022-06-30,230.57
3395,Income Statement,Operating Income,2019-06-30,843.77
3395,Income Statement,Operating Income,2020-06-30,551.81
3395,Income Statement,Operating Income,2021-06-30,54.04
3395,Income Statement,Operating Income,2022-06-30,258.59
3395,Income Statement,"Other, Net",2019-06-30,-25.91
3395,Income Statement,"Other, Net",2020-06-30,-22.73
3395,Income Statement,"Other, Net",2021-06-30,222.42
3395,Income Statement,"Other, Net",2022-06-30,-250.69
3395,Income Statement,Provision for Income Taxes,2019-06-30,302.0
3395,Income Statement,Provision for Income Taxes,2020-06-30,236.35
3395,Income Statement,Provision for Income Taxes,2021-06-30,196.75
3395,Income Statement,Provision for Income Taxes,2022-06-30,207.08
3395,Income Statement,Total Adjustments to Net Income,2019-06-30,8.73
3395,Income Statement,Total Adjustments to Net Income,2020-06-30,5.49
3395,Income Statement,Total Adjustments to Net Income,2021-06-30,2.51
3395,Income Statement,Total Adjustments to Net Income,2022-06-30,1.99
3395,Income Statement,Total Operating Expenses,2019-06-30,8949.51
3395,Income Statement,Total Operating Expenses,2020-06-30,6437.97
3395,Income Statement,Total Operating Expenses,2021-06-30,7410.5
3395,Income Statement,Total Operating Expenses,2022-06-30,7896.55
3395,Income Statement,Total Operating Expenses > Interest Expense (Income) - Net Operating,2019-06-30,-54.64
3395,Income Statement,Total Operating Expenses > Interest Expense (Income) - Net Operating,2020-06-30,-804.98
3395,Income Statement,Total Operating Expenses > Interest Expense (Income) - Net Operating,2021-06-30,-347.82
3395,Income Statement,Total Operating Expenses > Interest Expense (Income) - Net Operating,2022-06-30,-341.06
3395,Income Statement,"Total Operating Expenses > Other Operating Expenses, Total",2019-06-30,-155.07
3395,Income Statement,"Total Operating Expenses > Other Operating Expenses, Total",2020-06-30,-117.57
3395,Income Statement,"Total Operating Expenses > Other Operating Expenses, Total",2021-06-30,347.31
3395,Income Statement,"Total Operating Expenses > Other Operating Expenses, Total",2022-06-30,338.64
3395,Income Statement,Total Operating Expenses > Research & Development,2021-06-30,0.511
3395,Income Statement,Total Operating Expenses > Research & Development,2022-06-30,2.42
3395,Income Statement,"Total Operating Expenses > Selling/General/Admin. Expenses, Total",2019-06-30,2325.11
3395,Income Statement,"Total Operating Expenses > Selling/General/Admin. Expenses, Total",2020-06-30,2098.51
3395,Income Statement,"Total Operating Expenses > Selling/General/Admin. Expenses, Total",2021-06-30,1919.15
3395,Income Statement,"Total Operating Expenses > Selling/General/Admin. Expenses, Total",2022-06-30,2201.5
3395,Income Statement,Total Operating Expenses > Unusual Expense (Income),2019-06-30,-169.7
3395,Income Statement,Total Operating Expenses > Unusual Expense (Income),2020-06-30,148.33
3395,Income Statement,Total Operating Expenses > Unusual Expense (Income),2021-06-30,29.83
3395,Income Statement,Total Revenue,2019-06-30,9793.27
3395,Income Statement,Total Revenue,2020-06-30,6989.78
3395,Income Statement,Total Revenue,2021-06-30,7464.54
3395,Income Statement,Total Revenue,2022-06-30,8155.14
3395,Income Statement,Total Revenue > Revenue,2019-06-30,9793.27
3395,Income Statement,Total Revenue > Revenue,2020-06-30,6989.78
3395,Income Statement,Total Revenue > Revenue,2021-06-30,7464.54
3395,Income Statement,Total Revenue > Revenue,2022-06-30,8155.14
3417,Balance Sheet,Total Assets,2020-03-31,3385.97
3417,Balance Sheet,Total Assets,2021-03-31,3615.09
3417,Balance Sheet,Total Assets,2022-03-31,3354.03
3417,Balance Sheet,Total Assets,2023-03-31,3931.31
3417,Balance Sheet,"Total Assets > Accumulated Depreciation, Total",2020-03-31,-173.7
3417,Balance Sheet,"Total Assets > Accumulated Depreciation, Total",2021-03-31,-170.78
3417,Balance Sheet,"Total Assets > Accumulated Depreciation, Total",2022-03-31,-180.46
3417,Balance Sheet,"Total Assets > Accumulated Depreciation, Total",2023-03-31,-196.32
3417,Balance Sheet,"Total Assets > Intangibles, Net",2020-03-31,0.02
3417,Balance Sheet,"Total Assets > Intangibles, Net",2021-03-31,0.062
3417,Balance Sheet,"Total Assets > Intangibles, Net",2022-03-31,0.035
3417,Balance Sheet,"Total Assets > Intangibles, Net",2023-03-31,0.027
3417,Balance Sheet,Total Assets > Long Term Investments,2020-03-31,522.07
3417,Balance Sheet,Total Assets > Long Term Investments,2021-03-31,488.99
3417,Balance Sheet,Total Assets > Long Term Investments,2022-03-31,120.39
3417,Balance Sheet,Total Assets > Long Term Investments,2023-03-31,104.29
3417,Balance Sheet,Total Assets > Note Receivable - Long Term,2020-03-31,9.48
3417,Balance Sheet,Total Assets > Note Receivable - Long Term,2021-03-31,110.13
3417,Balance Sheet,Total Assets > Note Receivable - Long Term,2022-03-31,15.14
3417,Balance Sheet,Total Assets > Note Receivable - Long Term,2023-03-31,16.27
3417,Balance Sheet,"Total Assets > Other Assets, Total",2021-03-31,289.78
3417,Balance Sheet,"Total Assets > Other Assets, Total",2022-03-31,475.36
3417,Balance Sheet,"Total Assets > Other Assets, Total",2023-03-31,512.89
3417,Balance Sheet,"Total Assets > Other Long Term Assets, Total",2020-03-31,1505.32
3417,Balance Sheet,"Total Assets > Other Long Term Assets, Total",2021-03-31,1745.75
3417,Balance Sheet,"Total Assets > Other Long Term Assets, Total",2022-03-31,2249.93
3417,Balance Sheet,"Total Assets > Other Long Term Assets, Total",2023-03-31,2454.22
3417,Balance Sheet,"Total Assets > Property/Plant/Equipment, Total - Gross",2020-03-31,468.24
3417,Balance Sheet,"Total Assets > Property/Plant/Equipment, Total - Gross",2021-03-31,416.17
3417,Balance Sheet,"Total Assets > Property/Plant/Equipment, Total - Gross",2022-03-31,440.85
3417,Balance Sheet,"Total Assets > Property/Plant/Equipment, Total - Gross",2023-03-31,438.05
3417,Balance Sheet,"Total Assets > Property/Plant/Equipment, Total - Net",2020-03-31,294.54
3417,Balance Sheet,"Total Assets > Property/Plant/Equipment, Total - Net",2021-03-31,245.92
3417,Balance Sheet,"Total Assets > Property/Plant/Equipment, Total - Net",2022-03-31,260.4
3417,Balance Sheet,"Total Assets > Property/Plant/Equipment, Total - Net",2023-03-31,241.73
3417,Balance Sheet,Total Common Shares Outstanding,2020-03-31,1431.35
3417,Balance Sheet,Total Common Shares Outstanding,2021-03-31,1431.35
3417,Balance Sheet,Total Common Shares Outstanding,2022-03-31,1451.15
3417,Balance Sheet,Total Common Shares Outstanding,2023-03-31,1472.17
3417,Balance Sheet,Total Current Assets,2020-03-31,1054.54
3417,Balance Sheet,Total Current Assets,2021-03-31,1132.3
3417,Balance Sheet,Total Current Assets,2022-03-31,695.85
3417,Balance Sheet,Total Current Assets,2023-03-31,1034.05
3417,Balance Sheet,"Total Current Assets > Accounts Receivables - Trade, Net",2020-03-31,84.13
3417,Balance Sheet,"Total Current Assets > Accounts Receivables - Trade, Net",2021-03-31,81.23
3417,Balance Sheet,"Total Current Assets > Accounts Receivables - Trade, Net",2022-03-31,24.7
3417,Balance Sheet,"Total Current Assets > Accounts Receivables - Trade, Net",2023-03-31,9.44
3417,Balance Sheet,Total Current Assets > Cash,2020-03-31,252.77
3417,Balance Sheet,Total Current Assets > Cash,2021-03-31,435.18
3417,Balance Sheet,Total Current Assets > Cash,2022-03-31,137.99
3417,Balance Sheet,Total Current Assets > Cash & Equivalents,2022-03-31,137.99
3417,Balance Sheet,Total Current Assets > Cash & Equivalents,2023-03-31,563.14
3417,Balance Sheet,Total Current Assets > Cash and Short Term Investments,2020-03-31,296.43
3417,Balance Sheet,Total Current Assets > Cash and Short Term Investments,2021-03-31,469.3
3417,Balance Sheet,Total Current Assets > Cash and Short Term Investments,2022-03-31,140.41
3417,Balance Sheet,Total Current Assets > Cash and Short Term Investments,2023-03-31,566.09
3417,Balance Sheet,"Total Current Assets > Other Current Assets, Total",2020-03-31,73.4
3417,Balance Sheet,"Total Current Assets > Other Current Assets, Total",2021-03-31,21.52
3417,Balance Sheet,"Total Current Assets > Other Current Assets, Total",2022-03-31,26.94
3417,Balance Sheet,"Total Current Assets > Other Current Assets, Total",2023-03-31,40.96
3417,Balance Sheet,Total Current Assets > Prepaid Expenses,2020-03-31,12.89
3417,Balance Sheet,Total Current Assets > Prepaid Expenses,2021-03-31,9.38
3417,Balance Sheet,Total Current Assets > Prepaid Expenses,2022-03-31,6.11
3417,Balance Sheet,Total Current Assets > Prepaid Expenses,2023-03-31,3.6
3417,Balance Sheet,Total Current Assets > Short Term Investments,2020-03-31,43.66
3417,Balance Sheet,Total Current Assets > Short Term Investments,2021-03-31,2.05
3417,Balance Sheet,Total Current Assets > Short Term Investments,2022-03-31,2.42
3417,Balance Sheet,Total Current Assets > Short Term Investments,2023-03-31,2.96
3417,Balance Sheet,Total Current Assets > Total Inventory,2020-03-31,552.35
3417,Balance Sheet,Total Current Assets > Total Inventory,2021-03-31,433.6
3417,Balance Sheet,Total Current Assets > Total Inventory,2022-03-31,458.4
3417,Balance Sheet,Total Current Assets > Total Inventory,2023-03-31,397.69
3417,Balance Sheet,"Total Current Assets > Total Receivables, Net",2020-03-31,119.48
3417,Balance Sheet,"Total Current Assets > Total Receivables, Net",2021-03-31,196.46
3417,Balance Sheet,"Total Current Assets > Total Receivables, Net",2022-03-31,63.98
3417,Balance Sheet,"Total Current Assets > Total Receivables, Net",2023-03-31,25.71
3417,Balance Sheet,Total Current Liabilities,2020-03-31,714.17
3417,Balance Sheet,Total Current Liabilities,2021-03-31,652.38
3417,Balance Sheet,Total Current Liabilities,2022-03-31,336.37
3417,Balance Sheet,Total Current Liabilities,2023-03-31,588.58
3417,Balance Sheet,Total Current Liabilities > Accounts Payable,2020-03-31,55.09
3417,Balance Sheet,Total Current Liabilities > Accounts Payable,2021-03-31,49.04
3417,Balance Sheet,Total Current Liabilities > Accounts Payable,2022-03-31,40.2
3417,Balance Sheet,Total Current Liabilities > Accounts Payable,2023-03-31,31.16
3417,Balance Sheet,Total Current Liabilities > Accrued Expenses,2020-03-31,46.74
3417,Balance Sheet,Total Current Liabilities > Accrued Expenses,2021-03-31,212.58
3417,Balance Sheet,Total Current Liabilities > Accrued Expenses,2022-03-31,0.954
3417,Balance Sheet,Total Current Liabilities > Accrued Expenses,2023-03-31,0.048
3417,Balance Sheet,Total Current Liabilities > Current Port. of LT Debt/Capital Leases,2020-03-31,267.1
3417,Balance Sheet,Total Current Liabilities > Current Port. of LT Debt/Capital Leases,2021-03-31,138.89
3417,Balance Sheet,Total Current Liabilities > Current Port. of LT Debt/Capital Leases,2022-03-31,42.99
3417,Balance Sheet,Total Current Liabilities > Current Port. of LT Debt/Capital Leases,2023-03-31,201.6
3417,Balance Sheet,Total Current Liabilities > Notes Payable/Short Term Debt,2020-03-31,40.13
3417,Balance Sheet,Total Current Liabilities > Notes Payable/Short Term Debt,2021-03-31,19.9
3417,Balance Sheet,Total Current Liabilities > Notes Payable/Short Term Debt,2022-03-31,46.6
3417,Balance Sheet,Total Current Liabilities > Notes Payable/Short Term Debt,2023-03-31,182.0
3417,Balance Sheet,"Total Current Liabilities > Other Current liabilities, Total",2020-03-31,305.1
3417,Balance Sheet,"Total Current Liabilities > Other Current liabilities, Total",2021-03-31,229.17
3417,Balance Sheet,"Total Current Liabilities > Other Current liabilities, Total",2022-03-31,205.63
3417,Balance Sheet,"Total Current Liabilities > Other Current liabilities, Total",2023-03-31,173.77
3417,Balance Sheet,Total Current Liabilities > Payable/Accrued,2020-03-31,152.0
3417,Balance Sheet,Total Current Liabilities > Payable/Accrued,2021-03-31,332.29
3417,Balance Sheet,Total Current Liabilities > Payable/Accrued,2022-03-31,93.62
3417,Balance Sheet,Total Equity,2020-03-31,1767.46
3417,Balance Sheet,Total Equity,2021-03-31,1716.42
3417,Balance Sheet,Total Equity,2022-03-31,1790.78
3417,Balance Sheet,Total Equity,2023-03-31,2067.76
3417,Balance Sheet,"Total Equity > Common Stock, Total",2020-03-31,1521.8
3417,Balance Sheet,"Total Equity > Common Stock, Total",2021-03-31,1521.8
3417,Balance Sheet,"Total Equity > Common Stock, Total",2022-03-31,1535.18
3417,Balance Sheet,"Total Equity > Common Stock, Total",2023-03-31,1540.13
3417,Balance Sheet,"Total Equity > Other Equity, Total",2020-03-31,-4.43
3417,Balance Sheet,"Total Equity > Other Equity, Total",2021-03-31,30.69
3417,Balance Sheet,"Total Equity > Other Equity, Total",2022-03-31,27.19
3417,Balance Sheet,"Total Equity > Other Equity, Total",2023-03-31,254.62
3417,Balance Sheet,Total Equity > Retained Earnings (Accumulated Deficit),2020-03-31,278.25
3417,Balance Sheet,Total Equity > Retained Earnings (Accumulated Deficit),2021-03-31,192.09
3417,Balance Sheet,Total Equity > Retained Earnings (Accumulated Deficit),2022-03-31,256.57
3417,Balance Sheet,Total Equity > Retained Earnings (Accumulated Deficit),2023-03-31,301.17
3417,Balance Sheet,Total Equity > Treasury Stock - Common,2020-03-31,-28.16
3417,Balance Sheet,Total Equity > Treasury Stock - Common,2021-03-31,-28.16
3417,Balance Sheet,Total Equity > Treasury Stock - Common,2022-03-31,-28.16
3417,Balance Sheet,Total Equity > Treasury Stock - Common,2023-03-31,-28.16
3417,Balance Sheet,Total Liabilities,2020-03-31,1618.51
3417,Balance Sheet,Total Liabilities,2021-03-31,1898.68
3417,Balance Sheet,Total Liabilities,2022-03-31,1563.25
3417,Balance Sheet,Total Liabilities,2023-03-31,1863.54
3417,Balance Sheet,Total Liabilities & Shareholders' Equity,2020-03-31,3385.97
3417,Balance Sheet,Total Liabilities & Shareholders' Equity,2021-03-31,3615.09
3417,Balance Sheet,Total Liabilities & Shareholders' Equity,2022-03-31,3354.03
3417,Balance Sheet,Total Liabilities & Shareholders' Equity,2023-03-31,3931.31
3417,Balance Sheet,Total Liabilities > Capital Lease Obligations,2020-03-31,57.76
3417,Balance Sheet,Total Liabilities > Capital Lease Obligations,2021-03-31,53.34
3417,Balance Sheet,Total Liabilities > Capital Lease Obligations,2022-03-31,37.39
3417,Balance Sheet,Total Liabilities > Capital Lease Obligations,2023-03-31,28.04
3417,Balance Sheet,Total Liabilities > Deferred Income Tax,2020-03-31,40.99
3417,Balance Sheet,Total Liabilities > Deferred Income Tax,2021-03-31,39.84
3417,Balance Sheet,Total Liabilities > Deferred Income Tax,2022-03-31,41.73
3417,Balance Sheet,Total Liabilities > Deferred Income Tax,2023-03-31,50.81
3417,Balance Sheet,Total Liabilities > Long Term Debt,2020-03-31,741.67
3417,Balance Sheet,Total Liabilities > Long Term Debt,2021-03-31,1122.79
3417,Balance Sheet,Total Liabilities > Long Term Debt,2022-03-31,1106.88
3417,Balance Sheet,Total Liabilities > Long Term Debt,2023-03-31,1109.34
3417,Balance Sheet,Total Liabilities > Minority Interest,2020-03-31,45.12
3417,Balance Sheet,Total Liabilities > Minority Interest,2021-03-31,47.64
3417,Balance Sheet,Total Liabilities > Minority Interest,2022-03-31,37.18
3417,Balance Sheet,Total Liabilities > Minority Interest,2023-03-31,44.41
3417,Balance Sheet,"Total Liabilities > Other Liabilities, Total",2020-03-31,18.8
3417,Balance Sheet,"Total Liabilities > Other Liabilities, Total",2021-03-31,-139.63
3417,Balance Sheet,"Total Liabilities > Other Liabilities, Total",2022-03-31,-300.32
3417,Balance Sheet,"Total Liabilities > Other Liabilities, Total",2023-03-31,-434.41
3417,Balance Sheet,Total Liabilities > Total Long Term Debt,2020-03-31,799.43
3417,Balance Sheet,Total Liabilities > Total Long Term Debt,2021-03-31,1176.13
3417,Balance Sheet,Total Liabilities > Total Long Term Debt,2022-03-31,1144.26
3417,Balance Sheet,Total Liabilities > Total Long Term Debt,2023-03-31,1137.38
3417,Cash Flow,Beginning Cash Balance,2021-03-31,270.7
3417,Cash Flow,Beginning Cash Balance,2022-03-31,451.42
3417,Cash Flow,Beginning Cash Balance,2023-03-31,147.97
3417,Cash Flow,Cash From Financing Activities,2020-03-31,-461.1
3417,Cash Flow,Cash From Financing Activities,2021-03-31,230.95
3417,Cash Flow,Cash From Financing Activities,2022-03-31,-67.59
3417,Cash Flow,Cash From Financing Activities,2023-03-31,532.34
3417,Cash Flow,Cash From Financing Activities > Financing Cash Flow Items,2020-03-31,-1.51
3417,Cash Flow,Cash From Financing Activities > Financing Cash Flow Items,2021-03-31,5.49
3417,Cash Flow,Cash From Financing Activities > Financing Cash Flow Items,2022-03-31,-2.03
3417,Cash Flow,Cash From Financing Activities > Financing Cash Flow Items,2023-03-31,-9.98
3417,Cash Flow,"Cash From Financing Activities > Issuance (Retirement) of Debt, Net",2020-03-31,-416.19
3417,Cash Flow,"Cash From Financing Activities > Issuance (Retirement) of Debt, Net",2021-03-31,239.77
3417,Cash Flow,"Cash From Financing Activities > Issuance (Retirement) of Debt, Net",2022-03-31,-65.56
3417,Cash Flow,"Cash From Financing Activities > Issuance (Retirement) of Debt, Net",2023-03-31,286.56
3417,Cash Flow,"Cash From Financing Activities > Issuance (Retirement) of Stock, Net",2020-03-31,-0.43
3417,Cash Flow,"Cash From Financing Activities > Issuance (Retirement) of Stock, Net",2023-03-31,255.76
3417,Cash Flow,Cash From Financing Activities > Total Cash Dividends Paid,2020-03-31,-42.98
3417,Cash Flow,Cash From Financing Activities > Total Cash Dividends Paid,2021-03-31,-14.31
3417,Cash Flow,Cash From Investing Activities,2020-03-31,-27.53
3417,Cash Flow,Cash From Investing Activities,2021-03-31,-0.067
3417,Cash Flow,Cash From Investing Activities,2022-03-31,7.82
3417,Cash Flow,Cash From Investing Activities,2023-03-31,10.16
3417,Cash Flow,Cash From Investing Activities > Capital Expenditures,2020-03-31,-40.18
3417,Cash Flow,Cash From Investing Activities > Capital Expenditures,2021-03-31,-2.5
3417,Cash Flow,Cash From Investing Activities > Capital Expenditures,2022-03-31,-8.67
3417,Cash Flow,Cash From Investing Activities > Capital Expenditures,2023-03-31,-2.73
3417,Cash Flow,"Cash From Investing Activities > Other Investing Cash Flow Items, Total",2020-03-31,12.65
3417,Cash Flow,"Cash From Investing Activities > Other Investing Cash Flow Items, Total",2021-03-31,2.44
3417,Cash Flow,"Cash From Investing Activities > Other Investing Cash Flow Items, Total",2022-03-31,16.49
3417,Cash Flow,"Cash From Investing Activities > Other Investing Cash Flow Items, Total",2023-03-31,12.89
3417,Cash Flow,Cash From Operating Activities,2020-03-31,-88.99
3417,Cash Flow,Cash From Operating Activities,2021-03-31,-19.66
3417,Cash Flow,Cash From Operating Activities,2022-03-31,-259.24
3417,Cash Flow,Cash From Operating Activities,2023-03-31,-128.08
3417,Cash Flow,Cash From Operating Activities > Amortization,2020-03-31,0.07
3417,Cash Flow,Cash From Operating Activities > Amortization,2021-03-31,0.02
3417,Cash Flow,Cash From Operating Activities > Amortization,2022-03-31,0.01
3417,Cash Flow,Cash From Operating Activities > Cash Interest Paid,2020-03-31,56.26
3417,Cash Flow,Cash From Operating Activities > Cash Interest Paid,2021-03-31,46.86
3417,Cash Flow,Cash From Operating Activities > Cash Interest Paid,2022-03-31,48.68
3417,Cash Flow,Cash From Operating Activities > Cash Interest Paid,2023-03-31,54.82
3417,Cash Flow,Cash From Operating Activities > Cash Taxes Paid,2020-03-31,80.11
3417,Cash Flow,Cash From Operating Activities > Cash Taxes Paid,2021-03-31,24.98
3417,Cash Flow,Cash From Operating Activities > Cash Taxes Paid,2022-03-31,18.91
3417,Cash Flow,Cash From Operating Activities > Cash Taxes Paid,2023-03-31,43.07
3417,Cash Flow,Cash From Operating Activities > Changes in Working Capital,2020-03-31,-205.87
3417,Cash Flow,Cash From Operating Activities > Changes in Working Capital,2021-03-31,-43.87
3417,Cash Flow,Cash From Operating Activities > Changes in Working Capital,2022-03-31,-212.8
3417,Cash Flow,Cash From Operating Activities > Changes in Working Capital,2023-03-31,-163.75
3417,Cash Flow,Cash From Operating Activities > Depreciation/Depletion,2020-03-31,23.23
3417,Cash Flow,Cash From Operating Activities > Depreciation/Depletion,2021-03-31,22.42
3417,Cash Flow,Cash From Operating Activities > Depreciation/Depletion,2022-03-31,18.59
3417,Cash Flow,Cash From Operating Activities > Depreciation/Depletion,2023-03-31,22.18
3417,Cash Flow,Cash From Operating Activities > Non-Cash Items,2020-03-31,249.19
3417,Cash Flow,Cash From Operating Activities > Non-Cash Items,2021-03-31,115.01
3417,Cash Flow,Cash From Operating Activities > Non-Cash Items,2022-03-31,-128.8
3417,Cash Flow,Cash From Operating Activities > Non-Cash Items,2023-03-31,-31.06
3417,Cash Flow,Ending Cash Balance,2022-03-31,137.99
3417,Cash Flow,Ending Cash Balance,2023-03-31,563.14
3417,Cash Flow,Foreign Exchange Effects,2020-03-31,-0.77
3417,Cash Flow,Foreign Exchange Effects,2021-03-31,48.96
3417,Cash Flow,Foreign Exchange Effects,2022-03-31,-23.18
3417,Cash Flow,Foreign Exchange Effects,2023-03-31,-7.54
3417,Cash Flow,Free Cash Flow,2022-03-31,-146.84
3417,Cash Flow,Free Cash Flow,2023-03-31,29.81
3417,Cash Flow,Free Cash Flow Growth,2022-03-31,-182.36
3417,Cash Flow,Free Cash Flow Growth,2023-03-31,120.3
3417,Cash Flow,Free Cash Flow Yield,2021-03-31,-2.59
3417,Cash Flow,Free Cash Flow Yield,2022-03-31,-35.45
3417,Cash Flow,Free Cash Flow Yield,2023-03-31,-28.14
3417,Cash Flow,Net Change in Cash,2020-03-31,-578.39
3417,Cash Flow,Net Change in Cash,2021-03-31,198.59
3417,Cash Flow,Net Change in Cash,2022-03-31,-313.43
3417,Cash Flow,Net Change in Cash,2023-03-31,415.16
3417,Cash Flow,Net Income/Starting Line,2020-03-31,-155.61
3417,Cash Flow,Net Income/Starting Line,2021-03-31,-71.74
3417,Cash Flow,Net Income/Starting Line,2022-03-31,63.76
3417,Cash Flow,Net Income/Starting Line,2023-03-31,44.54
3417,Income Statement,"Cost of Revenue, Total",2020-03-31,284.52
3417,Income Statement,"Cost of Revenue, Total",2021-03-31,181.95
3417,Income Statement,"Cost of Revenue, Total",2022-03-31,60.98
3417,Income Statement,"Cost of Revenue, Total",2023-03-31,289.48
3417,Income Statement,DPS - Common Stock Primary Issue,2020-03-31,0.01
3417,Income Statement,Diluted EPS Excluding Extraordinary Items,2020-03-31,-0.14
3417,Income Statement,Diluted EPS Excluding Extraordinary Items,2021-03-31,-0.05
3417,Income Statement,Diluted EPS Excluding Extraordinary Items,2022-03-31,0.044
3417,Income Statement,Diluted EPS Excluding Extraordinary Items,2023-03-31,0.018
3417,Income Statement,Diluted Net Income,2020-03-31,-195.94
3417,Income Statement,Diluted Net Income,2021-03-31,-71.71
3417,Income Statement,Diluted Net Income,2022-03-31,63.77
3417,Income Statement,Diluted Net Income,2023-03-31,44.61
3417,Income Statement,Diluted Normalized EPS,2020-03-31,-0.13
3417,Income Statement,Diluted Normalized EPS,2021-03-31,-0.04
3417,Income Statement,Diluted Normalized EPS,2022-03-31,-0.026
3417,Income Statement,Diluted Normalized EPS,2023-03-31,-0.018
3417,Income Statement,Diluted Weighted Average Shares,2020-03-31,1432.45
3417,Income Statement,Diluted Weighted Average Shares,2021-03-31,1431.35
3417,Income Statement,Diluted Weighted Average Shares,2022-03-31,1439.6
3417,Income Statement,Diluted Weighted Average Shares,2023-03-31,2520.23
3417,Income Statement,Dilution Adjustment,2021-03-31,-0.03
3417,Income Statement,Dilution Adjustment,2022-03-31,-0.014
3417,Income Statement,Dilution Adjustment,2023-03-31,-0.065
3417,Income Statement,Gain (Loss) on Sale of Assets,2021-03-31,5.49
3417,Income Statement,Gain (Loss) on Sale of Assets,2022-03-31,9.05
3417,Income Statement,Gain (Loss) on Sale of Assets,2023-03-31,1.12
3417,Income Statement,Gross Profit,2020-03-31,202.28
3417,Income Statement,Gross Profit,2021-03-31,58.25
3417,Income Statement,Gross Profit,2022-03-31,79.52
3417,Income Statement,Gross Profit,2023-03-31,28.59
3417,Income Statement,Income Available to Common Excluding Extraordinary Items,2020-03-31,-195.94
3417,Income Statement,Income Available to Common Excluding Extraordinary Items,2021-03-31,-71.74
3417,Income Statement,Income Available to Common Excluding Extraordinary Items,2022-03-31,63.76
3417,Income Statement,Income Available to Common Excluding Extraordinary Items,2023-03-31,44.54
3417,Income Statement,"Interest Income (Expense), Net Non-Operating",2020-03-31,-65.75
3417,Income Statement,"Interest Income (Expense), Net Non-Operating",2021-03-31,-38.93
3417,Income Statement,"Interest Income (Expense), Net Non-Operating",2022-03-31,-30.65
3417,Income Statement,Minority Interest,2020-03-31,-3.6
3417,Income Statement,Minority Interest,2021-03-31,-2.52
3417,Income Statement,Minority Interest,2022-03-31,37.18
3417,Income Statement,Minority Interest,2023-03-31,44.41
3417,Income Statement,Net Income,2020-03-31,-195.94
3417,Income Statement,Net Income,2021-03-31,-71.74
3417,Income Statement,Net Income,2022-03-31,63.76
3417,Income Statement,Net Income,2023-03-31,44.54
3417,Income Statement,Net Income After Taxes,2020-03-31,-192.34
3417,Income Statement,Net Income After Taxes,2021-03-31,-69.22
3417,Income Statement,Net Income After Taxes,2022-03-31,67.82
3417,Income Statement,Net Income After Taxes,2023-03-31,51.77
3417,Income Statement,Net Income Before Extraordinary Items,2020-03-31,-195.94
3417,Income Statement,Net Income Before Extraordinary Items,2021-03-31,-71.74
3417,Income Statement,Net Income Before Extraordinary Items,2022-03-31,63.76
3417,Income Statement,Net Income Before Extraordinary Items,2023-03-31,44.54
3417,Income Statement,Net Income Before Taxes,2020-03-31,-155.61
3417,Income Statement,Net Income Before Taxes,2021-03-31,-48.04
3417,Income Statement,Net Income Before Taxes,2022-03-31,82.54
3417,Income Statement,Net Income Before Taxes,2023-03-31,55.99
3417,Income Statement,Operating Income,2020-03-31,-89.36
3417,Income Statement,Operating Income,2021-03-31,-0.505
3417,Income Statement,Operating Income,2022-03-31,-3.28
3417,Income Statement,Operating Income,2023-03-31,-32.88
3417,Income Statement,"Other, Net",2020-03-31,-0.5
3417,Income Statement,"Other, Net",2021-03-31,42.04
3417,Income Statement,"Other, Net",2022-03-31,-94.87
3417,Income Statement,"Other, Net",2023-03-31,-89.98
3417,Income Statement,Provision for Income Taxes,2020-03-31,36.73
3417,Income Statement,Provision for Income Taxes,2021-03-31,21.19
3417,Income Statement,Provision for Income Taxes,2022-03-31,14.72
3417,Income Statement,Provision for Income Taxes,2023-03-31,4.21
3417,Income Statement,Total Operating Expenses,2020-03-31,576.16
3417,Income Statement,Total Operating Expenses,2021-03-31,305.23
3417,Income Statement,Total Operating Expenses,2022-03-31,143.78
3417,Income Statement,Total Operating Expenses,2023-03-31,236.28
3417,Income Statement,Total Operating Expenses > Interest Expense (Income) - Net Operating,2020-03-31,-25.53
3417,Income Statement,Total Operating Expenses > Interest Expense (Income) - Net Operating,2021-03-31,-68.88
3417,Income Statement,Total Operating Expenses > Interest Expense (Income) - Net Operating,2022-03-31,-25.93
3417,Income Statement,Total Operating Expenses > Interest Expense (Income) - Net Operating,2023-03-31,-23.66
3417,Income Statement,"Total Operating Expenses > Other Operating Expenses, Total",2020-03-31,237.26
3417,Income Statement,"Total Operating Expenses > Other Operating Expenses, Total",2021-03-31,52.14
3417,Income Statement,"Total Operating Expenses > Other Operating Expenses, Total",2022-03-31,47.38
3417,Income Statement,"Total Operating Expenses > Other Operating Expenses, Total",2023-03-31,37.75
3417,Income Statement,"Total Operating Expenses > Selling/General/Admin. Expenses, Total",2020-03-31,79.91
3417,Income Statement,"Total Operating Expenses > Selling/General/Admin. Expenses, Total",2021-03-31,39.4
3417,Income Statement,"Total Operating Expenses > Selling/General/Admin. Expenses, Total",2022-03-31,61.35
3417,Income Statement,"Total Operating Expenses > Selling/General/Admin. Expenses, Total",2023-03-31,47.37
3417,Income Statement,Total Operating Expenses > Unusual Expense (Income),2020-03-31,-0.0
3417,Income Statement,Total Operating Expenses > Unusual Expense (Income),2021-03-31,-0.02
3417,Income Statement,Total Revenue,2020-03-31,486.8
3417,Income Statement,Total Revenue,2021-03-31,304.73
3417,Income Statement,Total Revenue,2022-03-31,140.5
3417,Income Statement,Total Revenue,2023-03-31,318.07
3417,Income Statement,Total Revenue > Revenue,2020-03-31,486.8
3417,Income Statement,Total Revenue > Revenue,2021-03-31,304.73
3417,Income Statement,Total Revenue > Revenue,2022-03-31,140.5
3417,Income Statement,Total Revenue > Revenue,2023-03-31,318.07
3794,Balance Sheet,Total Assets,2018-12-31,4277.3
3794,Balance Sheet,Total Assets,2020-06-30,3856.24
3794,Balance Sheet,Total Assets,2021-06-30,3761.98
3794,Balance Sheet,Total Assets,2022-06-30,10425.28
3794,Balance Sheet,"Total Assets > Accumulated Depreciation, Total",2018-12-31,-2891.3
3794,Balance Sheet,"Total Assets > Accumulated Depreciation, Total",2020-06-30,-3013.78
3794,Balance Sheet,"Total Assets > Accumulated Depreciation, Total",2021-06-30,-3252.29
3794,Balance Sheet,"Total Assets > Accumulated Depreciation, Total",2022-06-30,-5998.1
3794,Balance Sheet,"Total Assets > Goodwill, Net",2018-12-31,1387.09
3794,Balance Sheet,"Total Assets > Goodwill, Net",2020-06-30,1387.09
3794,Balance Sheet,"Total Assets > Goodwill, Net",2021-06-30,1387.09
3794,Balance Sheet,"Total Assets > Goodwill, Net",2022-06-30,5552.33
3794,Balance Sheet,"Total Assets > Intangibles, Net",2018-12-31,18.15
3794,Balance Sheet,"Total Assets > Intangibles, Net",2020-06-30,14.93
3794,Balance Sheet,"Total Assets > Intangibles, Net",2021-06-30,1399.89
3794,Balance Sheet,"Total Assets > Intangibles, Net",2022-06-30,5563.0
3794,Balance Sheet,Total Assets > Long Term Investments,2018-12-31,25.56
3794,Balance Sheet,Total Assets > Long Term Investments,2020-06-30,41.83
3794,Balance Sheet,Total Assets > Long Term Investments,2021-06-30,54.58
3794,Balance Sheet,Total Assets > Long Term Investments,2022-06-30,71.98
3794,Balance Sheet,Total Assets > Note Receivable - Long Term,2020-06-30,11.69
3794,Balance Sheet,Total Assets > Note Receivable - Long Term,2021-06-30,25.51
3794,Balance Sheet,Total Assets > Note Receivable - Long Term,2022-06-30,59.28
3794,Balance Sheet,"Total Assets > Other Assets, Total",2021-06-30,-1270.96
3794,Balance Sheet,"Total Assets > Other Assets, Total",2022-06-30,-5240.48
3794,Balance Sheet,"Total Assets > Other Long Term Assets, Total",2018-12-31,239.13
3794,Balance Sheet,"Total Assets > Other Long Term Assets, Total",2020-06-30,228.29
3794,Balance Sheet,"Total Assets > Other Long Term Assets, Total",2021-06-30,3.12
3794,Balance Sheet,"Total Assets > Other Long Term Assets, Total",2022-06-30,3.12
3794,Balance Sheet,"Total Assets > Property/Plant/Equipment, Total - Gross",2018-12-31,4543.93
3794,Balance Sheet,"Total Assets > Property/Plant/Equipment, Total - Gross",2020-06-30,4601.33
3794,Balance Sheet,"Total Assets > Property/Plant/Equipment, Total - Gross",2021-06-30,4727.48
3794,Balance Sheet,"Total Assets > Property/Plant/Equipment, Total - Gross",2022-06-30,9020.0
3794,Balance Sheet,"Total Assets > Property/Plant/Equipment, Total - Net",2018-12-31,1652.63
3794,Balance Sheet,"Total Assets > Property/Plant/Equipment, Total - Net",2020-06-30,1587.55
3794,Balance Sheet,"Total Assets > Property/Plant/Equipment, Total - Net",2021-06-30,1475.19
3794,Balance Sheet,"Total Assets > Property/Plant/Equipment, Total - Net",2022-06-30,3021.91
3794,Balance Sheet,Total Common Shares Outstanding,2018-12-31,849.7
3794,Balance Sheet,Total Common Shares Outstanding,2020-06-30,849.7
3794,Balance Sheet,Total Common Shares Outstanding,2021-06-30,934.7
3794,Balance Sheet,Total Common Shares Outstanding,2022-06-30,1310.2
3794,Balance Sheet,Total Current Assets,2018-12-31,954.73
3794,Balance Sheet,Total Current Assets,2020-06-30,584.84
3794,Balance Sheet,Total Current Assets,2021-06-30,711.63
3794,Balance Sheet,Total Current Assets,2022-06-30,1760.97
3794,Balance Sheet,"Total Current Assets > Accounts Receivables - Trade, Net",2018-12-31,378.14
3794,Balance Sheet,"Total Current Assets > Accounts Receivables - Trade, Net",2020-06-30,109.44
3794,Balance Sheet,"Total Current Assets > Accounts Receivables - Trade, Net",2021-06-30,293.73
3794,Balance Sheet,"Total Current Assets > Accounts Receivables - Trade, Net",2022-06-30,547.07
3794,Balance Sheet,Total Current Assets > Cash,2018-12-31,84.24
3794,Balance Sheet,Total Current Assets > Cash,2020-06-30,77.15
3794,Balance Sheet,Total Current Assets > Cash,2021-06-30,61.66
3794,Balance Sheet,Total Current Assets > Cash & Equivalents,2021-06-30,61.66
3794,Balance Sheet,Total Current Assets > Cash & Equivalents,2022-06-30,211.73
3794,Balance Sheet,Total Current Assets > Cash and Short Term Investments,2018-12-31,84.24
3794,Balance Sheet,Total Current Assets > Cash and Short Term Investments,2020-06-30,77.15
3794,Balance Sheet,Total Current Assets > Cash and Short Term Investments,2021-06-30,145.88
3794,Balance Sheet,Total Current Assets > Cash and Short Term Investments,2022-06-30,543.43
3794,Balance Sheet,"Total Current Assets > Other Current Assets, Total",2018-12-31,12.89
3794,Balance Sheet,"Total Current Assets > Other Current Assets, Total",2020-06-30,14.53
3794,Balance Sheet,"Total Current Assets > Other Current Assets, Total",2022-06-30,81.12
3794,Balance Sheet,Total Current Assets > Prepaid Expenses,2018-12-31,9.89
3794,Balance Sheet,Total Current Assets > Prepaid Expenses,2020-06-30,3.9
3794,Balance Sheet,Total Current Assets > Prepaid Expenses,2021-06-30,12.91
3794,Balance Sheet,Total Current Assets > Prepaid Expenses,2022-06-30,29.01
3794,Balance Sheet,Total Current Assets > Short Term Investments,2021-06-30,84.22
3794,Balance Sheet,Total Current Assets > Short Term Investments,2022-06-30,331.7
3794,Balance Sheet,Total Current Assets > Total Inventory,2018-12-31,345.37
3794,Balance Sheet,Total Current Assets > Total Inventory,2020-06-30,254.92
3794,Balance Sheet,Total Current Assets > Total Inventory,2021-06-30,233.6
3794,Balance Sheet,Total Current Assets > Total Inventory,2022-06-30,501.07
3794,Balance Sheet,"Total Current Assets > Total Receivables, Net",2018-12-31,502.35
3794,Balance Sheet,"Total Current Assets > Total Receivables, Net",2020-06-30,234.34
3794,Balance Sheet,"Total Current Assets > Total Receivables, Net",2021-06-30,319.25
3794,Balance Sheet,"Total Current Assets > Total Receivables, Net",2022-06-30,606.34
3794,Balance Sheet,Total Current Liabilities,2018-12-31,1264.19
3794,Balance Sheet,Total Current Liabilities,2020-06-30,1094.71
3794,Balance Sheet,Total Current Liabilities,2021-06-30,667.48
3794,Balance Sheet,Total Current Liabilities,2022-06-30,1516.25
3794,Balance Sheet,Total Current Liabilities > Accounts Payable,2018-12-31,456.54
3794,Balance Sheet,Total Current Liabilities > Accounts Payable,2020-06-30,251.62
3794,Balance Sheet,Total Current Liabilities > Accounts Payable,2021-06-30,204.58
3794,Balance Sheet,Total Current Liabilities > Accounts Payable,2022-06-30,486.07
3794,Balance Sheet,Total Current Liabilities > Accrued Expenses,2018-12-31,89.57
3794,Balance Sheet,Total Current Liabilities > Accrued Expenses,2021-06-30,74.79
3794,Balance Sheet,Total Current Liabilities > Accrued Expenses,2022-06-30,80.25
3794,Balance Sheet,Total Current Liabilities > Current Port. of LT Debt/Capital Leases,2020-06-30,235.84
3794,Balance Sheet,Total Current Liabilities > Current Port. of LT Debt/Capital Leases,2021-06-30,14.38
3794,Balance Sheet,Total Current Liabilities > Current Port. of LT Debt/Capital Leases,2022-06-30,564.91
3794,Balance Sheet,Total Current Liabilities > Notes Payable/Short Term Debt,2018-12-31,557.79
3794,Balance Sheet,Total Current Liabilities > Notes Payable/Short Term Debt,2020-06-30,429.8
3794,Balance Sheet,Total Current Liabilities > Notes Payable/Short Term Debt,2021-06-30,220.0
3794,Balance Sheet,Total Current Liabilities > Notes Payable/Short Term Debt,2022-06-30,267.5
3794,Balance Sheet,"Total Current Liabilities > Other Current liabilities, Total",2018-12-31,97.34
3794,Balance Sheet,"Total Current Liabilities > Other Current liabilities, Total",2020-06-30,177.45
3794,Balance Sheet,"Total Current Liabilities > Other Current liabilities, Total",2021-06-30,153.73
3794,Balance Sheet,"Total Current Liabilities > Other Current liabilities, Total",2022-06-30,117.51
3794,Balance Sheet,Total Current Liabilities > Payable/Accrued,2018-12-31,62.96
3794,Balance Sheet,Total Equity,2018-12-31,2545.24
3794,Balance Sheet,Total Equity,2020-06-30,2284.69
3794,Balance Sheet,Total Equity,2021-06-30,2535.32
3794,Balance Sheet,Total Equity,2022-06-30,5778.93
3794,Balance Sheet,"Total Equity > Common Stock, Total",2018-12-31,1950.69
3794,Balance Sheet,"Total Equity > Common Stock, Total",2020-06-30,1950.69
3794,Balance Sheet,"Total Equity > Common Stock, Total",2021-06-30,2187.67
3794,Balance Sheet,"Total Equity > Common Stock, Total",2022-06-30,5345.82
3794,Balance Sheet,"Total Equity > Other Equity, Total",2018-12-31,28.43
3794,Balance Sheet,"Total Equity > Other Equity, Total",2020-06-30,29.98
3794,Balance Sheet,"Total Equity > Other Equity, Total",2021-06-30,38.28
3794,Balance Sheet,"Total Equity > Other Equity, Total",2022-06-30,40.2
3794,Balance Sheet,Total Equity > Retained Earnings (Accumulated Deficit),2018-12-31,563.91
3794,Balance Sheet,Total Equity > Retained Earnings (Accumulated Deficit),2020-06-30,301.88
3794,Balance Sheet,Total Equity > Retained Earnings (Accumulated Deficit),2021-06-30,309.37
3794,Balance Sheet,Total Equity > Retained Earnings (Accumulated Deficit),2022-06-30,392.91
3794,Balance Sheet,Total Equity > Unrealized Gain (Loss),2018-12-31,2.21
3794,Balance Sheet,Total Equity > Unrealized Gain (Loss),2020-06-30,2.13
3794,Balance Sheet,Total Equity > Unrealized Gain (Loss),2021-06-30,2.81
3794,Balance Sheet,Total Liabilities,2018-12-31,1732.05
3794,Balance Sheet,Total Liabilities,2020-06-30,1571.55
3794,Balance Sheet,Total Liabilities,2021-06-30,1226.66
3794,Balance Sheet,Total Liabilities,2022-06-30,4646.36
3794,Balance Sheet,Total Liabilities & Shareholders' Equity,2018-12-31,4277.3
3794,Balance Sheet,Total Liabilities & Shareholders' Equity,2020-06-30,3856.24
3794,Balance Sheet,Total Liabilities & Shareholders' Equity,2021-06-30,3761.98
3794,Balance Sheet,Total Liabilities & Shareholders' Equity,2022-06-30,10425.28
3794,Balance Sheet,Total Liabilities > Capital Lease Obligations,2020-06-30,50.15
3794,Balance Sheet,Total Liabilities > Capital Lease Obligations,2021-06-30,37.5
3794,Balance Sheet,Total Liabilities > Capital Lease Obligations,2022-06-30,36.59
3794,Balance Sheet,Total Liabilities > Deferred Income Tax,2018-12-31,128.2
3794,Balance Sheet,Total Liabilities > Deferred Income Tax,2020-06-30,119.46
3794,Balance Sheet,Total Liabilities > Deferred Income Tax,2021-06-30,128.35
3794,Balance Sheet,Total Liabilities > Deferred Income Tax,2022-06-30,85.26
3794,Balance Sheet,Total Liabilities > Long Term Debt,2018-12-31,279.64
3794,Balance Sheet,Total Liabilities > Long Term Debt,2020-06-30,279.82
3794,Balance Sheet,Total Liabilities > Long Term Debt,2021-06-30,499.91
3794,Balance Sheet,Total Liabilities > Long Term Debt,2022-06-30,2986.53
3794,Balance Sheet,Total Liabilities > Minority Interest,2018-12-31,5.56
3794,Balance Sheet,Total Liabilities > Minority Interest,2020-06-30,5.47
3794,Balance Sheet,Total Liabilities > Minority Interest,2021-06-30,5.25
3794,Balance Sheet,Total Liabilities > Minority Interest,2022-06-30,3.79
3794,Balance Sheet,"Total Liabilities > Other Liabilities, Total",2018-12-31,54.46
3794,Balance Sheet,"Total Liabilities > Other Liabilities, Total",2020-06-30,21.94
3794,Balance Sheet,"Total Liabilities > Other Liabilities, Total",2021-06-30,-203.49
3794,Balance Sheet,"Total Liabilities > Other Liabilities, Total",2022-06-30,-2967.24
3794,Balance Sheet,Total Liabilities > Total Long Term Debt,2018-12-31,279.64
3794,Balance Sheet,Total Liabilities > Total Long Term Debt,2020-06-30,329.97
3794,Balance Sheet,Total Liabilities > Total Long Term Debt,2021-06-30,537.41
3794,Balance Sheet,Total Liabilities > Total Long Term Debt,2022-06-30,3023.11
3794,Cash Flow,Beginning Cash Balance,2018-12-31,145.33
3794,Cash Flow,Beginning Cash Balance,2021-06-30,3.77
3794,Cash Flow,Beginning Cash Balance,2022-06-30,-256.94
3794,Cash Flow,Cash From Financing Activities,2018-12-31,267.44
3794,Cash Flow,Cash From Financing Activities,2020-06-30,103.31
3794,Cash Flow,Cash From Financing Activities,2021-06-30,13.76
3794,Cash Flow,Cash From Financing Activities,2022-06-30,1850.4
3794,Cash Flow,Cash From Financing Activities > Financing Cash Flow Items,2018-12-31,-39.13
3794,Cash Flow,Cash From Financing Activities > Financing Cash Flow Items,2020-06-30,-70.67
3794,Cash Flow,"Cash From Financing Activities > Issuance (Retirement) of Debt, Net",2018-12-31,306.57
3794,Cash Flow,"Cash From Financing Activities > Issuance (Retirement) of Debt, Net",2020-06-30,103.31
3794,Cash Flow,"Cash From Financing Activities > Issuance (Retirement) of Debt, Net",2021-06-30,-223.39
3794,Cash Flow,"Cash From Financing Activities > Issuance (Retirement) of Debt, Net",2022-06-30,1850.4
3794,Cash Flow,"Cash From Financing Activities > Issuance (Retirement) of Stock, Net",2021-06-30,237.15
3794,Cash Flow,Cash From Investing Activities,2018-12-31,-143.36
3794,Cash Flow,Cash From Investing Activities,2020-06-30,-78.83
3794,Cash Flow,Cash From Investing Activities,2021-06-30,-36.02
3794,Cash Flow,Cash From Investing Activities,2022-06-30,-1626.94
3794,Cash Flow,Cash From Investing Activities > Capital Expenditures,2018-12-31,-148.03
3794,Cash Flow,Cash From Investing Activities > Capital Expenditures,2020-06-30,-105.14
3794,Cash Flow,Cash From Investing Activities > Capital Expenditures,2021-06-30,-51.69
3794,Cash Flow,Cash From Investing Activities > Capital Expenditures,2022-06-30,-74.52
3794,Cash Flow,"Cash From Investing Activities > Other Investing Cash Flow Items, Total",2018-12-31,4.68
3794,Cash Flow,"Cash From Investing Activities > Other Investing Cash Flow Items, Total",2020-06-30,26.31
3794,Cash Flow,"Cash From Investing Activities > Other Investing Cash Flow Items, Total",2021-06-30,15.68
3794,Cash Flow,"Cash From Investing Activities > Other Investing Cash Flow Items, Total",2022-06-30,-1552.42
3794,Cash Flow,Cash From Operating Activities,2018-12-31,-185.25
3794,Cash Flow,Cash From Operating Activities,2020-06-30,13.44
3794,Cash Flow,Cash From Operating Activities,2021-06-30,80.0
3794,Cash Flow,Cash From Operating Activities,2022-06-30,244.24
3794,Cash Flow,Cash From Operating Activities > Amortization,2018-12-31,2.15
3794,Cash Flow,Cash From Operating Activities > Amortization,2020-06-30,3.22
3794,Cash Flow,Cash From Operating Activities > Amortization,2021-06-30,2.13
3794,Cash Flow,Cash From Operating Activities > Amortization,2022-06-30,2.13
3794,Cash Flow,Cash From Operating Activities > Cash Interest Paid,2018-12-31,37.58
3794,Cash Flow,Cash From Operating Activities > Cash Interest Paid,2020-06-30,70.67
3794,Cash Flow,Cash From Operating Activities > Cash Interest Paid,2021-06-30,34.56
3794,Cash Flow,Cash From Operating Activities > Cash Interest Paid,2022-06-30,168.39
3794,Cash Flow,Cash From Operating Activities > Cash Taxes Paid,2018-12-31,4.69
3794,Cash Flow,Cash From Operating Activities > Cash Taxes Paid,2020-06-30,-39.18
3794,Cash Flow,Cash From Operating Activities > Cash Taxes Paid,2021-06-30,-9.24
3794,Cash Flow,Cash From Operating Activities > Cash Taxes Paid,2022-06-30,51.23
3794,Cash Flow,Cash From Operating Activities > Changes in Working Capital,2018-12-31,-29.48
3794,Cash Flow,Cash From Operating Activities > Changes in Working Capital,2020-06-30,-25.29
3794,Cash Flow,Cash From Operating Activities > Changes in Working Capital,2021-06-30,-66.28
3794,Cash Flow,Cash From Operating Activities > Changes in Working Capital,2022-06-30,20.31
3794,Cash Flow,Cash From Operating Activities > Depreciation/Depletion,2018-12-31,182.64
3794,Cash Flow,Cash From Operating Activities > Depreciation/Depletion,2020-06-30,259.69
3794,Cash Flow,Cash From Operating Activities > Depreciation/Depletion,2021-06-30,139.28
3794,Cash Flow,Cash From Operating Activities > Depreciation/Depletion,2022-06-30,214.79
3794,Cash Flow,Cash From Operating Activities > Non-Cash Items,2018-12-31,64.84
3794,Cash Flow,Cash From Operating Activities > Non-Cash Items,2020-06-30,92.28
3794,Cash Flow,Cash From Operating Activities > Non-Cash Items,2021-06-30,-2.44
3794,Cash Flow,Cash From Operating Activities > Non-Cash Items,2022-06-30,-76.54
3794,Cash Flow,Ending Cash Balance,2018-12-31,84.24
3794,Cash Flow,Ending Cash Balance,2021-06-30,61.66
3794,Cash Flow,Ending Cash Balance,2022-06-30,211.73
3794,Cash Flow,Foreign Exchange Effects,2018-12-31,0.08
3794,Cash Flow,Foreign Exchange Effects,2020-06-30,0.41
3794,Cash Flow,Foreign Exchange Effects,2021-06-30,0.13
3794,Cash Flow,Free Cash Flow,2018-12-31,-333.28
3794,Cash Flow,Free Cash Flow,2021-06-30,28.5
3794,Cash Flow,Free Cash Flow,2022-06-30,-198.03
3794,Cash Flow,Free Cash Flow Growth,2021-06-30,125.91
3794,Cash Flow,Free Cash Flow Growth,2022-06-30,-794.85
3794,Cash Flow,Free Cash Flow Yield,2021-06-30,1.14
3794,Cash Flow,Free Cash Flow Yield,2022-06-30,6.3
3794,Cash Flow,Net Change in Cash,2018-12-31,-61.09
3794,Cash Flow,Net Change in Cash,2020-06-30,38.33
3794,Cash Flow,Net Change in Cash,2021-06-30,57.89
3794,Cash Flow,Net Change in Cash,2022-06-30,468.67
3794,Cash Flow,Net Income/Starting Line,2018-12-31,-405.39
3794,Cash Flow,Net Income/Starting Line,2020-06-30,-316.46
3794,Cash Flow,Net Income/Starting Line,2021-06-30,7.31
3794,Cash Flow,Net Income/Starting Line,2022-06-30,83.54
3794,Income Statement,"Cost of Revenue, Total",2018-12-31,2004.98
3794,Income Statement,"Cost of Revenue, Total",2020-06-30,2235.75
3794,Income Statement,"Cost of Revenue, Total",2021-06-30,1209.11
3794,Income Statement,"Cost of Revenue, Total",2022-06-30,2011.75
3794,Income Statement,Diluted EPS Excluding Extraordinary Items,2018-12-31,-0.38
3794,Income Statement,Diluted EPS Excluding Extraordinary Items,2020-06-30,-0.31
3794,Income Statement,Diluted EPS Excluding Extraordinary Items,2021-06-30,0.008
3794,Income Statement,Diluted EPS Excluding Extraordinary Items,2022-06-30,0.053
3794,Income Statement,Diluted Net Income,2018-12-31,-319.35
3794,Income Statement,Diluted Net Income,2020-06-30,-261.07
3794,Income Statement,Diluted Net Income,2021-06-30,7.28
3794,Income Statement,Diluted Net Income,2022-06-30,83.55
3794,Income Statement,Diluted Normalized EPS,2018-12-31,-0.36
3794,Income Statement,Diluted Normalized EPS,2020-06-30,-0.29
3794,Income Statement,Diluted Normalized EPS,2021-06-30,0.006
3794,Income Statement,Diluted Normalized EPS,2022-06-30,0.052
3794,Income Statement,Diluted Weighted Average Shares,2018-12-31,849.7
3794,Income Statement,Diluted Weighted Average Shares,2020-06-30,849.7
3794,Income Statement,Diluted Weighted Average Shares,2021-06-30,856.78
3794,Income Statement,Diluted Weighted Average Shares,2022-06-30,1585.36
3794,Income Statement,Dilution Adjustment,2021-06-30,0.027
3794,Income Statement,Dilution Adjustment,2022-06-30,-0.004
3794,Income Statement,Gross Profit,2018-12-31,117.32
3794,Income Statement,Gross Profit,2020-06-30,171.16
3794,Income Statement,Gross Profit,2021-06-30,160.4
3794,Income Statement,Gross Profit,2022-06-30,693.52
3794,Income Statement,Income Available to Common Excluding Extraordinary Items,2018-12-31,-319.35
3794,Income Statement,Income Available to Common Excluding Extraordinary Items,2020-06-30,-261.07
3794,Income Statement,Income Available to Common Excluding Extraordinary Items,2021-06-30,7.31
3794,Income Statement,Income Available to Common Excluding Extraordinary Items,2022-06-30,83.54
3794,Income Statement,"Interest Income (Expense), Net Non-Operating",2018-12-31,-34.12
3794,Income Statement,"Interest Income (Expense), Net Non-Operating",2020-06-30,-43.25
3794,Income Statement,"Interest Income (Expense), Net Non-Operating",2021-06-30,-14.27
3794,Income Statement,Minority Interest,2018-12-31,-0.48
3794,Income Statement,Minority Interest,2020-06-30,0.14
3794,Income Statement,Minority Interest,2021-06-30,5.25
3794,Income Statement,Minority Interest,2022-06-30,3.79
3794,Income Statement,Net Income,2018-12-31,-319.35
3794,Income Statement,Net Income,2020-06-30,-261.07
3794,Income Statement,Net Income,2021-06-30,7.31
3794,Income Statement,Net Income,2022-06-30,83.54
3794,Income Statement,Net Income After Taxes,2018-12-31,-318.87
3794,Income Statement,Net Income After Taxes,2020-06-30,-261.21
3794,Income Statement,Net Income After Taxes,2021-06-30,7.09
3794,Income Statement,Net Income After Taxes,2022-06-30,82.08
3794,Income Statement,Net Income Before Extraordinary Items,2018-12-31,-319.35
3794,Income Statement,Net Income Before Extraordinary Items,2020-06-30,-261.07
3794,Income Statement,Net Income Before Extraordinary Items,2021-06-30,7.31
3794,Income Statement,Net Income Before Extraordinary Items,2022-06-30,83.54
3794,Income Statement,Net Income Before Taxes,2018-12-31,-405.39
3794,Income Statement,Net Income Before Taxes,2020-06-30,-316.46
3794,Income Statement,Net Income Before Taxes,2021-06-30,8.2
3794,Income Statement,Net Income Before Taxes,2022-06-30,129.22
3794,Income Statement,Operating Income,2018-12-31,-371.27
3794,Income Statement,Operating Income,2020-06-30,-273.21
3794,Income Statement,Operating Income,2021-06-30,29.52
3794,Income Statement,Operating Income,2022-06-30,233.87
3794,Income Statement,"Other, Net",2021-06-30,21.32
3794,Income Statement,"Other, Net",2022-06-30,104.65
3794,Income Statement,Provision for Income Taxes,2018-12-31,-86.52
3794,Income Statement,Provision for Income Taxes,2020-06-30,-55.25
3794,Income Statement,Provision for Income Taxes,2021-06-30,1.11
3794,Income Statement,Provision for Income Taxes,2022-06-30,47.14
3794,Income Statement,Total Operating Expenses,2018-12-31,2493.56
3794,Income Statement,Total Operating Expenses,2020-06-30,2680.12
3794,Income Statement,Total Operating Expenses,2021-06-30,1339.99
3794,Income Statement,Total Operating Expenses,2022-06-30,2471.4
3794,Income Statement,Total Operating Expenses > Interest Expense (Income) - Net Operating,2018-12-31,-7.42
3794,Income Statement,Total Operating Expenses > Interest Expense (Income) - Net Operating,2020-06-30,-2.45
3794,Income Statement,Total Operating Expenses > Interest Expense (Income) - Net Operating,2021-06-30,-39.02
3794,Income Statement,Total Operating Expenses > Interest Expense (Income) - Net Operating,2022-06-30,-136.88
3794,Income Statement,"Total Operating Expenses > Other Operating Expenses, Total",2018-12-31,28.44
3794,Income Statement,"Total Operating Expenses > Other Operating Expenses, Total",2020-06-30,52.23
3794,Income Statement,"Total Operating Expenses > Other Operating Expenses, Total",2021-06-30,12.86
3794,Income Statement,"Total Operating Expenses > Other Operating Expenses, Total",2022-06-30,66.3
3794,Income Statement,"Total Operating Expenses > Selling/General/Admin. Expenses, Total",2018-12-31,467.56
3794,Income Statement,"Total Operating Expenses > Selling/General/Admin. Expenses, Total",2020-06-30,394.59
3794,Income Statement,"Total Operating Expenses > Selling/General/Admin. Expenses, Total",2021-06-30,157.04
3794,Income Statement,"Total Operating Expenses > Selling/General/Admin. Expenses, Total",2022-06-30,530.22
3794,Income Statement,Total Revenue,2018-12-31,2122.3
3794,Income Statement,Total Revenue,2020-06-30,2406.91
3794,Income Statement,Total Revenue,2021-06-30,1369.51
3794,Income Statement,Total Revenue,2022-06-30,2705.27
3794,Income Statement,Total Revenue > Revenue,2018-12-31,2122.3
3794,Income Statement,Total Revenue > Revenue,2020-06-30,2406.91
3794,Income Statement,Total Revenue > Revenue,2021-06-30,1369.51
3794,Income Statement,Total Revenue > Revenue,2022-06-30,2705.27
3816,Balance Sheet,Total Assets,2019-12-31,51863.79
3816,Balance Sheet,Total Assets,2020-12-31,51821.01
3816,Balance Sheet,Total Assets,2021-12-31,57521.48
3816,Balance Sheet,Total Assets,2022-12-31,62664.24
3816,Balance Sheet,"Total Assets > Accumulated Depreciation, Total",2019-12-31,-26807.06
3816,Balance Sheet,"Total Assets > Accumulated Depreciation, Total",2020-12-31,-26641.72
3816,Balance Sheet,"Total Assets > Accumulated Depreciation, Total",2021-12-31,-26349.25
3816,Balance Sheet,"Total Assets > Accumulated Depreciation, Total",2022-12-31,-28080.92
3816,Balance Sheet,"Total Assets > Goodwill, Net",2019-12-31,819.67
3816,Balance Sheet,"Total Assets > Goodwill, Net",2020-12-31,804.13
3816,Balance Sheet,"Total Assets > Goodwill, Net",2021-12-31,835.76
3816,Balance Sheet,"Total Assets > Goodwill, Net",2022-12-31,888.85
3816,Balance Sheet,"Total Assets > Intangibles, Net",2019-12-31,20.98
3816,Balance Sheet,"Total Assets > Intangibles, Net",2020-12-31,15.1
3816,Balance Sheet,"Total Assets > Intangibles, Net",2021-12-31,1060.92
3816,Balance Sheet,"Total Assets > Intangibles, Net",2022-12-31,1001.58
3816,Balance Sheet,Total Assets > Long Term Investments,2019-12-31,1152.1
3816,Balance Sheet,Total Assets > Long Term Investments,2020-12-31,1263.26
3816,Balance Sheet,Total Assets > Long Term Investments,2021-12-31,1295.09
3816,Balance Sheet,Total Assets > Long Term Investments,2022-12-31,2372.73
3816,Balance Sheet,Total Assets > Note Receivable - Long Term,2019-12-31,15007.97
3816,Balance Sheet,Total Assets > Note Receivable - Long Term,2020-12-31,13754.51
3816,Balance Sheet,Total Assets > Note Receivable - Long Term,2021-12-31,111.13
3816,Balance Sheet,Total Assets > Note Receivable - Long Term,2022-12-31,276.5
3816,Balance Sheet,"Total Assets > Other Assets, Total",2021-12-31,14639.0
3816,Balance Sheet,"Total Assets > Other Assets, Total",2022-12-31,16747.56
3816,Balance Sheet,"Total Assets > Other Long Term Assets, Total",2019-12-31,323.34
3816,Balance Sheet,"Total Assets > Other Long Term Assets, Total",2020-12-31,316.97
3816,Balance Sheet,"Total Assets > Other Long Term Assets, Total",2021-12-31,436.01
3816,Balance Sheet,"Total Assets > Other Long Term Assets, Total",2022-12-31,538.67
3816,Balance Sheet,"Total Assets > Property/Plant/Equipment, Total - Gross",2019-12-31,50094.26
3816,Balance Sheet,"Total Assets > Property/Plant/Equipment, Total - Gross",2020-12-31,49950.87
3816,Balance Sheet,"Total Assets > Property/Plant/Equipment, Total - Gross",2021-12-31,49727.36
3816,Balance Sheet,"Total Assets > Property/Plant/Equipment, Total - Gross",2022-12-31,52356.33
3816,Balance Sheet,"Total Assets > Property/Plant/Equipment, Total - Net",2019-12-31,23287.2
3816,Balance Sheet,"Total Assets > Property/Plant/Equipment, Total - Net",2020-12-31,23309.15
3816,Balance Sheet,"Total Assets > Property/Plant/Equipment, Total - Net",2021-12-31,23378.1
3816,Balance Sheet,"Total Assets > Property/Plant/Equipment, Total - Net",2022-12-31,24275.42
3816,Balance Sheet,Total Common Shares Outstanding,2019-12-31,4463.75
3816,Balance Sheet,Total Common Shares Outstanding,2020-12-31,4463.75
3816,Balance Sheet,Total Common Shares Outstanding,2021-12-31,4463.75
3816,Balance Sheet,Total Common Shares Outstanding,2022-12-31,4463.75
3816,Balance Sheet,Total Current Assets,2019-12-31,11252.53
3816,Balance Sheet,Total Current Assets,2020-12-31,12357.9
3816,Balance Sheet,Total Current Assets,2021-12-31,12841.13
3816,Balance Sheet,Total Current Assets,2022-12-31,12744.91
3816,Balance Sheet,"Total Current Assets > Accounts Receivables - Trade, Net",2019-12-31,3469.98
3816,Balance Sheet,"Total Current Assets > Accounts Receivables - Trade, Net",2020-12-31,3620.92
3816,Balance Sheet,"Total Current Assets > Accounts Receivables - Trade, Net",2021-12-31,4436.29
3816,Balance Sheet,"Total Current Assets > Accounts Receivables - Trade, Net",2022-12-31,4960.02
3816,Balance Sheet,Total Current Assets > Cash,2019-12-31,1113.41
3816,Balance Sheet,Total Current Assets > Cash,2020-12-31,1840.12
3816,Balance Sheet,Total Current Assets > Cash,2021-12-31,2088.1
3816,Balance Sheet,Total Current Assets > Cash & Equivalents,2019-12-31,7030.8
3816,Balance Sheet,Total Current Assets > Cash & Equivalents,2020-12-31,6855.0
3816,Balance Sheet,Total Current Assets > Cash & Equivalents,2021-12-31,6609.57
3816,Balance Sheet,Total Current Assets > Cash & Equivalents,2022-12-31,6258.34
3816,Balance Sheet,Total Current Assets > Cash and Short Term Investments,2019-12-31,2675.32
3816,Balance Sheet,Total Current Assets > Cash and Short Term Investments,2020-12-31,2831.74
3816,Balance Sheet,Total Current Assets > Cash and Short Term Investments,2021-12-31,7046.13
3816,Balance Sheet,Total Current Assets > Cash and Short Term Investments,2022-12-31,6443.34
3816,Balance Sheet,"Total Current Assets > Other Current Assets, Total",2019-12-31,4490.83
3816,Balance Sheet,"Total Current Assets > Other Current Assets, Total",2020-12-31,4039.52
3816,Balance Sheet,"Total Current Assets > Other Current Assets, Total",2021-12-31,955.27
3816,Balance Sheet,"Total Current Assets > Other Current Assets, Total",2022-12-31,859.12
3816,Balance Sheet,Total Current Assets > Prepaid Expenses,2019-12-31,193.88
3816,Balance Sheet,Total Current Assets > Prepaid Expenses,2020-12-31,1592.11
3816,Balance Sheet,Total Current Assets > Prepaid Expenses,2021-12-31,172.19
3816,Balance Sheet,Total Current Assets > Prepaid Expenses,2022-12-31,108.06
3816,Balance Sheet,Total Current Assets > Short Term Investments,2019-12-31,1561.91
3816,Balance Sheet,Total Current Assets > Short Term Investments,2020-12-31,991.62
3816,Balance Sheet,Total Current Assets > Short Term Investments,2021-12-31,436.56
3816,Balance Sheet,Total Current Assets > Short Term Investments,2022-12-31,185.0
3816,Balance Sheet,Total Current Assets > Total Inventory,2019-12-31,165.73
3816,Balance Sheet,Total Current Assets > Total Inventory,2020-12-31,91.35
3816,Balance Sheet,Total Current Assets > Total Inventory,2021-12-31,120.13
3816,Balance Sheet,Total Current Assets > Total Inventory,2022-12-31,97.88
3816,Balance Sheet,"Total Current Assets > Total Receivables, Net",2019-12-31,3726.77
3816,Balance Sheet,"Total Current Assets > Total Receivables, Net",2020-12-31,3803.18
3816,Balance Sheet,"Total Current Assets > Total Receivables, Net",2021-12-31,4547.42
3816,Balance Sheet,"Total Current Assets > Total Receivables, Net",2022-12-31,5236.52
3816,Balance Sheet,Total Current Liabilities,2019-12-31,7801.79
3816,Balance Sheet,Total Current Liabilities,2020-12-31,5549.72
3816,Balance Sheet,Total Current Liabilities,2021-12-31,12427.9
3816,Balance Sheet,Total Current Liabilities,2022-12-31,8767.18
3816,Balance Sheet,Total Current Liabilities > Accounts Payable,2019-12-31,270.77
3816,Balance Sheet,Total Current Liabilities > Accounts Payable,2020-12-31,282.23
3816,Balance Sheet,Total Current Liabilities > Accounts Payable,2021-12-31,370.22
3816,Balance Sheet,Total Current Liabilities > Accounts Payable,2022-12-31,218.57
3816,Balance Sheet,Total Current Liabilities > Accrued Expenses,2019-12-31,1544.08
3816,Balance Sheet,Total Current Liabilities > Accrued Expenses,2020-12-31,1567.6
3816,Balance Sheet,Total Current Liabilities > Accrued Expenses,2021-12-31,1970.88
3816,Balance Sheet,Total Current Liabilities > Accrued Expenses,2022-12-31,3233.1
3816,Balance Sheet,Total Current Liabilities > Current Port. of LT Debt/Capital Leases,2019-12-31,2489.76
3816,Balance Sheet,Total Current Liabilities > Current Port. of LT Debt/Capital Leases,2020-12-31,1663.1
3816,Balance Sheet,Total Current Liabilities > Current Port. of LT Debt/Capital Leases,2021-12-31,8361.57
3816,Balance Sheet,Total Current Liabilities > Current Port. of LT Debt/Capital Leases,2022-12-31,3605.46
3816,Balance Sheet,Total Current Liabilities > Notes Payable/Short Term Debt,2019-12-31,3109.72
3816,Balance Sheet,Total Current Liabilities > Notes Payable/Short Term Debt,2020-12-31,342.42
3816,Balance Sheet,Total Current Liabilities > Notes Payable/Short Term Debt,2021-12-31,292.07
3816,Balance Sheet,"Total Current Liabilities > Other Current liabilities, Total",2019-12-31,387.46
3816,Balance Sheet,"Total Current Liabilities > Other Current liabilities, Total",2020-12-31,1694.37
3816,Balance Sheet,"Total Current Liabilities > Other Current liabilities, Total",2021-12-31,1725.23
3816,Balance Sheet,"Total Current Liabilities > Other Current liabilities, Total",2022-12-31,1710.05
3816,Balance Sheet,Total Current Liabilities > Payable/Accrued,2019-12-31,2109.3
3816,Balance Sheet,Total Current Liabilities > Payable/Accrued,2020-12-31,3427.3
3816,Balance Sheet,Total Current Liabilities > Payable/Accrued,2021-12-31,3998.0
3816,Balance Sheet,Total Equity,2019-12-31,34727.19
3816,Balance Sheet,Total Equity,2020-12-31,33151.12
3816,Balance Sheet,Total Equity,2021-12-31,34924.93
3816,Balance Sheet,Total Equity,2022-12-31,38304.08
3816,Balance Sheet,"Total Equity > Common Stock, Total",2019-12-31,8923.26
3816,Balance Sheet,"Total Equity > Common Stock, Total",2020-12-31,8923.26
3816,Balance Sheet,"Total Equity > Common Stock, Total",2021-12-31,8923.26
3816,Balance Sheet,"Total Equity > Common Stock, Total",2022-12-31,8923.26
3816,Balance Sheet,"Total Equity > Other Equity, Total",2019-12-31,5521.23
3816,Balance Sheet,"Total Equity > Other Equity, Total",2020-12-31,5997.12
3816,Balance Sheet,"Total Equity > Other Equity, Total",2021-12-31,7412.91
3816,Balance Sheet,"Total Equity > Other Equity, Total",2022-12-31,10401.28
3816,Balance Sheet,"Total Equity > Preferred Stock - Non Redeemable, Net",2020-12-31,0.001
3816,Balance Sheet,Total Equity > Retained Earnings (Accumulated Deficit),2019-12-31,20281.61
3816,Balance Sheet,Total Equity > Retained Earnings (Accumulated Deficit),2020-12-31,18231.01
3816,Balance Sheet,Total Equity > Retained Earnings (Accumulated Deficit),2021-12-31,18589.03
3816,Balance Sheet,Total Equity > Retained Earnings (Accumulated Deficit),2022-12-31,18979.81
3816,Balance Sheet,Total Equity > Treasury Stock - Common,2019-12-31,-0.27
3816,Balance Sheet,Total Equity > Treasury Stock - Common,2020-12-31,-0.271
3816,Balance Sheet,Total Equity > Treasury Stock - Common,2021-12-31,-0.271
3816,Balance Sheet,Total Equity > Treasury Stock - Common,2022-12-31,-0.271
3816,Balance Sheet,Total Equity > Unrealized Gain (Loss),2019-12-31,1.36
3816,Balance Sheet,Total Equity > Unrealized Gain (Loss),2020-12-31,1.36
3816,Balance Sheet,Total Equity > Unrealized Gain (Loss),2021-12-31,1.36
3816,Balance Sheet,Total Liabilities,2019-12-31,17136.6
3816,Balance Sheet,Total Liabilities,2020-12-31,19548.17
3816,Balance Sheet,Total Liabilities,2021-12-31,22596.54
3816,Balance Sheet,Total Liabilities,2022-12-31,24360.16
3816,Balance Sheet,Total Liabilities & Shareholders' Equity,2019-12-31,51863.79
3816,Balance Sheet,Total Liabilities & Shareholders' Equity,2020-12-31,51821.01
3816,Balance Sheet,Total Liabilities & Shareholders' Equity,2021-12-31,57521.48
3816,Balance Sheet,Total Liabilities & Shareholders' Equity,2022-12-31,62664.24
3816,Balance Sheet,Total Liabilities > Capital Lease Obligations,2019-12-31,323.97
3816,Balance Sheet,Total Liabilities > Capital Lease Obligations,2020-12-31,164.63
3816,Balance Sheet,Total Liabilities > Capital Lease Obligations,2021-12-31,99.18
3816,Balance Sheet,Total Liabilities > Capital Lease Obligations,2022-12-31,112.9
3816,Balance Sheet,Total Liabilities > Deferred Income Tax,2019-12-31,30.91
3816,Balance Sheet,Total Liabilities > Deferred Income Tax,2020-12-31,7.82
3816,Balance Sheet,Total Liabilities > Deferred Income Tax,2021-12-31,6.83
3816,Balance Sheet,Total Liabilities > Deferred Income Tax,2022-12-31,1.81
3816,Balance Sheet,Total Liabilities > Long Term Debt,2019-12-31,7228.73
3816,Balance Sheet,Total Liabilities > Long Term Debt,2020-12-31,11270.23
3816,Balance Sheet,Total Liabilities > Long Term Debt,2021-12-31,8781.68
3816,Balance Sheet,Total Liabilities > Long Term Debt,2022-12-31,14143.16
3816,Balance Sheet,Total Liabilities > Minority Interest,2019-12-31,1026.53
3816,Balance Sheet,Total Liabilities > Minority Interest,2020-12-31,878.27
3816,Balance Sheet,Total Liabilities > Minority Interest,2021-12-31,762.22
3816,Balance Sheet,Total Liabilities > Minority Interest,2022-12-31,845.4
3816,Balance Sheet,"Total Liabilities > Other Liabilities, Total",2019-12-31,724.68
3816,Balance Sheet,"Total Liabilities > Other Liabilities, Total",2020-12-31,1677.49
3816,Balance Sheet,"Total Liabilities > Other Liabilities, Total",2021-12-31,-15984.81
3816,Balance Sheet,"Total Liabilities > Other Liabilities, Total",2022-12-31,-17168.25
3816,Balance Sheet,Total Liabilities > Total Long Term Debt,2019-12-31,7552.69
3816,Balance Sheet,Total Liabilities > Total Long Term Debt,2020-12-31,11434.86
3816,Balance Sheet,Total Liabilities > Total Long Term Debt,2021-12-31,8880.87
3816,Balance Sheet,Total Liabilities > Total Long Term Debt,2022-12-31,14256.06
3816,Cash Flow,Beginning Cash Balance,2019-12-31,7938.62
3816,Cash Flow,Beginning Cash Balance,2021-12-31,5160.36
3816,Cash Flow,Beginning Cash Balance,2022-12-31,6846.56
3816,Cash Flow,Cash From Financing Activities,2019-12-31,-3772.69
3816,Cash Flow,Cash From Financing Activities,2020-12-31,-1388.71
3816,Cash Flow,Cash From Financing Activities,2021-12-31,1498.99
3816,Cash Flow,Cash From Financing Activities,2022-12-31,-2040.17
3816,Cash Flow,Cash From Financing Activities > Financing Cash Flow Items,2019-12-31,-1567.0
3816,Cash Flow,Cash From Financing Activities > Financing Cash Flow Items,2020-12-31,-455.31
3816,Cash Flow,Cash From Financing Activities > Financing Cash Flow Items,2021-12-31,-32.29
3816,Cash Flow,Cash From Financing Activities > Financing Cash Flow Items,2022-12-31,-276.79
3816,Cash Flow,"Cash From Financing Activities > Issuance (Retirement) of Debt, Net",2019-12-31,-866.57
3816,Cash Flow,"Cash From Financing Activities > Issuance (Retirement) of Debt, Net",2020-12-31,539.64
3816,Cash Flow,"Cash From Financing Activities > Issuance (Retirement) of Debt, Net",2021-12-31,3004.31
3816,Cash Flow,"Cash From Financing Activities > Issuance (Retirement) of Debt, Net",2022-12-31,-290.34
3816,Cash Flow,Cash From Financing Activities > Total Cash Dividends Paid,2019-12-31,-1339.12
3816,Cash Flow,Cash From Financing Activities > Total Cash Dividends Paid,2020-12-31,-1473.04
3816,Cash Flow,Cash From Financing Activities > Total Cash Dividends Paid,2021-12-31,-1473.04
3816,Cash Flow,Cash From Financing Activities > Total Cash Dividends Paid,2022-12-31,-1473.04
3816,Cash Flow,Cash From Investing Activities,2019-12-31,-1533.03
3816,Cash Flow,Cash From Investing Activities,2020-12-31,-4318.02
3816,Cash Flow,Cash From Investing Activities,2021-12-31,-3135.24
3816,Cash Flow,Cash From Investing Activities,2022-12-31,-1942.97
3816,Cash Flow,Cash From Investing Activities > Capital Expenditures,2019-12-31,-2175.29
3816,Cash Flow,Cash From Investing Activities > Capital Expenditures,2020-12-31,-5108.28
3816,Cash Flow,Cash From Investing Activities > Capital Expenditures,2021-12-31,-3775.21
3816,Cash Flow,Cash From Investing Activities > Capital Expenditures,2022-12-31,-2293.53
3816,Cash Flow,"Cash From Investing Activities > Other Investing Cash Flow Items, Total",2019-12-31,642.26
3816,Cash Flow,"Cash From Investing Activities > Other Investing Cash Flow Items, Total",2020-12-31,790.26
3816,Cash Flow,"Cash From Investing Activities > Other Investing Cash Flow Items, Total",2021-12-31,639.97
3816,Cash Flow,"Cash From Investing Activities > Other Investing Cash Flow Items, Total",2022-12-31,350.57
3816,Cash Flow,Cash From Operating Activities,2019-12-31,5579.06
3816,Cash Flow,Cash From Operating Activities,2020-12-31,5587.9
3816,Cash Flow,Cash From Operating Activities,2021-12-31,2908.6
3816,Cash Flow,Cash From Operating Activities,2022-12-31,3042.09
3816,Cash Flow,Cash From Operating Activities > Amortization,2021-12-31,22.6
3816,Cash Flow,Cash From Operating Activities > Amortization,2022-12-31,38.8
3816,Cash Flow,Cash From Operating Activities > Cash Interest Paid,2021-12-31,414.55
3816,Cash Flow,Cash From Operating Activities > Cash Interest Paid,2022-12-31,544.57
3816,Cash Flow,Cash From Operating Activities > Cash Taxes Paid,2019-12-31,-47.45
3816,Cash Flow,Cash From Operating Activities > Cash Taxes Paid,2020-12-31,-61.33
3816,Cash Flow,Cash From Operating Activities > Cash Taxes Paid,2021-12-31,43.97
3816,Cash Flow,Cash From Operating Activities > Cash Taxes Paid,2022-12-31,56.72
3816,Cash Flow,Cash From Operating Activities > Changes in Working Capital,2019-12-31,5626.51
3816,Cash Flow,Cash From Operating Activities > Changes in Working Capital,2020-12-31,5649.23
3816,Cash Flow,Cash From Operating Activities > Changes in Working Capital,2021-12-31,-973.84
3816,Cash Flow,Cash From Operating Activities > Changes in Working Capital,2022-12-31,-1978.75
3816,Cash Flow,Cash From Operating Activities > Depreciation/Depletion,2021-12-31,1971.69
3816,Cash Flow,Cash From Operating Activities > Depreciation/Depletion,2022-12-31,2021.44
3816,Cash Flow,Cash From Operating Activities > Non-Cash Items,2021-12-31,45.34
3816,Cash Flow,Cash From Operating Activities > Non-Cash Items,2022-12-31,1049.0
3816,Cash Flow,Ending Cash Balance,2019-12-31,8144.21
3816,Cash Flow,Ending Cash Balance,2021-12-31,6609.57
3816,Cash Flow,Ending Cash Balance,2022-12-31,6258.34
3816,Cash Flow,Foreign Exchange Effects,2019-12-31,-67.75
3816,Cash Flow,Foreign Exchange Effects,2020-12-31,-76.52
3816,Cash Flow,Foreign Exchange Effects,2021-12-31,22.0
3816,Cash Flow,Foreign Exchange Effects,2022-12-31,40.17
3816,Cash Flow,Free Cash Flow,2019-12-31,3403.77
3816,Cash Flow,Free Cash Flow,2021-12-31,657.88
3816,Cash Flow,Free Cash Flow,2022-12-31,1850.71
3816,Cash Flow,Free Cash Flow Growth,2021-12-31,126.12
3816,Cash Flow,Free Cash Flow Growth,2022-12-31,181.31
3816,Cash Flow,Free Cash Flow Yield,2021-12-31,-2.75
3816,Cash Flow,Free Cash Flow Yield,2022-12-31,2.24
3816,Cash Flow,Net Change in Cash,2019-12-31,205.59
3816,Cash Flow,Net Change in Cash,2020-12-31,-195.35
3816,Cash Flow,Net Change in Cash,2021-12-31,1449.21
3816,Cash Flow,Net Change in Cash,2022-12-31,-588.22
3816,Cash Flow,Net Income/Starting Line,2021-12-31,1831.26
3816,Cash Flow,Net Income/Starting Line,2022-12-31,1822.91
3816,Income Statement,"Cost of Revenue, Total",2019-12-31,6215.59
3816,Income Statement,"Cost of Revenue, Total",2020-12-31,6521.41
3816,Income Statement,"Cost of Revenue, Total",2021-12-31,8054.22
3816,Income Statement,"Cost of Revenue, Total",2022-12-31,10159.76
3816,Income Statement,DPS - Common Stock Primary Issue,2019-12-31,0.3
3816,Income Statement,DPS - Common Stock Primary Issue,2020-12-31,0.33
3816,Income Statement,DPS - Common Stock Primary Issue,2021-12-31,0.33
3816,Income Statement,DPS - Common Stock Primary Issue,2022-12-31,0.33
3816,Income Statement,Diluted EPS Excluding Extraordinary Items,2019-12-31,0.32
3816,Income Statement,Diluted EPS Excluding Extraordinary Items,2020-12-31,-0.01
3816,Income Statement,Diluted EPS Excluding Extraordinary Items,2021-12-31,0.41
3816,Income Statement,Diluted EPS Excluding Extraordinary Items,2022-12-31,0.408
3816,Income Statement,Diluted Net Income,2019-12-31,1426.36
3816,Income Statement,Diluted Net Income,2020-12-31,-43.07
3816,Income Statement,Diluted Net Income,2021-12-31,1830.16
3816,Income Statement,Diluted Net Income,2022-12-31,1821.23
3816,Income Statement,Diluted Normalized EPS,2019-12-31,0.36
3816,Income Statement,Diluted Normalized EPS,2020-12-31,0.19
3816,Income Statement,Diluted Normalized EPS,2021-12-31,0.277
3816,Income Statement,Diluted Normalized EPS,2022-12-31,0.337
3816,Income Statement,Diluted Weighted Average Shares,2019-12-31,4463.79
3816,Income Statement,Diluted Weighted Average Shares,2020-12-31,4463.79
3816,Income Statement,Diluted Weighted Average Shares,2021-12-31,4463.79
3816,Income Statement,Diluted Weighted Average Shares,2022-12-31,4463.79
3816,Income Statement,Dilution Adjustment,2021-12-31,1.11
3816,Income Statement,Dilution Adjustment,2022-12-31,1.68
3816,Income Statement,Gain (Loss) on Sale of Assets,2019-12-31,7.88
3816,Income Statement,Gain (Loss) on Sale of Assets,2020-12-31,25.14
3816,Income Statement,Gain (Loss) on Sale of Assets,2021-12-31,64.85
3816,Income Statement,Gain (Loss) on Sale of Assets,2022-12-31,15.8
3816,Income Statement,Gross Profit,2019-12-31,2747.14
3816,Income Statement,Gross Profit,2020-12-31,2879.82
3816,Income Statement,Gross Profit,2021-12-31,2617.49
3816,Income Statement,Gross Profit,2022-12-31,3707.21
3816,Income Statement,Income Available to Common Excluding Extraordinary Items,2019-12-31,1426.36
3816,Income Statement,Income Available to Common Excluding Extraordinary Items,2020-12-31,-43.07
3816,Income Statement,Income Available to Common Excluding Extraordinary Items,2021-12-31,1831.26
3816,Income Statement,Income Available to Common Excluding Extraordinary Items,2022-12-31,1822.91
3816,Income Statement,"Interest Income (Expense), Net Non-Operating",2019-12-31,-80.9
3816,Income Statement,"Interest Income (Expense), Net Non-Operating",2020-12-31,154.73
3816,Income Statement,"Interest Income (Expense), Net Non-Operating",2021-12-31,-54.65
3816,Income Statement,Minority Interest,2019-12-31,-9.91
3816,Income Statement,Minority Interest,2020-12-31,126.76
3816,Income Statement,Minority Interest,2021-12-31,762.22
3816,Income Statement,Minority Interest,2022-12-31,845.4
3816,Income Statement,Net Income,2019-12-31,1426.36
3816,Income Statement,Net Income,2020-12-31,-43.07
3816,Income Statement,Net Income,2021-12-31,1831.26
3816,Income Statement,Net Income,2022-12-31,1822.91
3816,Income Statement,Net Income After Taxes,2019-12-31,1436.27
3816,Income Statement,Net Income After Taxes,2020-12-31,-169.83
3816,Income Statement,Net Income After Taxes,2021-12-31,1733.55
3816,Income Statement,Net Income After Taxes,2022-12-31,1834.99
3816,Income Statement,Net Income Before Extraordinary Items,2019-12-31,1426.36
3816,Income Statement,Net Income Before Extraordinary Items,2020-12-31,-43.07
3816,Income Statement,Net Income Before Extraordinary Items,2021-12-31,1831.26
3816,Income Statement,Net Income Before Extraordinary Items,2022-12-31,1822.91
3816,Income Statement,Net Income Before Taxes,2019-12-31,1512.32
3816,Income Statement,Net Income Before Taxes,2020-12-31,-123.58
3816,Income Statement,Net Income Before Taxes,2021-12-31,1774.62
3816,Income Statement,Net Income Before Taxes,2022-12-31,1874.29
3816,Income Statement,Operating Income,2019-12-31,1568.86
3816,Income Statement,Operating Income,2020-12-31,523.96
3816,Income Statement,Operating Income,2021-12-31,1865.75
3816,Income Statement,Operating Income,2022-12-31,2901.61
3816,Income Statement,"Other, Net",2019-12-31,16.48
3816,Income Statement,"Other, Net",2020-12-31,-827.41
3816,Income Statement,"Other, Net",2021-12-31,26.27
3816,Income Statement,"Other, Net",2022-12-31,1011.53
3816,Income Statement,Provision for Income Taxes,2019-12-31,76.06
3816,Income Statement,Provision for Income Taxes,2020-12-31,46.25
3816,Income Statement,Provision for Income Taxes,2021-12-31,41.08
3816,Income Statement,Provision for Income Taxes,2022-12-31,39.3
3816,Income Statement,Total Operating Expenses,2019-12-31,7393.86
3816,Income Statement,Total Operating Expenses,2020-12-31,8877.27
3816,Income Statement,Total Operating Expenses,2021-12-31,8805.96
3816,Income Statement,Total Operating Expenses,2022-12-31,10965.36
3816,Income Statement,Total Operating Expenses > Interest Expense (Income) - Net Operating,2019-12-31,-1.57
3816,Income Statement,Total Operating Expenses > Interest Expense (Income) - Net Operating,2020-12-31,-1.09
3816,Income Statement,Total Operating Expenses > Interest Expense (Income) - Net Operating,2021-12-31,-417.34
3816,Income Statement,Total Operating Expenses > Interest Expense (Income) - Net Operating,2022-12-31,-651.24
3816,Income Statement,"Total Operating Expenses > Other Operating Expenses, Total",2019-12-31,-117.28
3816,Income Statement,"Total Operating Expenses > Other Operating Expenses, Total",2020-12-31,-123.93
3816,Income Statement,"Total Operating Expenses > Other Operating Expenses, Total",2021-12-31,82.25
3816,Income Statement,"Total Operating Expenses > Other Operating Expenses, Total",2022-12-31,252.61
3816,Income Statement,"Total Operating Expenses > Selling/General/Admin. Expenses, Total",2019-12-31,1105.91
3816,Income Statement,"Total Operating Expenses > Selling/General/Admin. Expenses, Total",2020-12-31,1108.05
3816,Income Statement,"Total Operating Expenses > Selling/General/Admin. Expenses, Total",2021-12-31,1086.83
3816,Income Statement,"Total Operating Expenses > Selling/General/Admin. Expenses, Total",2022-12-31,1204.22
3816,Income Statement,Total Operating Expenses > Unusual Expense (Income),2019-12-31,191.21
3816,Income Statement,Total Operating Expenses > Unusual Expense (Income),2020-12-31,1372.83
3816,Income Statement,Total Operating Expenses > Unusual Expense (Income),2021-12-31,89.03
3816,Income Statement,Total Revenue,2019-12-31,8962.72
3816,Income Statement,Total Revenue,2020-12-31,9401.23
3816,Income Statement,Total Revenue,2021-12-31,10671.71
3816,Income Statement,Total Revenue,2022-12-31,13866.97
3816,Income Statement,Total Revenue > Revenue,2019-12-31,8962.72
3816,Income Statement,Total Revenue > Revenue,2020-12-31,9401.23
3816,Income Statement,Total Revenue > Revenue,2021-12-31,10671.71
3816,Income Statement,Total Revenue > Revenue,2022-12-31,13866.97
3859,Balance Sheet,Total Assets,2019-12-31,3603.41
3859,Balance Sheet,Total Assets,2020-12-31,3575.94
3859,Balance Sheet,Total Assets,2021-12-31,3510.32
3859,Balance Sheet,Total Assets,2022-12-31,3514.2
3859,Balance Sheet,"Total Assets > Accumulated Depreciation, Total",2019-12-31,-88.42
3859,Balance Sheet,"Total Assets > Accumulated Depreciation, Total",2020-12-31,-75.56
3859,Balance Sheet,"Total Assets > Accumulated Depreciation, Total",2021-12-31,-82.92
3859,Balance Sheet,"Total Assets > Accumulated Depreciation, Total",2022-12-31,-82.81
3859,Balance Sheet,"Total Assets > Goodwill, Net",2019-12-31,901.53
3859,Balance Sheet,"Total Assets > Goodwill, Net",2020-12-31,901.53
3859,Balance Sheet,"Total Assets > Goodwill, Net",2021-12-31,901.53
3859,Balance Sheet,"Total Assets > Goodwill, Net",2022-12-31,901.53
3859,Balance Sheet,"Total Assets > Intangibles, Net",2019-12-31,1836.8
3859,Balance Sheet,"Total Assets > Intangibles, Net",2020-12-31,1836.79
3859,Balance Sheet,"Total Assets > Intangibles, Net",2021-12-31,1836.77
3859,Balance Sheet,"Total Assets > Intangibles, Net",2022-12-31,1836.76
3859,Balance Sheet,Total Assets > Long Term Investments,2019-12-31,399.27
3859,Balance Sheet,Total Assets > Long Term Investments,2020-12-31,399.52
3859,Balance Sheet,Total Assets > Long Term Investments,2021-12-31,388.52
3859,Balance Sheet,Total Assets > Long Term Investments,2022-12-31,398.49
3859,Balance Sheet,Total Assets > Note Receivable - Long Term,2021-12-31,53.42
3859,Balance Sheet,Total Assets > Note Receivable - Long Term,2022-12-31,40.46
3859,Balance Sheet,"Total Assets > Other Assets, Total",2020-12-31,252.55
3859,Balance Sheet,"Total Assets > Other Assets, Total",2021-12-31,157.92
3859,Balance Sheet,"Total Assets > Other Assets, Total",2022-12-31,127.88
3859,Balance Sheet,"Total Assets > Other Long Term Assets, Total",2019-12-31,8.69
3859,Balance Sheet,"Total Assets > Other Long Term Assets, Total",2020-12-31,5.54
3859,Balance Sheet,"Total Assets > Other Long Term Assets, Total",2021-12-31,0.526
3859,Balance Sheet,"Total Assets > Other Long Term Assets, Total",2022-12-31,0.519
3859,Balance Sheet,"Total Assets > Property/Plant/Equipment, Total - Gross",2019-12-31,166.74
3859,Balance Sheet,"Total Assets > Property/Plant/Equipment, Total - Gross",2020-12-31,159.04
3859,Balance Sheet,"Total Assets > Property/Plant/Equipment, Total - Gross",2021-12-31,159.77
3859,Balance Sheet,"Total Assets > Property/Plant/Equipment, Total - Gross",2022-12-31,157.03
3859,Balance Sheet,"Total Assets > Property/Plant/Equipment, Total - Net",2019-12-31,78.31
3859,Balance Sheet,"Total Assets > Property/Plant/Equipment, Total - Net",2020-12-31,83.47
3859,Balance Sheet,"Total Assets > Property/Plant/Equipment, Total - Net",2021-12-31,76.84
3859,Balance Sheet,"Total Assets > Property/Plant/Equipment, Total - Net",2022-12-31,74.22
3859,Balance Sheet,Total Common Shares Outstanding,2019-12-31,1437.18
3859,Balance Sheet,Total Common Shares Outstanding,2020-12-31,1437.18
3859,Balance Sheet,Total Common Shares Outstanding,2021-12-31,1437.18
3859,Balance Sheet,Total Common Shares Outstanding,2022-12-31,1437.18
3859,Balance Sheet,Total Current Assets,2019-12-31,378.8
3859,Balance Sheet,Total Current Assets,2020-12-31,349.1
3859,Balance Sheet,Total Current Assets,2021-12-31,300.79
3859,Balance Sheet,Total Current Assets,2022-12-31,297.13
3859,Balance Sheet,"Total Current Assets > Accounts Receivables - Trade, Net",2019-12-31,3.32
3859,Balance Sheet,"Total Current Assets > Accounts Receivables - Trade, Net",2020-12-31,7.51
3859,Balance Sheet,"Total Current Assets > Accounts Receivables - Trade, Net",2021-12-31,4.7
3859,Balance Sheet,"Total Current Assets > Accounts Receivables - Trade, Net",2022-12-31,27.93
3859,Balance Sheet,Total Current Assets > Cash,2019-12-31,16.43
3859,Balance Sheet,Total Current Assets > Cash,2020-12-31,15.01
3859,Balance Sheet,Total Current Assets > Cash,2021-12-31,20.25
3859,Balance Sheet,Total Current Assets > Cash & Equivalents,2020-12-31,15.01
3859,Balance Sheet,Total Current Assets > Cash & Equivalents,2021-12-31,20.25
3859,Balance Sheet,Total Current Assets > Cash & Equivalents,2022-12-31,25.94
3859,Balance Sheet,Total Current Assets > Cash and Short Term Investments,2019-12-31,334.46
3859,Balance Sheet,Total Current Assets > Cash and Short Term Investments,2020-12-31,295.61
3859,Balance Sheet,Total Current Assets > Cash and Short Term Investments,2021-12-31,213.24
3859,Balance Sheet,Total Current Assets > Cash and Short Term Investments,2022-12-31,199.2
3859,Balance Sheet,"Total Current Assets > Other Current Assets, Total",2021-12-31,16.41
3859,Balance Sheet,"Total Current Assets > Other Current Assets, Total",2022-12-31,16.48
3859,Balance Sheet,Total Current Assets > Prepaid Expenses,2019-12-31,16.09
3859,Balance Sheet,Total Current Assets > Prepaid Expenses,2020-12-31,12.34
3859,Balance Sheet,Total Current Assets > Prepaid Expenses,2021-12-31,11.74
3859,Balance Sheet,Total Current Assets > Prepaid Expenses,2022-12-31,12.08
3859,Balance Sheet,Total Current Assets > Short Term Investments,2019-12-31,318.03
3859,Balance Sheet,Total Current Assets > Short Term Investments,2020-12-31,231.45
3859,Balance Sheet,Total Current Assets > Short Term Investments,2021-12-31,167.9
3859,Balance Sheet,Total Current Assets > Short Term Investments,2022-12-31,150.69
3859,Balance Sheet,Total Current Assets > Total Inventory,2019-12-31,1.37
3859,Balance Sheet,Total Current Assets > Total Inventory,2020-12-31,2.07
3859,Balance Sheet,Total Current Assets > Total Inventory,2021-12-31,1.29
3859,Balance Sheet,Total Current Assets > Total Inventory,2022-12-31,0.985
3859,Balance Sheet,"Total Current Assets > Total Receivables, Net",2019-12-31,26.89
3859,Balance Sheet,"Total Current Assets > Total Receivables, Net",2020-12-31,39.08
3859,Balance Sheet,"Total Current Assets > Total Receivables, Net",2021-12-31,58.11
3859,Balance Sheet,"Total Current Assets > Total Receivables, Net",2022-12-31,68.39
3859,Balance Sheet,Total Current Liabilities,2019-12-31,423.79
3859,Balance Sheet,Total Current Liabilities,2020-12-31,395.77
3859,Balance Sheet,Total Current Liabilities,2021-12-31,346.17
3859,Balance Sheet,Total Current Liabilities,2022-12-31,393.29
3859,Balance Sheet,Total Current Liabilities > Accounts Payable,2019-12-31,126.17
3859,Balance Sheet,Total Current Liabilities > Accounts Payable,2020-12-31,116.8
3859,Balance Sheet,Total Current Liabilities > Accounts Payable,2021-12-31,115.26
3859,Balance Sheet,Total Current Liabilities > Accounts Payable,2022-12-31,148.86
3859,Balance Sheet,Total Current Liabilities > Accrued Expenses,2021-12-31,3.46
3859,Balance Sheet,Total Current Liabilities > Accrued Expenses,2022-12-31,2.44
3859,Balance Sheet,Total Current Liabilities > Current Port. of LT Debt/Capital Leases,2019-12-31,225.79
3859,Balance Sheet,Total Current Liabilities > Current Port. of LT Debt/Capital Leases,2020-12-31,191.33
3859,Balance Sheet,Total Current Liabilities > Current Port. of LT Debt/Capital Leases,2021-12-31,176.31
3859,Balance Sheet,Total Current Liabilities > Current Port. of LT Debt/Capital Leases,2022-12-31,191.32
3859,Balance Sheet,"Total Current Liabilities > Other Current liabilities, Total",2019-12-31,3.38
3859,Balance Sheet,"Total Current Liabilities > Other Current liabilities, Total",2020-12-31,6.19
3859,Balance Sheet,"Total Current Liabilities > Other Current liabilities, Total",2021-12-31,51.14
3859,Balance Sheet,"Total Current Liabilities > Other Current liabilities, Total",2022-12-31,50.66
3859,Balance Sheet,Total Current Liabilities > Payable/Accrued,2019-12-31,68.44
3859,Balance Sheet,Total Current Liabilities > Payable/Accrued,2020-12-31,81.44
3859,Balance Sheet,Total Current Liabilities > Payable/Accrued,2021-12-31,53.28
3859,Balance Sheet,Total Equity,2019-12-31,2477.26
3859,Balance Sheet,Total Equity,2020-12-31,2391.74
3859,Balance Sheet,Total Equity,2021-12-31,2384.19
3859,Balance Sheet,Total Equity,2022-12-31,2411.58
3859,Balance Sheet,"Total Equity > Common Stock, Total",2019-12-31,2154.36
3859,Balance Sheet,"Total Equity > Common Stock, Total",2020-12-31,2154.36
3859,Balance Sheet,"Total Equity > Common Stock, Total",2021-12-31,2154.36
3859,Balance Sheet,"Total Equity > Common Stock, Total",2022-12-31,2154.36
3859,Balance Sheet,"Total Equity > Other Equity, Total",2021-12-31,-566.68
3859,Balance Sheet,"Total Equity > Other Equity, Total",2022-12-31,-568.04
3859,Balance Sheet,Total Equity > Retained Earnings (Accumulated Deficit),2019-12-31,244.69
3859,Balance Sheet,Total Equity > Retained Earnings (Accumulated Deficit),2020-12-31,129.87
3859,Balance Sheet,Total Equity > Retained Earnings (Accumulated Deficit),2021-12-31,797.68
3859,Balance Sheet,Total Equity > Retained Earnings (Accumulated Deficit),2022-12-31,826.43
3859,Balance Sheet,Total Equity > Treasury Stock - Common,2019-12-31,-30.2
3859,Balance Sheet,Total Equity > Treasury Stock - Common,2020-12-31,-1.16
3859,Balance Sheet,Total Equity > Treasury Stock - Common,2021-12-31,-1.16
3859,Balance Sheet,Total Equity > Treasury Stock - Common,2022-12-31,-1.16
3859,Balance Sheet,Total Equity > Unrealized Gain (Loss),2019-12-31,108.43
3859,Balance Sheet,Total Equity > Unrealized Gain (Loss),2020-12-31,108.68
3859,Balance Sheet,Total Equity > Unrealized Gain (Loss),2021-12-31,108.37
3859,Balance Sheet,Total Liabilities,2019-12-31,1126.14
3859,Balance Sheet,Total Liabilities,2020-12-31,1184.2
3859,Balance Sheet,Total Liabilities,2021-12-31,1126.13
3859,Balance Sheet,Total Liabilities,2022-12-31,1102.62
3859,Balance Sheet,Total Liabilities & Shareholders' Equity,2019-12-31,3603.41
3859,Balance Sheet,Total Liabilities & Shareholders' Equity,2020-12-31,3575.94
3859,Balance Sheet,Total Liabilities & Shareholders' Equity,2021-12-31,3510.32
3859,Balance Sheet,Total Liabilities & Shareholders' Equity,2022-12-31,3514.2
3859,Balance Sheet,Total Liabilities > Capital Lease Obligations,2019-12-31,3.6
3859,Balance Sheet,Total Liabilities > Capital Lease Obligations,2020-12-31,6.02
3859,Balance Sheet,Total Liabilities > Capital Lease Obligations,2021-12-31,5.15
3859,Balance Sheet,Total Liabilities > Capital Lease Obligations,2022-12-31,4.0
3859,Balance Sheet,Total Liabilities > Deferred Income Tax,2019-12-31,1.58
3859,Balance Sheet,Total Liabilities > Deferred Income Tax,2020-12-31,1.03
3859,Balance Sheet,Total Liabilities > Deferred Income Tax,2021-12-31,0.805
3859,Balance Sheet,Total Liabilities > Deferred Income Tax,2022-12-31,1.22
3859,Balance Sheet,Total Liabilities > Long Term Debt,2019-12-31,674.53
3859,Balance Sheet,Total Liabilities > Long Term Debt,2020-12-31,758.52
3859,Balance Sheet,Total Liabilities > Long Term Debt,2021-12-31,774.01
3859,Balance Sheet,Total Liabilities > Long Term Debt,2022-12-31,704.11
3859,Balance Sheet,Total Liabilities > Minority Interest,2019-12-31,22.64
3859,Balance Sheet,Total Liabilities > Minority Interest,2020-12-31,22.86
3859,Balance Sheet,Total Liabilities > Minority Interest,2021-12-31,21.33
3859,Balance Sheet,Total Liabilities > Minority Interest,2022-12-31,20.27
3859,Balance Sheet,"Total Liabilities > Other Liabilities, Total",2021-12-31,-21.33
3859,Balance Sheet,"Total Liabilities > Other Liabilities, Total",2022-12-31,-20.27
3859,Balance Sheet,Total Liabilities > Total Long Term Debt,2019-12-31,678.13
3859,Balance Sheet,Total Liabilities > Total Long Term Debt,2020-12-31,764.54
3859,Balance Sheet,Total Liabilities > Total Long Term Debt,2021-12-31,779.16
3859,Balance Sheet,Total Liabilities > Total Long Term Debt,2022-12-31,708.12
3859,Cash Flow,Beginning Cash Balance,2019-12-31,503.57
3859,Cash Flow,Beginning Cash Balance,2020-12-31,49.74
3859,Cash Flow,Beginning Cash Balance,2021-12-31,88.72
3859,Cash Flow,Beginning Cash Balance,2022-12-31,27.33
3859,Cash Flow,Cash From Financing Activities,2019-12-31,-352.89
3859,Cash Flow,Cash From Financing Activities,2020-12-31,-107.29
3859,Cash Flow,Cash From Financing Activities,2021-12-31,-75.85
3859,Cash Flow,Cash From Financing Activities,2022-12-31,-175.97
3859,Cash Flow,Cash From Financing Activities > Financing Cash Flow Items,2019-12-31,-69.44
3859,Cash Flow,Cash From Financing Activities > Financing Cash Flow Items,2020-12-31,-48.8
3859,Cash Flow,Cash From Financing Activities > Financing Cash Flow Items,2021-12-31,-45.4
3859,Cash Flow,Cash From Financing Activities > Financing Cash Flow Items,2022-12-31,-47.46
3859,Cash Flow,"Cash From Financing Activities > Issuance (Retirement) of Debt, Net",2019-12-31,-41.55
3859,Cash Flow,"Cash From Financing Activities > Issuance (Retirement) of Debt, Net",2020-12-31,48.51
3859,Cash Flow,"Cash From Financing Activities > Issuance (Retirement) of Debt, Net",2021-12-31,-1.7
3859,Cash Flow,"Cash From Financing Activities > Issuance (Retirement) of Debt, Net",2022-12-31,-56.64
3859,Cash Flow,Cash From Financing Activities > Total Cash Dividends Paid,2019-12-31,-241.9
3859,Cash Flow,Cash From Financing Activities > Total Cash Dividends Paid,2020-12-31,-107.01
3859,Cash Flow,Cash From Financing Activities > Total Cash Dividends Paid,2021-12-31,-28.74
3859,Cash Flow,Cash From Financing Activities > Total Cash Dividends Paid,2022-12-31,-71.86
3859,Cash Flow,Cash From Investing Activities,2019-12-31,-3.95
3859,Cash Flow,Cash From Investing Activities,2020-12-31,-8.38
3859,Cash Flow,Cash From Investing Activities,2021-12-31,-4.12
3859,Cash Flow,Cash From Investing Activities,2022-12-31,-2.1
3859,Cash Flow,Cash From Investing Activities > Capital Expenditures,2019-12-31,-19.01
3859,Cash Flow,Cash From Investing Activities > Capital Expenditures,2020-12-31,-14.63
3859,Cash Flow,Cash From Investing Activities > Capital Expenditures,2021-12-31,-4.57
3859,Cash Flow,Cash From Investing Activities > Capital Expenditures,2022-12-31,-7.0
3859,Cash Flow,"Cash From Investing Activities > Other Investing Cash Flow Items, Total",2019-12-31,15.06
3859,Cash Flow,"Cash From Investing Activities > Other Investing Cash Flow Items, Total",2020-12-31,6.24
3859,Cash Flow,"Cash From Investing Activities > Other Investing Cash Flow Items, Total",2021-12-31,0.448
3859,Cash Flow,"Cash From Investing Activities > Other Investing Cash Flow Items, Total",2022-12-31,4.9
3859,Cash Flow,Cash From Operating Activities,2019-12-31,160.14
3859,Cash Flow,Cash From Operating Activities,2020-12-31,80.94
3859,Cash Flow,Cash From Operating Activities,2021-12-31,11.49
3859,Cash Flow,Cash From Operating Activities,2022-12-31,176.67
3859,Cash Flow,Cash From Operating Activities > Amortization,2019-12-31,0.01
3859,Cash Flow,Cash From Operating Activities > Amortization,2020-12-31,0.01
3859,Cash Flow,Cash From Operating Activities > Amortization,2021-12-31,0.01
3859,Cash Flow,Cash From Operating Activities > Cash Interest Paid,2019-12-31,49.79
3859,Cash Flow,Cash From Operating Activities > Cash Interest Paid,2020-12-31,47.92
3859,Cash Flow,Cash From Operating Activities > Cash Interest Paid,2021-12-31,45.9
3859,Cash Flow,Cash From Operating Activities > Cash Interest Paid,2022-12-31,46.0
3859,Cash Flow,Cash From Operating Activities > Cash Taxes Paid,2019-12-31,156.79
3859,Cash Flow,Cash From Operating Activities > Cash Taxes Paid,2020-12-31,117.65
3859,Cash Flow,Cash From Operating Activities > Cash Taxes Paid,2021-12-31,48.82
3859,Cash Flow,Cash From Operating Activities > Cash Taxes Paid,2022-12-31,43.66
3859,Cash Flow,Cash From Operating Activities > Changes in Working Capital,2019-12-31,-231.78
3859,Cash Flow,Cash From Operating Activities > Changes in Working Capital,2020-12-31,-116.29
3859,Cash Flow,Cash From Operating Activities > Changes in Working Capital,2021-12-31,-26.39
3859,Cash Flow,Cash From Operating Activities > Changes in Working Capital,2022-12-31,13.02
3859,Cash Flow,Cash From Operating Activities > Depreciation/Depletion,2019-12-31,11.44
3859,Cash Flow,Cash From Operating Activities > Depreciation/Depletion,2020-12-31,13.11
3859,Cash Flow,Cash From Operating Activities > Depreciation/Depletion,2021-12-31,11.72
3859,Cash Flow,Cash From Operating Activities > Depreciation/Depletion,2022-12-31,9.8
3859,Cash Flow,Cash From Operating Activities > Non-Cash Items,2019-12-31,37.26
3859,Cash Flow,Cash From Operating Activities > Non-Cash Items,2020-12-31,40.12
3859,Cash Flow,Cash From Operating Activities > Non-Cash Items,2021-12-31,25.5
3859,Cash Flow,Cash From Operating Activities > Non-Cash Items,2022-12-31,52.86
3859,Cash Flow,Ending Cash Balance,2019-12-31,306.86
3859,Cash Flow,Ending Cash Balance,2020-12-31,15.01
3859,Cash Flow,Ending Cash Balance,2021-12-31,20.25
3859,Cash Flow,Ending Cash Balance,2022-12-31,25.94
3859,Cash Flow,Foreign Exchange Effects,2022-12-31,0.001
3859,Cash Flow,Free Cash Flow,2019-12-31,136.13
3859,Cash Flow,Free Cash Flow,2021-12-31,-26.07
3859,Cash Flow,Free Cash Flow,2022-12-31,118.54
3859,Cash Flow,Free Cash Flow Growth,2021-12-31,-129.17
3859,Cash Flow,Free Cash Flow Growth,2022-12-31,554.64
3859,Cash Flow,Free Cash Flow Yield,2021-12-31,0.254
3859,Cash Flow,Free Cash Flow Yield,2022-12-31,9.15
3859,Cash Flow,Net Change in Cash,2019-12-31,-196.71
3859,Cash Flow,Net Change in Cash,2020-12-31,-34.74
3859,Cash Flow,Net Change in Cash,2021-12-31,-68.48
3859,Cash Flow,Net Change in Cash,2022-12-31,-1.39
3859,Cash Flow,Net Income/Starting Line,2019-12-31,343.21
3859,Cash Flow,Net Income/Starting Line,2020-12-31,143.98
3859,Cash Flow,Net Income/Starting Line,2021-12-31,0.184
3859,Cash Flow,Net Income/Starting Line,2022-12-31,100.6
3859,Income Statement,"Cost of Revenue, Total",2019-12-31,2212.0
3859,Income Statement,"Cost of Revenue, Total",2020-12-31,1372.84
3859,Income Statement,"Cost of Revenue, Total",2021-12-31,1093.19
3859,Income Statement,"Cost of Revenue, Total",2022-12-31,1715.98
3859,Income Statement,DPS - Common Stock Primary Issue,2019-12-31,0.16
3859,Income Statement,DPS - Common Stock Primary Issue,2020-12-31,0.06
3859,Income Statement,DPS - Common Stock Primary Issue,2021-12-31,0.015
3859,Income Statement,DPS - Common Stock Primary Issue,2022-12-31,0.05
3859,Income Statement,Diluted EPS Excluding Extraordinary Items,2019-12-31,0.17
3859,Income Statement,Diluted EPS Excluding Extraordinary Items,2020-12-31,0.01
3859,Income Statement,Diluted EPS Excluding Extraordinary Items,2022-12-31,0.07
3859,Income Statement,Diluted Net Income,2019-12-31,239.22
3859,Income Statement,Diluted Net Income,2020-12-31,21.23
3859,Income Statement,Diluted Net Income,2021-12-31,0.184
3859,Income Statement,Diluted Net Income,2022-12-31,100.6
3859,Income Statement,Diluted Normalized EPS,2019-12-31,0.17
3859,Income Statement,Diluted Normalized EPS,2020-12-31,0.01
3859,Income Statement,Diluted Normalized EPS,2021-12-31,0.011
3859,Income Statement,Diluted Normalized EPS,2022-12-31,0.069
3859,Income Statement,Diluted Weighted Average Shares,2019-12-31,1437.18
3859,Income Statement,Diluted Weighted Average Shares,2020-12-31,1426.72
3859,Income Statement,Diluted Weighted Average Shares,2021-12-31,1437.18
3859,Income Statement,Diluted Weighted Average Shares,2022-12-31,1437.18
3859,Income Statement,Gain (Loss) on Sale of Assets,2021-12-31,2.14
3859,Income Statement,Gain (Loss) on Sale of Assets,2022-12-31,0.152
3859,Income Statement,Gross Profit,2019-12-31,493.69
3859,Income Statement,Gross Profit,2020-12-31,300.31
3859,Income Statement,Gross Profit,2021-12-31,166.37
3859,Income Statement,Gross Profit,2022-12-31,315.12
3859,Income Statement,Income Available to Common Excluding Extraordinary Items,2019-12-31,239.22
3859,Income Statement,Income Available to Common Excluding Extraordinary Items,2020-12-31,21.23
3859,Income Statement,Income Available to Common Excluding Extraordinary Items,2021-12-31,0.184
3859,Income Statement,Income Available to Common Excluding Extraordinary Items,2022-12-31,100.6
3859,Income Statement,"Interest Income (Expense), Net Non-Operating",2019-12-31,-49.19
3859,Income Statement,"Interest Income (Expense), Net Non-Operating",2020-12-31,-46.79
3859,Income Statement,"Interest Income (Expense), Net Non-Operating",2021-12-31,-45.82
3859,Income Statement,Minority Interest,2019-12-31,-1.92
3859,Income Statement,Minority Interest,2020-12-31,-0.22
3859,Income Statement,Minority Interest,2021-12-31,21.33
3859,Income Statement,Minority Interest,2022-12-31,20.27
3859,Income Statement,Net Income,2019-12-31,239.22
3859,Income Statement,Net Income,2020-12-31,21.23
3859,Income Statement,Net Income,2021-12-31,0.184
3859,Income Statement,Net Income,2022-12-31,100.6
3859,Income Statement,Net Income After Taxes,2019-12-31,241.14
3859,Income Statement,Net Income After Taxes,2020-12-31,21.45
3859,Income Statement,Net Income After Taxes,2021-12-31,-1.35
3859,Income Statement,Net Income After Taxes,2022-12-31,101.08
3859,Income Statement,Net Income Before Extraordinary Items,2019-12-31,239.22
3859,Income Statement,Net Income Before Extraordinary Items,2020-12-31,21.23
3859,Income Statement,Net Income Before Extraordinary Items,2021-12-31,0.184
3859,Income Statement,Net Income Before Extraordinary Items,2022-12-31,100.6
3859,Income Statement,Net Income Before Taxes,2019-12-31,343.21
3859,Income Statement,Net Income Before Taxes,2020-12-31,143.98
3859,Income Statement,Net Income Before Taxes,2021-12-31,25.24
3859,Income Statement,Net Income Before Taxes,2022-12-31,159.86
3859,Income Statement,Operating Income,2019-12-31,393.83
3859,Income Statement,Operating Income,2020-12-31,191.9
3859,Income Statement,Operating Income,2021-12-31,60.49
3859,Income Statement,Operating Income,2022-12-31,195.22
3859,Income Statement,"Other, Net",2019-12-31,-1.44
3859,Income Statement,"Other, Net",2020-12-31,-1.13
3859,Income Statement,"Other, Net",2021-12-31,33.11
3859,Income Statement,"Other, Net",2022-12-31,35.21
3859,Income Statement,Provision for Income Taxes,2019-12-31,102.06
3859,Income Statement,Provision for Income Taxes,2020-12-31,122.53
3859,Income Statement,Provision for Income Taxes,2021-12-31,26.59
3859,Income Statement,Provision for Income Taxes,2022-12-31,58.78
3859,Income Statement,Total Operating Expenses,2019-12-31,2311.85
3859,Income Statement,Total Operating Expenses,2020-12-31,1481.26
3859,Income Statement,Total Operating Expenses,2021-12-31,1199.06
3859,Income Statement,Total Operating Expenses,2022-12-31,1835.88
3859,Income Statement,Total Operating Expenses > Depreciation / Amortization,2022-12-31,8.1
3859,Income Statement,Total Operating Expenses > Interest Expense (Income) - Net Operating,2019-12-31,-19.45
3859,Income Statement,Total Operating Expenses > Interest Expense (Income) - Net Operating,2020-12-31,-12.01
3859,Income Statement,Total Operating Expenses > Interest Expense (Income) - Net Operating,2021-12-31,-46.3
3859,Income Statement,Total Operating Expenses > Interest Expense (Income) - Net Operating,2022-12-31,-45.42
3859,Income Statement,"Total Operating Expenses > Other Operating Expenses, Total",2019-12-31,81.04
3859,Income Statement,"Total Operating Expenses > Other Operating Expenses, Total",2020-12-31,84.73
3859,Income Statement,"Total Operating Expenses > Other Operating Expenses, Total",2021-12-31,120.34
3859,Income Statement,"Total Operating Expenses > Other Operating Expenses, Total",2022-12-31,124.78
3859,Income Statement,Total Operating Expenses > Research & Development,2021-12-31,0.015
3859,Income Statement,Total Operating Expenses > Research & Development,2022-12-31,0.015
3859,Income Statement,"Total Operating Expenses > Selling/General/Admin. Expenses, Total",2019-12-31,38.43
3859,Income Statement,"Total Operating Expenses > Selling/General/Admin. Expenses, Total",2020-12-31,35.69
3859,Income Statement,"Total Operating Expenses > Selling/General/Admin. Expenses, Total",2021-12-31,31.82
3859,Income Statement,"Total Operating Expenses > Selling/General/Admin. Expenses, Total",2022-12-31,40.52
3859,Income Statement,Total Operating Expenses > Unusual Expense (Income),2019-12-31,-0.17
3859,Income Statement,Total Operating Expenses > Unusual Expense (Income),2020-12-31,-0.01
3859,Income Statement,Total Operating Expenses > Unusual Expense (Income),2021-12-31,-0.16
3859,Income Statement,Total Revenue,2019-12-31,2705.68
3859,Income Statement,Total Revenue,2020-12-31,1673.15
3859,Income Statement,Total Revenue,2021-12-31,1259.56
3859,Income Statement,Total Revenue,2022-12-31,2031.1
3859,Income Statement,Total Revenue > Revenue,2019-12-31,2705.68
3859,Income Statement,Total Revenue > Revenue,2020-12-31,1673.15
3859,Income Statement,Total Revenue > Revenue,2021-12-31,1259.56
3859,Income Statement,Total Revenue > Revenue,2022-12-31,2031.1
3905,Balance Sheet,Total Assets,2019-12-31,5305.38
3905,Balance Sheet,Total Assets,2020-12-31,5366.57
3905,Balance Sheet,Total Assets,2021-12-31,5443.56
3905,Balance Sheet,Total Assets,2022-12-31,5917.68
3905,Balance Sheet,"Total Assets > Accumulated Depreciation, Total",2019-12-31,-843.6
3905,Balance Sheet,"Total Assets > Accumulated Depreciation, Total",2020-12-31,-963.38
3905,Balance Sheet,"Total Assets > Accumulated Depreciation, Total",2021-12-31,-417.21
3905,Balance Sheet,"Total Assets > Accumulated Depreciation, Total",2022-12-31,-458.36
3905,Balance Sheet,"Total Assets > Goodwill, Net",2019-12-31,2.71
3905,Balance Sheet,"Total Assets > Goodwill, Net",2020-12-31,2.13
3905,Balance Sheet,"Total Assets > Goodwill, Net",2021-12-31,12.44
3905,Balance Sheet,"Total Assets > Goodwill, Net",2022-12-31,45.36
3905,Balance Sheet,"Total Assets > Intangibles, Net",2019-12-31,0.96
3905,Balance Sheet,"Total Assets > Intangibles, Net",2020-12-31,0.96
3905,Balance Sheet,"Total Assets > Intangibles, Net",2021-12-31,0.965
3905,Balance Sheet,"Total Assets > Intangibles, Net",2022-12-31,0.969
3905,Balance Sheet,Total Assets > Long Term Investments,2019-12-31,1776.36
3905,Balance Sheet,Total Assets > Long Term Investments,2020-12-31,1954.17
3905,Balance Sheet,Total Assets > Long Term Investments,2021-12-31,809.61
3905,Balance Sheet,Total Assets > Long Term Investments,2022-12-31,861.98
3905,Balance Sheet,Total Assets > Note Receivable - Long Term,2019-12-31,52.03
3905,Balance Sheet,Total Assets > Note Receivable - Long Term,2020-12-31,44.59
3905,Balance Sheet,Total Assets > Note Receivable - Long Term,2021-12-31,174.52
3905,Balance Sheet,Total Assets > Note Receivable - Long Term,2022-12-31,167.59
3905,Balance Sheet,"Total Assets > Other Assets, Total",2021-12-31,342.91
3905,Balance Sheet,"Total Assets > Other Assets, Total",2022-12-31,380.19
3905,Balance Sheet,"Total Assets > Other Long Term Assets, Total",2019-12-31,525.19
3905,Balance Sheet,"Total Assets > Other Long Term Assets, Total",2020-12-31,617.77
3905,Balance Sheet,"Total Assets > Other Long Term Assets, Total",2021-12-31,1620.86
3905,Balance Sheet,"Total Assets > Other Long Term Assets, Total",2022-12-31,2077.72
3905,Balance Sheet,"Total Assets > Property/Plant/Equipment, Total - Gross",2019-12-31,1879.54
3905,Balance Sheet,"Total Assets > Property/Plant/Equipment, Total - Gross",2020-12-31,2101.1
3905,Balance Sheet,"Total Assets > Property/Plant/Equipment, Total - Gross",2021-12-31,1925.79
3905,Balance Sheet,"Total Assets > Property/Plant/Equipment, Total - Gross",2022-12-31,1964.06
3905,Balance Sheet,"Total Assets > Property/Plant/Equipment, Total - Net",2019-12-31,1035.94
3905,Balance Sheet,"Total Assets > Property/Plant/Equipment, Total - Net",2020-12-31,1137.71
3905,Balance Sheet,"Total Assets > Property/Plant/Equipment, Total - Net",2021-12-31,1508.58
3905,Balance Sheet,"Total Assets > Property/Plant/Equipment, Total - Net",2022-12-31,1505.7
3905,Balance Sheet,Total Common Shares Outstanding,2019-12-31,319.47
3905,Balance Sheet,Total Common Shares Outstanding,2020-12-31,319.47
3905,Balance Sheet,Total Common Shares Outstanding,2021-12-31,311.18
3905,Balance Sheet,Total Common Shares Outstanding,2022-12-31,311.18
3905,Balance Sheet,Total Current Assets,2019-12-31,1912.19
3905,Balance Sheet,Total Current Assets,2020-12-31,1609.23
3905,Balance Sheet,Total Current Assets,2021-12-31,1474.54
3905,Balance Sheet,Total Current Assets,2022-12-31,1419.88
3905,Balance Sheet,"Total Current Assets > Accounts Receivables - Trade, Net",2019-12-31,98.66
3905,Balance Sheet,"Total Current Assets > Accounts Receivables - Trade, Net",2020-12-31,77.83
3905,Balance Sheet,"Total Current Assets > Accounts Receivables - Trade, Net",2021-12-31,205.06
3905,Balance Sheet,"Total Current Assets > Accounts Receivables - Trade, Net",2022-12-31,231.42
3905,Balance Sheet,Total Current Assets > Cash,2019-12-31,351.85
3905,Balance Sheet,Total Current Assets > Cash,2020-12-31,296.57
3905,Balance Sheet,Total Current Assets > Cash,2021-12-31,370.93
3905,Balance Sheet,Total Current Assets > Cash & Equivalents,2019-12-31,105.75
3905,Balance Sheet,Total Current Assets > Cash & Equivalents,2020-12-31,141.12
3905,Balance Sheet,Total Current Assets > Cash & Equivalents,2021-12-31,370.93
3905,Balance Sheet,Total Current Assets > Cash & Equivalents,2022-12-31,231.13
3905,Balance Sheet,Total Current Assets > Cash and Short Term Investments,2019-12-31,523.8
3905,Balance Sheet,Total Current Assets > Cash and Short Term Investments,2020-12-31,462.24
3905,Balance Sheet,Total Current Assets > Cash and Short Term Investments,2021-12-31,374.51
3905,Balance Sheet,Total Current Assets > Cash and Short Term Investments,2022-12-31,234.43
3905,Balance Sheet,"Total Current Assets > Other Current Assets, Total",2019-12-31,114.62
3905,Balance Sheet,"Total Current Assets > Other Current Assets, Total",2020-12-31,99.33
3905,Balance Sheet,"Total Current Assets > Other Current Assets, Total",2021-12-31,0.159
3905,Balance Sheet,"Total Current Assets > Other Current Assets, Total",2022-12-31,0.118
3905,Balance Sheet,Total Current Assets > Prepaid Expenses,2021-12-31,18.11
3905,Balance Sheet,Total Current Assets > Prepaid Expenses,2022-12-31,16.62
3905,Balance Sheet,Total Current Assets > Short Term Investments,2019-12-31,418.06
3905,Balance Sheet,Total Current Assets > Short Term Investments,2020-12-31,321.12
3905,Balance Sheet,Total Current Assets > Short Term Investments,2021-12-31,3.59
3905,Balance Sheet,Total Current Assets > Short Term Investments,2022-12-31,3.3
3905,Balance Sheet,Total Current Assets > Total Inventory,2019-12-31,878.88
3905,Balance Sheet,Total Current Assets > Total Inventory,2020-12-31,806.13
3905,Balance Sheet,Total Current Assets > Total Inventory,2021-12-31,702.19
3905,Balance Sheet,Total Current Assets > Total Inventory,2022-12-31,769.7
3905,Balance Sheet,"Total Current Assets > Total Receivables, Net",2019-12-31,394.88
3905,Balance Sheet,"Total Current Assets > Total Receivables, Net",2020-12-31,241.52
3905,Balance Sheet,"Total Current Assets > Total Receivables, Net",2021-12-31,379.57
3905,Balance Sheet,"Total Current Assets > Total Receivables, Net",2022-12-31,399.01
3905,Balance Sheet,Total Current Liabilities,2019-12-31,1616.16
3905,Balance Sheet,Total Current Liabilities,2020-12-31,1762.79
3905,Balance Sheet,Total Current Liabilities,2021-12-31,710.29
3905,Balance Sheet,Total Current Liabilities,2022-12-31,751.56
3905,Balance Sheet,Total Current Liabilities > Accounts Payable,2019-12-31,32.6
3905,Balance Sheet,Total Current Liabilities > Accounts Payable,2020-12-31,22.23
3905,Balance Sheet,Total Current Liabilities > Accounts Payable,2021-12-31,33.57
3905,Balance Sheet,Total Current Liabilities > Accounts Payable,2022-12-31,29.85
3905,Balance Sheet,Total Current Liabilities > Current Port. of LT Debt/Capital Leases,2019-12-31,953.03
3905,Balance Sheet,Total Current Liabilities > Current Port. of LT Debt/Capital Leases,2020-12-31,1013.92
3905,Balance Sheet,Total Current Liabilities > Current Port. of LT Debt/Capital Leases,2021-12-31,468.7
3905,Balance Sheet,Total Current Liabilities > Current Port. of LT Debt/Capital Leases,2022-12-31,511.03
3905,Balance Sheet,Total Current Liabilities > Notes Payable/Short Term Debt,2019-12-31,391.03
3905,Balance Sheet,Total Current Liabilities > Notes Payable/Short Term Debt,2020-12-31,496.42
3905,Balance Sheet,Total Current Liabilities > Notes Payable/Short Term Debt,2021-12-31,1.44
3905,Balance Sheet,"Total Current Liabilities > Other Current liabilities, Total",2019-12-31,239.5
3905,Balance Sheet,"Total Current Liabilities > Other Current liabilities, Total",2020-12-31,230.22
3905,Balance Sheet,"Total Current Liabilities > Other Current liabilities, Total",2021-12-31,206.57
3905,Balance Sheet,"Total Current Liabilities > Other Current liabilities, Total",2022-12-31,210.69
3905,Balance Sheet,Total Equity,2019-12-31,2869.71
3905,Balance Sheet,Total Equity,2020-12-31,2975.02
3905,Balance Sheet,Total Equity,2021-12-31,3469.94
3905,Balance Sheet,Total Equity,2022-12-31,3553.43
3905,Balance Sheet,"Total Equity > Common Stock, Total",2019-12-31,2037.46
3905,Balance Sheet,"Total Equity > Common Stock, Total",2020-12-31,2036.7
3905,Balance Sheet,"Total Equity > Common Stock, Total",2021-12-31,2036.7
3905,Balance Sheet,"Total Equity > Common Stock, Total",2022-12-31,1983.86
3905,Balance Sheet,"Total Equity > Other Equity, Total",2019-12-31,-100.66
3905,Balance Sheet,"Total Equity > Other Equity, Total",2020-12-31,78.28
3905,Balance Sheet,"Total Equity > Other Equity, Total",2021-12-31,207.68
3905,Balance Sheet,"Total Equity > Other Equity, Total",2022-12-31,206.28
3905,Balance Sheet,Total Equity > Retained Earnings (Accumulated Deficit),2019-12-31,864.69
3905,Balance Sheet,Total Equity > Retained Earnings (Accumulated Deficit),2020-12-31,791.5
3905,Balance Sheet,Total Equity > Retained Earnings (Accumulated Deficit),2021-12-31,1243.15
3905,Balance Sheet,Total Equity > Retained Earnings (Accumulated Deficit),2022-12-31,1363.28
3905,Balance Sheet,Total Equity > Treasury Stock - Common,2019-12-31,-0.32
3905,Balance Sheet,Total Equity > Treasury Stock - Common,2021-12-31,-17.59
3905,Balance Sheet,Total Equity > Unrealized Gain (Loss),2019-12-31,68.55
3905,Balance Sheet,Total Equity > Unrealized Gain (Loss),2020-12-31,68.55
3905,Balance Sheet,Total Equity > Unrealized Gain (Loss),2021-12-31,68.55
3905,Balance Sheet,Total Liabilities,2019-12-31,2435.66
3905,Balance Sheet,Total Liabilities,2020-12-31,2391.55
3905,Balance Sheet,Total Liabilities,2021-12-31,1973.62
3905,Balance Sheet,Total Liabilities,2022-12-31,2364.26
3905,Balance Sheet,Total Liabilities & Shareholders' Equity,2019-12-31,5305.38
3905,Balance Sheet,Total Liabilities & Shareholders' Equity,2020-12-31,5366.57
3905,Balance Sheet,Total Liabilities & Shareholders' Equity,2021-12-31,5443.56
3905,Balance Sheet,Total Liabilities & Shareholders' Equity,2022-12-31,5917.68
3905,Balance Sheet,Total Liabilities > Capital Lease Obligations,2019-12-31,53.98
3905,Balance Sheet,Total Liabilities > Capital Lease Obligations,2020-12-31,56.5
3905,Balance Sheet,Total Liabilities > Capital Lease Obligations,2021-12-31,55.47
3905,Balance Sheet,Total Liabilities > Capital Lease Obligations,2022-12-31,63.8
3905,Balance Sheet,Total Liabilities > Deferred Income Tax,2019-12-31,95.73
3905,Balance Sheet,Total Liabilities > Deferred Income Tax,2020-12-31,60.01
3905,Balance Sheet,Total Liabilities > Deferred Income Tax,2021-12-31,47.12
3905,Balance Sheet,Total Liabilities > Deferred Income Tax,2022-12-31,78.26
3905,Balance Sheet,Total Liabilities > Long Term Debt,2019-12-31,637.68
3905,Balance Sheet,Total Liabilities > Long Term Debt,2020-12-31,459.74
3905,Balance Sheet,Total Liabilities > Long Term Debt,2021-12-31,1140.78
3905,Balance Sheet,Total Liabilities > Long Term Debt,2022-12-31,1437.22
3905,Balance Sheet,Total Liabilities > Minority Interest,2019-12-31,20.9
3905,Balance Sheet,Total Liabilities > Minority Interest,2020-12-31,22.76
3905,Balance Sheet,Total Liabilities > Minority Interest,2021-12-31,26.3
3905,Balance Sheet,Total Liabilities > Minority Interest,2022-12-31,25.94
3905,Balance Sheet,"Total Liabilities > Other Liabilities, Total",2019-12-31,11.21
3905,Balance Sheet,"Total Liabilities > Other Liabilities, Total",2020-12-31,29.76
3905,Balance Sheet,"Total Liabilities > Other Liabilities, Total",2021-12-31,-1119.66
3905,Balance Sheet,"Total Liabilities > Other Liabilities, Total",2022-12-31,-1285.37
3905,Balance Sheet,Total Liabilities > Total Long Term Debt,2019-12-31,691.66
3905,Balance Sheet,Total Liabilities > Total Long Term Debt,2020-12-31,516.23
3905,Balance Sheet,Total Liabilities > Total Long Term Debt,2021-12-31,1196.24
3905,Balance Sheet,Total Liabilities > Total Long Term Debt,2022-12-31,1501.02
3905,Cash Flow,Beginning Cash Balance,2019-12-31,157.57
3905,Cash Flow,Beginning Cash Balance,2021-12-31,289.99
3905,Cash Flow,Beginning Cash Balance,2022-12-31,407.08
3905,Cash Flow,Cash From Financing Activities,2019-12-31,-248.1
3905,Cash Flow,Cash From Financing Activities,2020-12-31,-108.12
3905,Cash Flow,Cash From Financing Activities,2021-12-31,-352.17
3905,Cash Flow,Cash From Financing Activities,2022-12-31,343.08
3905,Cash Flow,Cash From Financing Activities > Financing Cash Flow Items,2019-12-31,-8.08
3905,Cash Flow,Cash From Financing Activities > Financing Cash Flow Items,2020-12-31,-2.15
3905,Cash Flow,Cash From Financing Activities > Financing Cash Flow Items,2021-12-31,4.47
3905,Cash Flow,Cash From Financing Activities > Financing Cash Flow Items,2022-12-31,-17.89
3905,Cash Flow,"Cash From Financing Activities > Issuance (Retirement) of Debt, Net",2019-12-31,-240.03
3905,Cash Flow,"Cash From Financing Activities > Issuance (Retirement) of Debt, Net",2020-12-31,-105.97
3905,Cash Flow,"Cash From Financing Activities > Issuance (Retirement) of Debt, Net",2021-12-31,-339.06
3905,Cash Flow,"Cash From Financing Activities > Issuance (Retirement) of Debt, Net",2022-12-31,360.97
3905,Cash Flow,"Cash From Financing Activities > Issuance (Retirement) of Stock, Net",2021-12-31,-17.59
3905,Cash Flow,Cash From Investing Activities,2019-12-31,312.64
3905,Cash Flow,Cash From Investing Activities,2020-12-31,-160.15
3905,Cash Flow,Cash From Investing Activities,2021-12-31,525.31
3905,Cash Flow,Cash From Investing Activities,2022-12-31,-559.52
3905,Cash Flow,Cash From Investing Activities > Capital Expenditures,2019-12-31,-189.84
3905,Cash Flow,Cash From Investing Activities > Capital Expenditures,2020-12-31,-92.95
3905,Cash Flow,Cash From Investing Activities > Capital Expenditures,2021-12-31,-255.75
3905,Cash Flow,Cash From Investing Activities > Capital Expenditures,2022-12-31,-255.95
3905,Cash Flow,"Cash From Investing Activities > Other Investing Cash Flow Items, Total",2019-12-31,502.48
3905,Cash Flow,"Cash From Investing Activities > Other Investing Cash Flow Items, Total",2020-12-31,-67.2
3905,Cash Flow,"Cash From Investing Activities > Other Investing Cash Flow Items, Total",2021-12-31,781.07
3905,Cash Flow,"Cash From Investing Activities > Other Investing Cash Flow Items, Total",2022-12-31,-303.57
3905,Cash Flow,Cash From Operating Activities,2019-12-31,134.93
3905,Cash Flow,Cash From Operating Activities,2020-12-31,198.27
3905,Cash Flow,Cash From Operating Activities,2021-12-31,-88.82
3905,Cash Flow,Cash From Operating Activities,2022-12-31,42.67
3905,Cash Flow,Cash From Operating Activities > Cash Interest Paid,2019-12-31,98.34
3905,Cash Flow,Cash From Operating Activities > Cash Interest Paid,2020-12-31,69.1
3905,Cash Flow,Cash From Operating Activities > Cash Interest Paid,2021-12-31,64.47
3905,Cash Flow,Cash From Operating Activities > Cash Interest Paid,2022-12-31,66.83
3905,Cash Flow,Cash From Operating Activities > Cash Taxes Paid,2019-12-31,14.9
3905,Cash Flow,Cash From Operating Activities > Cash Taxes Paid,2020-12-31,56.24
3905,Cash Flow,Cash From Operating Activities > Cash Taxes Paid,2021-12-31,9.07
3905,Cash Flow,Cash From Operating Activities > Cash Taxes Paid,2022-12-31,-10.7
3905,Cash Flow,Cash From Operating Activities > Changes in Working Capital,2019-12-31,-82.55
3905,Cash Flow,Cash From Operating Activities > Changes in Working Capital,2020-12-31,84.09
3905,Cash Flow,Cash From Operating Activities > Changes in Working Capital,2021-12-31,-154.74
3905,Cash Flow,Cash From Operating Activities > Changes in Working Capital,2022-12-31,-103.47
3905,Cash Flow,Cash From Operating Activities > Depreciation/Depletion,2019-12-31,51.32
3905,Cash Flow,Cash From Operating Activities > Depreciation/Depletion,2020-12-31,55.58
3905,Cash Flow,Cash From Operating Activities > Depreciation/Depletion,2021-12-31,60.36
3905,Cash Flow,Cash From Operating Activities > Depreciation/Depletion,2022-12-31,67.92
3905,Cash Flow,Cash From Operating Activities > Non-Cash Items,2019-12-31,381.02
3905,Cash Flow,Cash From Operating Activities > Non-Cash Items,2020-12-31,137.49
3905,Cash Flow,Cash From Operating Activities > Non-Cash Items,2021-12-31,-427.34
3905,Cash Flow,Cash From Operating Activities > Non-Cash Items,2022-12-31,-6.66
3905,Cash Flow,Ending Cash Balance,2019-12-31,351.85
3905,Cash Flow,Ending Cash Balance,2021-12-31,370.93
3905,Cash Flow,Ending Cash Balance,2022-12-31,231.13
3905,Cash Flow,Foreign Exchange Effects,2019-12-31,-5.18
3905,Cash Flow,Foreign Exchange Effects,2020-12-31,11.05
3905,Cash Flow,Foreign Exchange Effects,2021-12-31,0.334
3905,Cash Flow,Foreign Exchange Effects,2022-12-31,0.166
3905,Cash Flow,Free Cash Flow,2019-12-31,-60.46
3905,Cash Flow,Free Cash Flow,2021-12-31,210.15
3905,Cash Flow,Free Cash Flow,2022-12-31,-217.21
3905,Cash Flow,Free Cash Flow Growth,2021-12-31,70.17
3905,Cash Flow,Free Cash Flow Growth,2022-12-31,-203.36
3905,Cash Flow,Free Cash Flow Yield,2021-12-31,-44.69
3905,Cash Flow,Free Cash Flow Yield,2022-12-31,-31.88
3905,Cash Flow,Net Change in Cash,2019-12-31,194.28
3905,Cash Flow,Net Change in Cash,2020-12-31,-58.95
3905,Cash Flow,Net Change in Cash,2021-12-31,80.94
3905,Cash Flow,Net Change in Cash,2022-12-31,-175.95
3905,Cash Flow,Net Income/Starting Line,2019-12-31,-214.86
3905,Cash Flow,Net Income/Starting Line,2020-12-31,-78.88
3905,Cash Flow,Net Income/Starting Line,2021-12-31,432.9
3905,Cash Flow,Net Income/Starting Line,2022-12-31,84.88
3905,Income Statement,"Cost of Revenue, Total",2019-12-31,92.34
3905,Income Statement,"Cost of Revenue, Total",2020-12-31,45.69
3905,Income Statement,"Cost of Revenue, Total",2021-12-31,262.16
3905,Income Statement,"Cost of Revenue, Total",2022-12-31,242.25
3905,Income Statement,Diluted EPS Excluding Extraordinary Items,2019-12-31,-0.66
3905,Income Statement,Diluted EPS Excluding Extraordinary Items,2020-12-31,-0.18
3905,Income Statement,Diluted EPS Excluding Extraordinary Items,2021-12-31,1.37
3905,Income Statement,Diluted EPS Excluding Extraordinary Items,2022-12-31,0.273
3905,Income Statement,Diluted Net Income,2019-12-31,-211.88
3905,Income Statement,Diluted Net Income,2020-12-31,-58.37
3905,Income Statement,Diluted Net Income,2021-12-31,432.9
3905,Income Statement,Diluted Net Income,2022-12-31,84.88
3905,Income Statement,Diluted Normalized EPS,2019-12-31,-0.22
3905,Income Statement,Diluted Normalized EPS,2020-12-31,-0.23
3905,Income Statement,Diluted Normalized EPS,2021-12-31,0.71
3905,Income Statement,Diluted Normalized EPS,2022-12-31,0.2
3905,Income Statement,Diluted Weighted Average Shares,2019-12-31,319.47
3905,Income Statement,Diluted Weighted Average Shares,2020-12-31,319.47
3905,Income Statement,Diluted Weighted Average Shares,2021-12-31,316.01
3905,Income Statement,Diluted Weighted Average Shares,2022-12-31,311.18
3905,Income Statement,Gain (Loss) on Sale of Assets,2021-12-31,1.43
3905,Income Statement,Gain (Loss) on Sale of Assets,2022-12-31,0.07
3905,Income Statement,Gross Profit,2019-12-31,757.67
3905,Income Statement,Gross Profit,2020-12-31,571.68
3905,Income Statement,Gross Profit,2021-12-31,570.82
3905,Income Statement,Gross Profit,2022-12-31,806.63
3905,Income Statement,Income Available to Common Excluding Extraordinary Items,2019-12-31,-211.88
3905,Income Statement,Income Available to Common Excluding Extraordinary Items,2020-12-31,-58.37
3905,Income Statement,Income Available to Common Excluding Extraordinary Items,2021-12-31,432.9
3905,Income Statement,Income Available to Common Excluding Extraordinary Items,2022-12-31,84.88
3905,Income Statement,"Interest Income (Expense), Net Non-Operating",2019-12-31,-211.02
3905,Income Statement,"Interest Income (Expense), Net Non-Operating",2020-12-31,-91.64
3905,Income Statement,"Interest Income (Expense), Net Non-Operating",2021-12-31,-40.82
3905,Income Statement,Minority Interest,2019-12-31,-0.76
3905,Income Statement,Minority Interest,2020-12-31,-1.24
3905,Income Statement,Minority Interest,2021-12-31,26.3
3905,Income Statement,Minority Interest,2022-12-31,25.94
3905,Income Statement,Net Income,2019-12-31,-211.88
3905,Income Statement,Net Income,2020-12-31,-58.37
3905,Income Statement,Net Income,2021-12-31,432.9
3905,Income Statement,Net Income,2022-12-31,84.88
3905,Income Statement,Net Income After Taxes,2019-12-31,-211.12
3905,Income Statement,Net Income After Taxes,2020-12-31,-57.13
3905,Income Statement,Net Income After Taxes,2021-12-31,433.43
3905,Income Statement,Net Income After Taxes,2022-12-31,86.5
3905,Income Statement,Net Income Before Extraordinary Items,2019-12-31,-211.88
3905,Income Statement,Net Income Before Extraordinary Items,2020-12-31,-58.37
3905,Income Statement,Net Income Before Extraordinary Items,2021-12-31,432.9
3905,Income Statement,Net Income Before Extraordinary Items,2022-12-31,84.88
3905,Income Statement,Net Income Before Taxes,2019-12-31,-214.86
3905,Income Statement,Net Income Before Taxes,2020-12-31,-78.88
3905,Income Statement,Net Income Before Taxes,2021-12-31,422.56
3905,Income Statement,Net Income Before Taxes,2022-12-31,102.46
3905,Income Statement,Operating Income,2019-12-31,-3.84
3905,Income Statement,Operating Income,2020-12-31,12.76
3905,Income Statement,Operating Income,2021-12-31,400.18
3905,Income Statement,Operating Income,2022-12-31,156.79
3905,Income Statement,"Other, Net",2021-12-31,-23.82
3905,Income Statement,"Other, Net",2022-12-31,54.26
3905,Income Statement,Provision for Income Taxes,2019-12-31,-3.74
3905,Income Statement,Provision for Income Taxes,2020-12-31,-21.75
3905,Income Statement,Provision for Income Taxes,2021-12-31,-10.87
3905,Income Statement,Provision for Income Taxes,2022-12-31,15.96
3905,Income Statement,Total Operating Expenses,2019-12-31,853.85
3905,Income Statement,Total Operating Expenses,2020-12-31,604.61
3905,Income Statement,Total Operating Expenses,2021-12-31,432.8
3905,Income Statement,Total Operating Expenses,2022-12-31,892.09
3905,Income Statement,Total Operating Expenses > Depreciation / Amortization,2019-12-31,51.32
3905,Income Statement,Total Operating Expenses > Depreciation / Amortization,2020-12-31,55.58
3905,Income Statement,Total Operating Expenses > Depreciation / Amortization,2021-12-31,1.6
3905,Income Statement,Total Operating Expenses > Interest Expense (Income) - Net Operating,2019-12-31,-87.41
3905,Income Statement,Total Operating Expenses > Interest Expense (Income) - Net Operating,2020-12-31,-33.99
3905,Income Statement,Total Operating Expenses > Interest Expense (Income) - Net Operating,2021-12-31,-64.68
3905,Income Statement,Total Operating Expenses > Interest Expense (Income) - Net Operating,2022-12-31,-67.41
3905,Income Statement,"Total Operating Expenses > Other Operating Expenses, Total",2019-12-31,693.82
3905,Income Statement,"Total Operating Expenses > Other Operating Expenses, Total",2020-12-31,363.0
3905,Income Statement,"Total Operating Expenses > Other Operating Expenses, Total",2021-12-31,-30.58
3905,Income Statement,"Total Operating Expenses > Other Operating Expenses, Total",2022-12-31,410.11
3905,Income Statement,"Total Operating Expenses > Selling/General/Admin. Expenses, Total",2019-12-31,279.67
3905,Income Statement,"Total Operating Expenses > Selling/General/Admin. Expenses, Total",2020-12-31,206.02
3905,Income Statement,"Total Operating Expenses > Selling/General/Admin. Expenses, Total",2021-12-31,264.3
3905,Income Statement,"Total Operating Expenses > Selling/General/Admin. Expenses, Total",2022-12-31,307.14
3905,Income Statement,Total Operating Expenses > Unusual Expense (Income),2019-12-31,-175.89
3905,Income Statement,Total Operating Expenses > Unusual Expense (Income),2020-12-31,-31.68
3905,Income Statement,Total Operating Expenses > Unusual Expense (Income),2021-12-31,-427.02
3905,Income Statement,Total Revenue,2019-12-31,850.01
3905,Income Statement,Total Revenue,2020-12-31,617.37
3905,Income Statement,Total Revenue,2021-12-31,832.97
3905,Income Statement,Total Revenue,2022-12-31,1048.88
3905,Income Statement,"Total Revenue > Other Revenue, Total",2021-12-31,45.76
3905,Income Statement,"Total Revenue > Other Revenue, Total",2022-12-31,77.96
3905,Income Statement,Total Revenue > Revenue,2019-12-31,850.01
3905,Income Statement,Total Revenue > Revenue,2020-12-31,617.37
3905,Income Statement,Total Revenue > Revenue,2021-12-31,787.22
3905,Income Statement,Total Revenue > Revenue,2022-12-31,970.92
4065,Balance Sheet,Total Assets,2019-12-31,23579.76
4065,Balance Sheet,Total Assets,2020-12-31,24883.66
4065,Balance Sheet,Total Assets,2021-12-31,27397.16
4065,Balance Sheet,Total Assets,2022-12-31,28932.68
4065,Balance Sheet,"Total Assets > Accumulated Depreciation, Total",2019-12-31,-1204.17
4065,Balance Sheet,"Total Assets > Accumulated Depreciation, Total",2020-12-31,-1304.75
4065,Balance Sheet,"Total Assets > Accumulated Depreciation, Total",2021-12-31,-1392.32
4065,Balance Sheet,"Total Assets > Accumulated Depreciation, Total",2022-12-31,-1442.83
4065,Balance Sheet,"Total Assets > Goodwill, Net",2019-12-31,73.7
4065,Balance Sheet,"Total Assets > Goodwill, Net",2020-12-31,71.2
4065,Balance Sheet,"Total Assets > Goodwill, Net",2021-12-31,71.2
4065,Balance Sheet,"Total Assets > Goodwill, Net",2022-12-31,70.23
4065,Balance Sheet,"Total Assets > Intangibles, Net",2019-12-31,9.2
4065,Balance Sheet,"Total Assets > Intangibles, Net",2020-12-31,7.7
4065,Balance Sheet,"Total Assets > Intangibles, Net",2021-12-31,11.94
4065,Balance Sheet,"Total Assets > Intangibles, Net",2022-12-31,12.6
4065,Balance Sheet,Total Assets > Long Term Investments,2019-12-31,18648.58
4065,Balance Sheet,Total Assets > Long Term Investments,2020-12-31,20115.92
4065,Balance Sheet,Total Assets > Long Term Investments,2021-12-31,21464.65
4065,Balance Sheet,Total Assets > Long Term Investments,2022-12-31,22712.69
4065,Balance Sheet,Total Assets > Note Receivable - Long Term,2019-12-31,10.6
4065,Balance Sheet,Total Assets > Note Receivable - Long Term,2020-12-31,0.68
4065,Balance Sheet,Total Assets > Note Receivable - Long Term,2021-12-31,83.39
4065,Balance Sheet,Total Assets > Note Receivable - Long Term,2022-12-31,153.02
4065,Balance Sheet,"Total Assets > Other Assets, Total",2021-12-31,485.3
4065,Balance Sheet,"Total Assets > Other Assets, Total",2022-12-31,346.14
4065,Balance Sheet,"Total Assets > Other Long Term Assets, Total",2019-12-31,0.34
4065,Balance Sheet,"Total Assets > Other Long Term Assets, Total",2020-12-31,14.61
4065,Balance Sheet,"Total Assets > Other Long Term Assets, Total",2021-12-31,417.63
4065,Balance Sheet,"Total Assets > Other Long Term Assets, Total",2022-12-31,464.85
4065,Balance Sheet,"Total Assets > Property/Plant/Equipment, Total - Gross",2019-12-31,2890.57
4065,Balance Sheet,"Total Assets > Property/Plant/Equipment, Total - Gross",2020-12-31,2983.94
4065,Balance Sheet,"Total Assets > Property/Plant/Equipment, Total - Gross",2021-12-31,3085.67
4065,Balance Sheet,"Total Assets > Property/Plant/Equipment, Total - Gross",2022-12-31,3143.37
4065,Balance Sheet,"Total Assets > Property/Plant/Equipment, Total - Net",2019-12-31,1686.41
4065,Balance Sheet,"Total Assets > Property/Plant/Equipment, Total - Net",2020-12-31,1679.19
4065,Balance Sheet,"Total Assets > Property/Plant/Equipment, Total - Net",2021-12-31,1693.35
4065,Balance Sheet,"Total Assets > Property/Plant/Equipment, Total - Net",2022-12-31,1700.54
4065,Balance Sheet,Total Common Shares Outstanding,2019-12-31,1422.6
4065,Balance Sheet,Total Common Shares Outstanding,2020-12-31,1422.6
4065,Balance Sheet,Total Common Shares Outstanding,2021-12-31,1422.6
4065,Balance Sheet,Total Common Shares Outstanding,2022-12-31,1422.6
4065,Balance Sheet,Total Current Assets,2019-12-31,3150.92
4065,Balance Sheet,Total Current Assets,2020-12-31,2995.04
4065,Balance Sheet,Total Current Assets,2021-12-31,3694.38
4065,Balance Sheet,Total Current Assets,2022-12-31,3916.06
4065,Balance Sheet,"Total Current Assets > Accounts Receivables - Trade, Net",2019-12-31,663.23
4065,Balance Sheet,"Total Current Assets > Accounts Receivables - Trade, Net",2020-12-31,691.16
4065,Balance Sheet,"Total Current Assets > Accounts Receivables - Trade, Net",2021-12-31,797.59
4065,Balance Sheet,"Total Current Assets > Accounts Receivables - Trade, Net",2022-12-31,809.18
4065,Balance Sheet,Total Current Assets > Cash,2019-12-31,180.97
4065,Balance Sheet,Total Current Assets > Cash,2020-12-31,257.05
4065,Balance Sheet,Total Current Assets > Cash,2021-12-31,297.79
4065,Balance Sheet,Total Current Assets > Cash & Equivalents,2021-12-31,1296.32
4065,Balance Sheet,Total Current Assets > Cash & Equivalents,2022-12-31,1587.05
4065,Balance Sheet,Total Current Assets > Cash and Short Term Investments,2019-12-31,1500.91
4065,Balance Sheet,Total Current Assets > Cash and Short Term Investments,2020-12-31,1420.34
4065,Balance Sheet,Total Current Assets > Cash and Short Term Investments,2021-12-31,1377.46
4065,Balance Sheet,Total Current Assets > Cash and Short Term Investments,2022-12-31,1681.87
4065,Balance Sheet,"Total Current Assets > Other Current Assets, Total",2019-12-31,53.85
4065,Balance Sheet,"Total Current Assets > Other Current Assets, Total",2020-12-31,97.37
4065,Balance Sheet,"Total Current Assets > Other Current Assets, Total",2021-12-31,117.72
4065,Balance Sheet,"Total Current Assets > Other Current Assets, Total",2022-12-31,65.21
4065,Balance Sheet,Total Current Assets > Prepaid Expenses,2019-12-31,11.54
4065,Balance Sheet,Total Current Assets > Prepaid Expenses,2020-12-31,10.69
4065,Balance Sheet,Total Current Assets > Prepaid Expenses,2021-12-31,100.36
4065,Balance Sheet,Total Current Assets > Prepaid Expenses,2022-12-31,24.5
4065,Balance Sheet,Total Current Assets > Short Term Investments,2019-12-31,1319.94
4065,Balance Sheet,Total Current Assets > Short Term Investments,2020-12-31,1163.29
4065,Balance Sheet,Total Current Assets > Short Term Investments,2021-12-31,81.15
4065,Balance Sheet,Total Current Assets > Short Term Investments,2022-12-31,94.82
4065,Balance Sheet,Total Current Assets > Total Inventory,2019-12-31,838.16
4065,Balance Sheet,Total Current Assets > Total Inventory,2020-12-31,699.87
4065,Balance Sheet,Total Current Assets > Total Inventory,2021-12-31,1123.4
4065,Balance Sheet,Total Current Assets > Total Inventory,2022-12-31,1092.62
4065,Balance Sheet,"Total Current Assets > Total Receivables, Net",2019-12-31,746.46
4065,Balance Sheet,"Total Current Assets > Total Receivables, Net",2020-12-31,766.76
4065,Balance Sheet,"Total Current Assets > Total Receivables, Net",2021-12-31,975.43
4065,Balance Sheet,"Total Current Assets > Total Receivables, Net",2022-12-31,1051.86
4065,Balance Sheet,Total Current Liabilities,2019-12-31,1085.36
4065,Balance Sheet,Total Current Liabilities,2020-12-31,933.69
4065,Balance Sheet,Total Current Liabilities,2021-12-31,1679.24
4065,Balance Sheet,Total Current Liabilities,2022-12-31,1795.78
4065,Balance Sheet,Total Current Liabilities > Accounts Payable,2019-12-31,406.89
4065,Balance Sheet,Total Current Liabilities > Accounts Payable,2020-12-31,211.51
4065,Balance Sheet,Total Current Liabilities > Accounts Payable,2021-12-31,325.81
4065,Balance Sheet,Total Current Liabilities > Accounts Payable,2022-12-31,225.11
4065,Balance Sheet,Total Current Liabilities > Accrued Expenses,2019-12-31,159.61
4065,Balance Sheet,Total Current Liabilities > Accrued Expenses,2020-12-31,84.08
4065,Balance Sheet,Total Current Liabilities > Accrued Expenses,2021-12-31,99.63
4065,Balance Sheet,Total Current Liabilities > Accrued Expenses,2022-12-31,102.18
4065,Balance Sheet,Total Current Liabilities > Current Port. of LT Debt/Capital Leases,2019-12-31,384.88
4065,Balance Sheet,Total Current Liabilities > Current Port. of LT Debt/Capital Leases,2020-12-31,246.1
4065,Balance Sheet,Total Current Liabilities > Current Port. of LT Debt/Capital Leases,2021-12-31,52.46
4065,Balance Sheet,Total Current Liabilities > Current Port. of LT Debt/Capital Leases,2022-12-31,245.44
4065,Balance Sheet,Total Current Liabilities > Notes Payable/Short Term Debt,2019-12-31,0.74
4065,Balance Sheet,Total Current Liabilities > Notes Payable/Short Term Debt,2020-12-31,238.54
4065,Balance Sheet,Total Current Liabilities > Notes Payable/Short Term Debt,2021-12-31,965.14
4065,Balance Sheet,Total Current Liabilities > Notes Payable/Short Term Debt,2022-12-31,1074.39
4065,Balance Sheet,"Total Current Liabilities > Other Current liabilities, Total",2019-12-31,133.25
4065,Balance Sheet,"Total Current Liabilities > Other Current liabilities, Total",2020-12-31,153.45
4065,Balance Sheet,"Total Current Liabilities > Other Current liabilities, Total",2021-12-31,236.19
4065,Balance Sheet,"Total Current Liabilities > Other Current liabilities, Total",2022-12-31,148.66
4065,Balance Sheet,Total Current Liabilities > Payable/Accrued,2019-12-31,669.19
4065,Balance Sheet,Total Current Liabilities > Payable/Accrued,2020-12-31,387.3
4065,Balance Sheet,Total Equity,2019-12-31,21435.26
4065,Balance Sheet,Total Equity,2020-12-31,22818.75
4065,Balance Sheet,Total Equity,2021-12-31,25180.3
4065,Balance Sheet,Total Equity,2022-12-31,26568.51
4065,Balance Sheet,"Total Equity > Common Stock, Total",2019-12-31,1429.31
4065,Balance Sheet,"Total Equity > Common Stock, Total",2020-12-31,1429.31
4065,Balance Sheet,"Total Equity > Common Stock, Total",2021-12-31,1429.31
4065,Balance Sheet,"Total Equity > Common Stock, Total",2022-12-31,1429.31
4065,Balance Sheet,"Total Equity > Other Equity, Total",2019-12-31,2608.58
4065,Balance Sheet,"Total Equity > Other Equity, Total",2020-12-31,2730.83
4065,Balance Sheet,"Total Equity > Other Equity, Total",2021-12-31,5026.17
4065,Balance Sheet,"Total Equity > Other Equity, Total",2022-12-31,4852.88
4065,Balance Sheet,Total Equity > Retained Earnings (Accumulated Deficit),2019-12-31,17380.12
4065,Balance Sheet,Total Equity > Retained Earnings (Accumulated Deficit),2020-12-31,18755.84
4065,Balance Sheet,Total Equity > Retained Earnings (Accumulated Deficit),2021-12-31,18724.82
4065,Balance Sheet,Total Equity > Retained Earnings (Accumulated Deficit),2022-12-31,20286.31
4065,Balance Sheet,Total Equity > Unrealized Gain (Loss),2019-12-31,17.25
4065,Balance Sheet,Total Equity > Unrealized Gain (Loss),2020-12-31,-97.24
4065,Balance Sheet,Total Equity > Unrealized Gain (Loss),2021-12-31,-111.94
4065,Balance Sheet,Total Liabilities,2019-12-31,2144.5
4065,Balance Sheet,Total Liabilities,2020-12-31,2064.91
4065,Balance Sheet,Total Liabilities,2021-12-31,2216.86
4065,Balance Sheet,Total Liabilities,2022-12-31,2364.17
4065,Balance Sheet,Total Liabilities & Shareholders' Equity,2019-12-31,23579.76
4065,Balance Sheet,Total Liabilities & Shareholders' Equity,2020-12-31,24883.66
4065,Balance Sheet,Total Liabilities & Shareholders' Equity,2021-12-31,27397.16
4065,Balance Sheet,Total Liabilities & Shareholders' Equity,2022-12-31,28932.68
4065,Balance Sheet,Total Liabilities > Capital Lease Obligations,2019-12-31,228.16
4065,Balance Sheet,Total Liabilities > Capital Lease Obligations,2020-12-31,239.41
4065,Balance Sheet,Total Liabilities > Capital Lease Obligations,2021-12-31,265.85
4065,Balance Sheet,Total Liabilities > Capital Lease Obligations,2022-12-31,339.95
4065,Balance Sheet,Total Liabilities > Deferred Income Tax,2019-12-31,102.19
4065,Balance Sheet,Total Liabilities > Deferred Income Tax,2020-12-31,110.14
4065,Balance Sheet,Total Liabilities > Deferred Income Tax,2021-12-31,101.16
4065,Balance Sheet,Total Liabilities > Deferred Income Tax,2022-12-31,114.43
4065,Balance Sheet,Total Liabilities > Long Term Debt,2019-12-31,3.92
4065,Balance Sheet,Total Liabilities > Long Term Debt,2020-12-31,25.36
4065,Balance Sheet,Total Liabilities > Long Term Debt,2021-12-31,137.34
4065,Balance Sheet,Total Liabilities > Long Term Debt,2022-12-31,68.69
4065,Balance Sheet,Total Liabilities > Minority Interest,2019-12-31,695.53
4065,Balance Sheet,Total Liabilities > Minority Interest,2020-12-31,727.7
4065,Balance Sheet,Total Liabilities > Minority Interest,2021-12-31,748.82
4065,Balance Sheet,Total Liabilities > Minority Interest,2022-12-31,737.67
4065,Balance Sheet,"Total Liabilities > Other Liabilities, Total",2019-12-31,29.34
4065,Balance Sheet,"Total Liabilities > Other Liabilities, Total",2020-12-31,28.62
4065,Balance Sheet,"Total Liabilities > Other Liabilities, Total",2021-12-31,-2460.92
4065,Balance Sheet,"Total Liabilities > Other Liabilities, Total",2022-12-31,-2656.77
4065,Balance Sheet,Total Liabilities > Total Long Term Debt,2019-12-31,232.07
4065,Balance Sheet,Total Liabilities > Total Long Term Debt,2020-12-31,264.77
4065,Balance Sheet,Total Liabilities > Total Long Term Debt,2021-12-31,403.19
4065,Balance Sheet,Total Liabilities > Total Long Term Debt,2022-12-31,408.64
4065,Cash Flow,Beginning Cash Balance,2019-12-31,1391.05
4065,Cash Flow,Beginning Cash Balance,2021-12-31,1420.2
4065,Cash Flow,Beginning Cash Balance,2022-12-31,1286.8
4065,Cash Flow,Cash From Financing Activities,2019-12-31,-623.82
4065,Cash Flow,Cash From Financing Activities,2020-12-31,-376.5
4065,Cash Flow,Cash From Financing Activities,2021-12-31,-125.4
4065,Cash Flow,Cash From Financing Activities,2022-12-31,-368.48
4065,Cash Flow,Cash From Financing Activities > Financing Cash Flow Items,2019-12-31,-23.81
4065,Cash Flow,Cash From Financing Activities > Financing Cash Flow Items,2020-12-31,-13.26
4065,Cash Flow,Cash From Financing Activities > Financing Cash Flow Items,2021-12-31,-256.42
4065,Cash Flow,Cash From Financing Activities > Financing Cash Flow Items,2022-12-31,-90.17
4065,Cash Flow,"Cash From Financing Activities > Issuance (Retirement) of Debt, Net",2019-12-31,-175.75
4065,Cash Flow,"Cash From Financing Activities > Issuance (Retirement) of Debt, Net",2020-12-31,103.93
4065,Cash Flow,"Cash From Financing Activities > Issuance (Retirement) of Debt, Net",2021-12-31,586.24
4065,Cash Flow,"Cash From Financing Activities > Issuance (Retirement) of Debt, Net",2022-12-31,248.06
4065,Cash Flow,Cash From Financing Activities > Total Cash Dividends Paid,2019-12-31,-424.25
4065,Cash Flow,Cash From Financing Activities > Total Cash Dividends Paid,2020-12-31,-467.17
4065,Cash Flow,Cash From Financing Activities > Total Cash Dividends Paid,2021-12-31,-455.23
4065,Cash Flow,Cash From Financing Activities > Total Cash Dividends Paid,2022-12-31,-526.36
4065,Cash Flow,Cash From Investing Activities,2019-12-31,332.59
4065,Cash Flow,Cash From Investing Activities,2020-12-31,317.92
4065,Cash Flow,Cash From Investing Activities,2021-12-31,488.34
4065,Cash Flow,Cash From Investing Activities,2022-12-31,551.73
4065,Cash Flow,Cash From Investing Activities > Capital Expenditures,2019-12-31,-102.03
4065,Cash Flow,Cash From Investing Activities > Capital Expenditures,2020-12-31,-104.06
4065,Cash Flow,Cash From Investing Activities > Capital Expenditures,2021-12-31,-190.33
4065,Cash Flow,Cash From Investing Activities > Capital Expenditures,2022-12-31,-103.46
4065,Cash Flow,"Cash From Investing Activities > Other Investing Cash Flow Items, Total",2019-12-31,434.63
4065,Cash Flow,"Cash From Investing Activities > Other Investing Cash Flow Items, Total",2020-12-31,421.98
4065,Cash Flow,"Cash From Investing Activities > Other Investing Cash Flow Items, Total",2021-12-31,678.66
4065,Cash Flow,"Cash From Investing Activities > Other Investing Cash Flow Items, Total",2022-12-31,655.19
4065,Cash Flow,Cash From Operating Activities,2019-12-31,400.97
4065,Cash Flow,Cash From Operating Activities,2020-12-31,-19.25
4065,Cash Flow,Cash From Operating Activities,2021-12-31,-491.52
4065,Cash Flow,Cash From Operating Activities,2022-12-31,111.56
4065,Cash Flow,Cash From Operating Activities > Cash Interest Paid,2019-12-31,23.81
4065,Cash Flow,Cash From Operating Activities > Cash Interest Paid,2020-12-31,17.4
4065,Cash Flow,Cash From Operating Activities > Cash Interest Paid,2021-12-31,23.88
4065,Cash Flow,Cash From Operating Activities > Cash Interest Paid,2022-12-31,52.05
4065,Cash Flow,Cash From Operating Activities > Cash Taxes Paid,2019-12-31,46.44
4065,Cash Flow,Cash From Operating Activities > Cash Taxes Paid,2020-12-31,70.35
4065,Cash Flow,Cash From Operating Activities > Cash Taxes Paid,2021-12-31,53.91
4065,Cash Flow,Cash From Operating Activities > Cash Taxes Paid,2022-12-31,29.39
4065,Cash Flow,Cash From Operating Activities > Changes in Working Capital,2019-12-31,12.25
4065,Cash Flow,Cash From Operating Activities > Changes in Working Capital,2020-12-31,-270.38
4065,Cash Flow,Cash From Operating Activities > Changes in Working Capital,2021-12-31,-412.95
4065,Cash Flow,Cash From Operating Activities > Changes in Working Capital,2022-12-31,-218.53
4065,Cash Flow,Cash From Operating Activities > Depreciation/Depletion,2019-12-31,172.69
4065,Cash Flow,Cash From Operating Activities > Depreciation/Depletion,2020-12-31,186.62
4065,Cash Flow,Cash From Operating Activities > Depreciation/Depletion,2021-12-31,166.28
4065,Cash Flow,Cash From Operating Activities > Depreciation/Depletion,2022-12-31,188.38
4065,Cash Flow,Cash From Operating Activities > Non-Cash Items,2019-12-31,-1055.6
4065,Cash Flow,Cash From Operating Activities > Non-Cash Items,2020-12-31,-1356.42
4065,Cash Flow,Cash From Operating Activities > Non-Cash Items,2021-12-31,-1743.46
4065,Cash Flow,Cash From Operating Activities > Non-Cash Items,2022-12-31,-2061.76
4065,Cash Flow,Ending Cash Balance,2019-12-31,1500.91
4065,Cash Flow,Ending Cash Balance,2021-12-31,1296.32
4065,Cash Flow,Ending Cash Balance,2022-12-31,1587.05
4065,Cash Flow,Foreign Exchange Effects,2019-12-31,0.11
4065,Cash Flow,Foreign Exchange Effects,2020-12-31,-2.54
4065,Cash Flow,Foreign Exchange Effects,2021-12-31,4.71
4065,Cash Flow,Free Cash Flow,2019-12-31,258.33
4065,Cash Flow,Free Cash Flow,2021-12-31,-668.98
4065,Cash Flow,Free Cash Flow,2022-12-31,63.68
4065,Cash Flow,Free Cash Flow Growth,2021-12-31,-1473.83
4065,Cash Flow,Free Cash Flow Growth,2022-12-31,109.52
4065,Cash Flow,Free Cash Flow Yield,2021-12-31,-2.8
4065,Cash Flow,Free Cash Flow Yield,2022-12-31,0.033
4065,Cash Flow,Net Change in Cash,2019-12-31,109.86
4065,Cash Flow,Net Change in Cash,2020-12-31,-80.37
4065,Cash Flow,Net Change in Cash,2021-12-31,-123.89
4065,Cash Flow,Net Change in Cash,2022-12-31,300.24
4065,Cash Flow,Net Income/Starting Line,2019-12-31,1271.63
4065,Cash Flow,Net Income/Starting Line,2020-12-31,1420.93
4065,Cash Flow,Net Income/Starting Line,2021-12-31,1496.11
4065,Cash Flow,Net Income/Starting Line,2022-12-31,2196.82
4065,Income Statement,"Cost of Revenue, Total",2019-12-31,4053.68
4065,Income Statement,"Cost of Revenue, Total",2020-12-31,3760.89
4065,Income Statement,"Cost of Revenue, Total",2021-12-31,4265.01
4065,Income Statement,"Cost of Revenue, Total",2022-12-31,5545.55
4065,Income Statement,DPS - Common Stock Primary Issue,2019-12-31,0.31
4065,Income Statement,DPS - Common Stock Primary Issue,2020-12-31,0.3
4065,Income Statement,DPS - Common Stock Primary Issue,2021-12-31,0.35
4065,Income Statement,DPS - Common Stock Primary Issue,2022-12-31,0.4
4065,Income Statement,Diluted EPS Excluding Extraordinary Items,2019-12-31,0.81
4065,Income Statement,Diluted EPS Excluding Extraordinary Items,2020-12-31,0.93
4065,Income Statement,Diluted EPS Excluding Extraordinary Items,2021-12-31,1.05
4065,Income Statement,Diluted EPS Excluding Extraordinary Items,2022-12-31,1.54
4065,Income Statement,Diluted Net Income,2019-12-31,1152.55
4065,Income Statement,Diluted Net Income,2020-12-31,1316.96
4065,Income Statement,Diluted Net Income,2021-12-31,1499.45
4065,Income Statement,Diluted Net Income,2022-12-31,2196.95
4065,Income Statement,Diluted Normalized EPS,2019-12-31,0.81
4065,Income Statement,Diluted Normalized EPS,2020-12-31,0.92
4065,Income Statement,Diluted Normalized EPS,2021-12-31,0.652
4065,Income Statement,Diluted Normalized EPS,2022-12-31,0.972
4065,Income Statement,Diluted Weighted Average Shares,2019-12-31,1422.6
4065,Income Statement,Diluted Weighted Average Shares,2020-12-31,1422.6
4065,Income Statement,Diluted Weighted Average Shares,2021-12-31,1422.6
4065,Income Statement,Diluted Weighted Average Shares,2022-12-31,1422.6
4065,Income Statement,Dilution Adjustment,2021-12-31,-3.34
4065,Income Statement,Dilution Adjustment,2022-12-31,-0.136
4065,Income Statement,Gross Profit,2019-12-31,630.1
4065,Income Statement,Gross Profit,2020-12-31,429.8
4065,Income Statement,Gross Profit,2021-12-31,387.87
4065,Income Statement,Gross Profit,2022-12-31,605.63
4065,Income Statement,Income Available to Common Excluding Extraordinary Items,2019-12-31,1152.55
4065,Income Statement,Income Available to Common Excluding Extraordinary Items,2020-12-31,1316.96
4065,Income Statement,Income Available to Common Excluding Extraordinary Items,2021-12-31,1499.45
4065,Income Statement,Income Available to Common Excluding Extraordinary Items,2022-12-31,2196.95
4065,Income Statement,"Interest Income (Expense), Net Non-Operating",2019-12-31,1000.84
4065,Income Statement,"Interest Income (Expense), Net Non-Operating",2020-12-31,1318.02
4065,Income Statement,"Interest Income (Expense), Net Non-Operating",2021-12-31,1542.2
4065,Income Statement,Minority Interest,2019-12-31,-46.71
4065,Income Statement,Minority Interest,2020-12-31,-46.46
4065,Income Statement,Minority Interest,2021-12-31,748.82
4065,Income Statement,Minority Interest,2022-12-31,737.67
4065,Income Statement,Net Income,2019-12-31,1152.55
4065,Income Statement,Net Income,2020-12-31,1316.96
4065,Income Statement,Net Income,2021-12-31,1496.11
4065,Income Statement,Net Income,2022-12-31,2196.82
4065,Income Statement,Net Income After Taxes,2019-12-31,1199.26
4065,Income Statement,Net Income After Taxes,2020-12-31,1363.42
4065,Income Statement,Net Income After Taxes,2021-12-31,1510.46
4065,Income Statement,Net Income After Taxes,2022-12-31,2220.37
4065,Income Statement,Net Income Before Extraordinary Items,2019-12-31,1152.55
4065,Income Statement,Net Income Before Extraordinary Items,2020-12-31,1316.96
4065,Income Statement,Net Income Before Extraordinary Items,2021-12-31,1499.45
4065,Income Statement,Net Income Before Extraordinary Items,2022-12-31,2196.95
4065,Income Statement,Net Income Before Taxes,2019-12-31,1271.63
4065,Income Statement,Net Income Before Taxes,2020-12-31,1420.93
4065,Income Statement,Net Income Before Taxes,2021-12-31,1501.2
4065,Income Statement,Net Income Before Taxes,2022-12-31,2250.34
4065,Income Statement,Operating Income,2019-12-31,270.79
4065,Income Statement,Operating Income,2020-12-31,102.91
4065,Income Statement,Operating Income,2021-12-31,1.66
4065,Income Statement,Operating Income,2022-12-31,188.27
4065,Income Statement,"Other, Net",2021-12-31,-1499.54
4065,Income Statement,"Other, Net",2022-12-31,-2062.07
4065,Income Statement,Provision for Income Taxes,2019-12-31,72.37
4065,Income Statement,Provision for Income Taxes,2020-12-31,57.51
4065,Income Statement,Provision for Income Taxes,2021-12-31,-9.26
4065,Income Statement,Provision for Income Taxes,2022-12-31,29.96
4065,Income Statement,Total Adjustments to Net Income,2021-12-31,3.34
4065,Income Statement,Total Adjustments to Net Income,2022-12-31,0.136
4065,Income Statement,Total Extraordinary Items,2021-12-31,-3.34
4065,Income Statement,Total Extraordinary Items,2022-12-31,-0.136
4065,Income Statement,Total Operating Expenses,2019-12-31,4412.99
4065,Income Statement,Total Operating Expenses,2020-12-31,4087.78
4065,Income Statement,Total Operating Expenses,2021-12-31,4651.22
4065,Income Statement,Total Operating Expenses,2022-12-31,5962.91
4065,Income Statement,Total Operating Expenses > Depreciation / Amortization,2022-12-31,194.04
4065,Income Statement,Total Operating Expenses > Interest Expense (Income) - Net Operating,2021-12-31,-34.9
4065,Income Statement,Total Operating Expenses > Interest Expense (Income) - Net Operating,2022-12-31,-68.17
4065,Income Statement,"Total Operating Expenses > Other Operating Expenses, Total",2019-12-31,-54.17
4065,Income Statement,"Total Operating Expenses > Other Operating Expenses, Total",2020-12-31,-62.97
4065,Income Statement,"Total Operating Expenses > Other Operating Expenses, Total",2021-12-31,34.9
4065,Income Statement,"Total Operating Expenses > Other Operating Expenses, Total",2022-12-31,68.17
4065,Income Statement,"Total Operating Expenses > Selling/General/Admin. Expenses, Total",2019-12-31,413.48
4065,Income Statement,"Total Operating Expenses > Selling/General/Admin. Expenses, Total",2020-12-31,389.85
4065,Income Statement,"Total Operating Expenses > Selling/General/Admin. Expenses, Total",2021-12-31,386.21
4065,Income Statement,"Total Operating Expenses > Selling/General/Admin. Expenses, Total",2022-12-31,417.36
4065,Income Statement,Total Revenue,2019-12-31,4683.78
4065,Income Statement,Total Revenue,2020-12-31,4190.69
4065,Income Statement,Total Revenue,2021-12-31,4652.88
4065,Income Statement,Total Revenue,2022-12-31,6151.18
4065,Income Statement,Total Revenue > Revenue,2019-12-31,4683.78
4065,Income Statement,Total Revenue > Revenue,2020-12-31,4190.69
4065,Income Statement,Total Revenue > Revenue,2021-12-31,4652.88
4065,Income Statement,Total Revenue > Revenue,2022-12-31,6151.18
4162,Balance Sheet,Total Assets,2019-12-31,1028.14
4162,Balance Sheet,Total Assets,2020-12-31,1143.97
4162,Balance Sheet,Total Assets,2021-12-31,1392.05
4162,Balance Sheet,Total Assets,2022-12-31,1359.22
4162,Balance Sheet,"Total Assets > Accumulated Depreciation, Total",2019-12-31,-28.78
4162,Balance Sheet,"Total Assets > Accumulated Depreciation, Total",2020-12-31,-38.27
4162,Balance Sheet,"Total Assets > Accumulated Depreciation, Total",2021-12-31,-49.87
4162,Balance Sheet,"Total Assets > Accumulated Depreciation, Total",2022-12-31,-49.91
4162,Balance Sheet,"Total Assets > Goodwill, Net",2019-12-31,411.62
4162,Balance Sheet,"Total Assets > Goodwill, Net",2020-12-31,411.62
4162,Balance Sheet,"Total Assets > Goodwill, Net",2021-12-31,411.62
4162,Balance Sheet,"Total Assets > Goodwill, Net",2022-12-31,411.62
4162,Balance Sheet,"Total Assets > Intangibles, Net",2019-12-31,1.43
4162,Balance Sheet,"Total Assets > Intangibles, Net",2021-12-31,3.27
4162,Balance Sheet,"Total Assets > Intangibles, Net",2022-12-31,3.03
4162,Balance Sheet,Total Assets > Note Receivable - Long Term,2021-12-31,24.77
4162,Balance Sheet,Total Assets > Note Receivable - Long Term,2022-12-31,7.83
4162,Balance Sheet,"Total Assets > Other Assets, Total",2021-12-31,-313.13
4162,Balance Sheet,"Total Assets > Other Assets, Total",2022-12-31,-697.36
4162,Balance Sheet,"Total Assets > Other Long Term Assets, Total",2019-12-31,19.38
4162,Balance Sheet,"Total Assets > Other Long Term Assets, Total",2020-12-31,15.46
4162,Balance Sheet,"Total Assets > Other Long Term Assets, Total",2021-12-31,6.22
4162,Balance Sheet,"Total Assets > Property/Plant/Equipment, Total - Gross",2019-12-31,94.29
4162,Balance Sheet,"Total Assets > Property/Plant/Equipment, Total - Gross",2020-12-31,95.81
4162,Balance Sheet,"Total Assets > Property/Plant/Equipment, Total - Gross",2021-12-31,96.32
4162,Balance Sheet,"Total Assets > Property/Plant/Equipment, Total - Gross",2022-12-31,106.19
4162,Balance Sheet,"Total Assets > Property/Plant/Equipment, Total - Net",2019-12-31,65.5
4162,Balance Sheet,"Total Assets > Property/Plant/Equipment, Total - Net",2020-12-31,57.54
4162,Balance Sheet,"Total Assets > Property/Plant/Equipment, Total - Net",2021-12-31,46.44
4162,Balance Sheet,"Total Assets > Property/Plant/Equipment, Total - Net",2022-12-31,56.28
4162,Balance Sheet,Total Common Shares Outstanding,2019-12-31,285.53
4162,Balance Sheet,Total Common Shares Outstanding,2020-12-31,285.53
4162,Balance Sheet,Total Common Shares Outstanding,2021-12-31,285.53
4162,Balance Sheet,Total Common Shares Outstanding,2022-12-31,285.53
4162,Balance Sheet,Total Current Assets,2019-12-31,530.22
4162,Balance Sheet,Total Current Assets,2020-12-31,659.36
4162,Balance Sheet,Total Current Assets,2021-12-31,924.49
4162,Balance Sheet,Total Current Assets,2022-12-31,880.48
4162,Balance Sheet,"Total Current Assets > Accounts Receivables - Trade, Net",2019-12-31,227.06
4162,Balance Sheet,"Total Current Assets > Accounts Receivables - Trade, Net",2020-12-31,212.32
4162,Balance Sheet,"Total Current Assets > Accounts Receivables - Trade, Net",2021-12-31,472.68
4162,Balance Sheet,"Total Current Assets > Accounts Receivables - Trade, Net",2022-12-31,755.24
4162,Balance Sheet,Total Current Assets > Cash,2019-12-31,20.39
4162,Balance Sheet,Total Current Assets > Cash,2020-12-31,29.0
4162,Balance Sheet,Total Current Assets > Cash,2021-12-31,21.83
4162,Balance Sheet,Total Current Assets > Cash & Equivalents,2021-12-31,21.83
4162,Balance Sheet,Total Current Assets > Cash & Equivalents,2022-12-31,16.64
4162,Balance Sheet,Total Current Assets > Cash and Short Term Investments,2019-12-31,20.39
4162,Balance Sheet,Total Current Assets > Cash and Short Term Investments,2020-12-31,29.0
4162,Balance Sheet,Total Current Assets > Cash and Short Term Investments,2021-12-31,21.83
4162,Balance Sheet,Total Current Assets > Cash and Short Term Investments,2022-12-31,16.64
4162,Balance Sheet,"Total Current Assets > Other Current Assets, Total",2019-12-31,0.41
4162,Balance Sheet,"Total Current Assets > Other Current Assets, Total",2020-12-31,0.09
4162,Balance Sheet,"Total Current Assets > Other Current Assets, Total",2021-12-31,0.456
4162,Balance Sheet,"Total Current Assets > Other Current Assets, Total",2022-12-31,1.93
4162,Balance Sheet,Total Current Assets > Prepaid Expenses,2019-12-31,145.85
4162,Balance Sheet,Total Current Assets > Prepaid Expenses,2020-12-31,174.29
4162,Balance Sheet,Total Current Assets > Prepaid Expenses,2021-12-31,227.13
4162,Balance Sheet,Total Current Assets > Prepaid Expenses,2022-12-31,42.87
4162,Balance Sheet,Total Current Assets > Total Inventory,2019-12-31,98.25
4162,Balance Sheet,Total Current Assets > Total Inventory,2020-12-31,229.94
4162,Balance Sheet,Total Current Assets > Total Inventory,2021-12-31,177.64
4162,Balance Sheet,Total Current Assets > Total Inventory,2022-12-31,55.98
4162,Balance Sheet,"Total Current Assets > Total Receivables, Net",2019-12-31,265.32
4162,Balance Sheet,"Total Current Assets > Total Receivables, Net",2020-12-31,226.03
4162,Balance Sheet,"Total Current Assets > Total Receivables, Net",2021-12-31,497.44
4162,Balance Sheet,"Total Current Assets > Total Receivables, Net",2022-12-31,763.07
4162,Balance Sheet,Total Current Liabilities,2019-12-31,617.72
4162,Balance Sheet,Total Current Liabilities,2020-12-31,752.11
4162,Balance Sheet,Total Current Liabilities,2021-12-31,994.89
4162,Balance Sheet,Total Current Liabilities,2022-12-31,960.44
4162,Balance Sheet,Total Current Liabilities > Accounts Payable,2019-12-31,8.12
4162,Balance Sheet,Total Current Liabilities > Accounts Payable,2020-12-31,19.54
4162,Balance Sheet,Total Current Liabilities > Accounts Payable,2021-12-31,47.41
4162,Balance Sheet,Total Current Liabilities > Accounts Payable,2022-12-31,54.02
4162,Balance Sheet,Total Current Liabilities > Accrued Expenses,2019-12-31,102.55
4162,Balance Sheet,Total Current Liabilities > Accrued Expenses,2020-12-31,102.33
4162,Balance Sheet,Total Current Liabilities > Accrued Expenses,2021-12-31,129.32
4162,Balance Sheet,Total Current Liabilities > Accrued Expenses,2022-12-31,136.57
4162,Balance Sheet,Total Current Liabilities > Current Port. of LT Debt/Capital Leases,2019-12-31,4.36
4162,Balance Sheet,Total Current Liabilities > Current Port. of LT Debt/Capital Leases,2020-12-31,6.31
4162,Balance Sheet,Total Current Liabilities > Current Port. of LT Debt/Capital Leases,2021-12-31,5.27
4162,Balance Sheet,Total Current Liabilities > Current Port. of LT Debt/Capital Leases,2022-12-31,12.12
4162,Balance Sheet,Total Current Liabilities > Notes Payable/Short Term Debt,2019-12-31,421.0
4162,Balance Sheet,Total Current Liabilities > Notes Payable/Short Term Debt,2020-12-31,510.0
4162,Balance Sheet,Total Current Liabilities > Notes Payable/Short Term Debt,2021-12-31,775.0
4162,Balance Sheet,Total Current Liabilities > Notes Payable/Short Term Debt,2022-12-31,695.0
4162,Balance Sheet,"Total Current Liabilities > Other Current liabilities, Total",2019-12-31,81.69
4162,Balance Sheet,"Total Current Liabilities > Other Current liabilities, Total",2020-12-31,113.93
4162,Balance Sheet,"Total Current Liabilities > Other Current liabilities, Total",2021-12-31,37.88
4162,Balance Sheet,"Total Current Liabilities > Other Current liabilities, Total",2022-12-31,62.73
4162,Balance Sheet,Total Current Liabilities > Payable/Accrued,2019-12-31,170.66
4162,Balance Sheet,Total Current Liabilities > Payable/Accrued,2020-12-31,198.84
4162,Balance Sheet,Total Current Liabilities > Payable/Accrued,2021-12-31,190.96
4162,Balance Sheet,Total Equity,2019-12-31,388.58
4162,Balance Sheet,Total Equity,2020-12-31,372.64
4162,Balance Sheet,Total Equity,2021-12-31,382.52
4162,Balance Sheet,Total Equity,2022-12-31,377.14
4162,Balance Sheet,"Total Equity > Common Stock, Total",2019-12-31,142.76
4162,Balance Sheet,"Total Equity > Common Stock, Total",2020-12-31,142.76
4162,Balance Sheet,"Total Equity > Common Stock, Total",2021-12-31,142.76
4162,Balance Sheet,"Total Equity > Common Stock, Total",2022-12-31,142.76
4162,Balance Sheet,"Total Equity > Other Equity, Total",2019-12-31,-1.51
4162,Balance Sheet,"Total Equity > Other Equity, Total",2020-12-31,-5.17
4162,Balance Sheet,"Total Equity > Other Equity, Total",2021-12-31,-0.33
4162,Balance Sheet,"Total Equity > Other Equity, Total",2022-12-31,0.164
4162,Balance Sheet,Total Equity > Retained Earnings (Accumulated Deficit),2019-12-31,247.33
4162,Balance Sheet,Total Equity > Retained Earnings (Accumulated Deficit),2020-12-31,235.04
4162,Balance Sheet,Total Equity > Retained Earnings (Accumulated Deficit),2021-12-31,240.09
4162,Balance Sheet,Total Equity > Retained Earnings (Accumulated Deficit),2022-12-31,234.21
4162,Balance Sheet,Total Liabilities,2019-12-31,639.56
4162,Balance Sheet,Total Liabilities,2020-12-31,771.33
4162,Balance Sheet,Total Liabilities,2021-12-31,1009.53
4162,Balance Sheet,Total Liabilities,2022-12-31,982.08
4162,Balance Sheet,Total Liabilities & Shareholders' Equity,2019-12-31,1028.14
4162,Balance Sheet,Total Liabilities & Shareholders' Equity,2020-12-31,1143.97
4162,Balance Sheet,Total Liabilities & Shareholders' Equity,2021-12-31,1392.05
4162,Balance Sheet,Total Liabilities & Shareholders' Equity,2022-12-31,1359.22
4162,Balance Sheet,Total Liabilities > Capital Lease Obligations,2019-12-31,21.84
4162,Balance Sheet,Total Liabilities > Capital Lease Obligations,2020-12-31,19.22
4162,Balance Sheet,Total Liabilities > Capital Lease Obligations,2021-12-31,14.64
4162,Balance Sheet,Total Liabilities > Capital Lease Obligations,2022-12-31,21.64
4162,Balance Sheet,"Total Liabilities > Other Liabilities, Total",2021-12-31,-775.0
4162,Balance Sheet,"Total Liabilities > Other Liabilities, Total",2022-12-31,-695.0
4162,Balance Sheet,Total Liabilities > Total Long Term Debt,2019-12-31,21.84
4162,Balance Sheet,Total Liabilities > Total Long Term Debt,2020-12-31,19.22
4162,Balance Sheet,Total Liabilities > Total Long Term Debt,2021-12-31,14.64
4162,Balance Sheet,Total Liabilities > Total Long Term Debt,2022-12-31,21.64
4162,Cash Flow,Beginning Cash Balance,2019-12-31,78.63
4162,Cash Flow,Beginning Cash Balance,2021-12-31,29.0
4162,Cash Flow,Beginning Cash Balance,2022-12-31,21.83
4162,Cash Flow,Cash From Financing Activities,2019-12-31,-387.63
4162,Cash Flow,Cash From Financing Activities,2020-12-31,-187.14
4162,Cash Flow,Cash From Financing Activities,2021-12-31,-37.85
4162,Cash Flow,Cash From Financing Activities,2022-12-31,-380.11
4162,Cash Flow,Cash From Financing Activities > Financing Cash Flow Items,2019-12-31,-15.96
4162,Cash Flow,Cash From Financing Activities > Financing Cash Flow Items,2020-12-31,-17.17
4162,Cash Flow,Cash From Financing Activities > Financing Cash Flow Items,2021-12-31,-17.08
4162,Cash Flow,Cash From Financing Activities > Financing Cash Flow Items,2022-12-31,-21.68
4162,Cash Flow,"Cash From Financing Activities > Issuance (Retirement) of Debt, Net",2019-12-31,5.23
4162,Cash Flow,"Cash From Financing Activities > Issuance (Retirement) of Debt, Net",2020-12-31,84.15
4162,Cash Flow,"Cash From Financing Activities > Issuance (Retirement) of Debt, Net",2021-12-31,259.04
4162,Cash Flow,"Cash From Financing Activities > Issuance (Retirement) of Debt, Net",2022-12-31,-90.03
4162,Cash Flow,Cash From Financing Activities > Total Cash Dividends Paid,2019-12-31,-376.9
4162,Cash Flow,Cash From Financing Activities > Total Cash Dividends Paid,2020-12-31,-254.12
4162,Cash Flow,Cash From Financing Activities > Total Cash Dividends Paid,2021-12-31,-279.82
4162,Cash Flow,Cash From Financing Activities > Total Cash Dividends Paid,2022-12-31,-268.4
4162,Cash Flow,Cash From Investing Activities,2019-12-31,-1.69
4162,Cash Flow,Cash From Investing Activities,2020-12-31,-0.36
4162,Cash Flow,Cash From Investing Activities,2021-12-31,-4.14
4162,Cash Flow,Cash From Investing Activities,2022-12-31,0.918
4162,Cash Flow,Cash From Investing Activities > Capital Expenditures,2019-12-31,-7.4
4162,Cash Flow,Cash From Investing Activities > Capital Expenditures,2020-12-31,-3.42
4162,Cash Flow,Cash From Investing Activities > Capital Expenditures,2021-12-31,-2.36
4162,Cash Flow,Cash From Investing Activities > Capital Expenditures,2022-12-31,-10.26
4162,Cash Flow,"Cash From Investing Activities > Other Investing Cash Flow Items, Total",2019-12-31,5.71
4162,Cash Flow,"Cash From Investing Activities > Other Investing Cash Flow Items, Total",2020-12-31,3.07
4162,Cash Flow,"Cash From Investing Activities > Other Investing Cash Flow Items, Total",2021-12-31,-1.78
4162,Cash Flow,"Cash From Investing Activities > Other Investing Cash Flow Items, Total",2022-12-31,11.18
4162,Cash Flow,Cash From Operating Activities,2019-12-31,331.09
4162,Cash Flow,Cash From Operating Activities,2020-12-31,196.12
4162,Cash Flow,Cash From Operating Activities,2021-12-31,34.82
4162,Cash Flow,Cash From Operating Activities,2022-12-31,374.0
4162,Cash Flow,Cash From Operating Activities > Cash Interest Paid,2021-12-31,17.08
4162,Cash Flow,Cash From Operating Activities > Cash Interest Paid,2022-12-31,21.68
4162,Cash Flow,Cash From Operating Activities > Cash Payments,2019-12-31,-2019.31
4162,Cash Flow,Cash From Operating Activities > Cash Payments,2020-12-31,-2091.49
4162,Cash Flow,Cash From Operating Activities > Cash Payments,2021-12-31,-2225.22
4162,Cash Flow,Cash From Operating Activities > Cash Receipts,2019-12-31,2467.07
4162,Cash Flow,Cash From Operating Activities > Cash Receipts,2020-12-31,2355.18
4162,Cash Flow,Cash From Operating Activities > Cash Receipts,2021-12-31,2366.43
4162,Cash Flow,Cash From Operating Activities > Cash Taxes Paid,2019-12-31,-116.67
4162,Cash Flow,Cash From Operating Activities > Cash Taxes Paid,2020-12-31,-67.58
4162,Cash Flow,Cash From Operating Activities > Cash Taxes Paid,2021-12-31,106.38
4162,Cash Flow,Cash From Operating Activities > Cash Taxes Paid,2022-12-31,108.63
4162,Cash Flow,Cash From Operating Activities > Changes in Working Capital,2021-12-31,-296.17
4162,Cash Flow,Cash From Operating Activities > Changes in Working Capital,2022-12-31,47.12
4162,Cash Flow,Cash From Operating Activities > Depreciation/Depletion,2021-12-31,12.95
4162,Cash Flow,Cash From Operating Activities > Depreciation/Depletion,2022-12-31,16.16
4162,Cash Flow,Cash From Operating Activities > Non-Cash Items,2021-12-31,33.18
4162,Cash Flow,Cash From Operating Activities > Non-Cash Items,2022-12-31,47.08
4162,Cash Flow,Ending Cash Balance,2019-12-31,20.39
4162,Cash Flow,Ending Cash Balance,2021-12-31,21.83
4162,Cash Flow,Ending Cash Balance,2022-12-31,16.64
4162,Cash Flow,Free Cash Flow,2019-12-31,323.69
4162,Cash Flow,Free Cash Flow,2021-12-31,-36.78
4162,Cash Flow,Free Cash Flow,2022-12-31,324.38
4162,Cash Flow,Free Cash Flow Growth,2021-12-31,-125.99
4162,Cash Flow,Free Cash Flow Growth,2022-12-31,982.05
4162,Cash Flow,Free Cash Flow Yield,2021-12-31,0.731
4162,Cash Flow,Free Cash Flow Yield,2022-12-31,11.33
4162,Cash Flow,Net Change in Cash,2019-12-31,-58.24
4162,Cash Flow,Net Change in Cash,2020-12-31,8.62
4162,Cash Flow,Net Change in Cash,2021-12-31,-7.18
4162,Cash Flow,Net Change in Cash,2022-12-31,-5.19
4162,Cash Flow,Net Income/Starting Line,2021-12-31,284.86
4162,Cash Flow,Net Income/Starting Line,2022-12-31,262.52
4162,Income Statement,"Cost of Revenue, Total",2019-12-31,1790.9
4162,Income Statement,"Cost of Revenue, Total",2020-12-31,1718.27
4162,Income Statement,"Cost of Revenue, Total",2021-12-31,468.96
4162,Income Statement,"Cost of Revenue, Total",2022-12-31,463.42
4162,Income Statement,DPS - Common Stock Primary Issue,2019-12-31,1.18
4162,Income Statement,DPS - Common Stock Primary Issue,2020-12-31,0.83
4162,Income Statement,DPS - Common Stock Primary Issue,2021-12-31,0.98
4162,Income Statement,DPS - Common Stock Primary Issue,2022-12-31,0.88
4162,Income Statement,Diluted EPS Excluding Extraordinary Items,2019-12-31,1.21
4162,Income Statement,Diluted EPS Excluding Extraordinary Items,2020-12-31,0.85
4162,Income Statement,Diluted EPS Excluding Extraordinary Items,2021-12-31,0.998
4162,Income Statement,Diluted EPS Excluding Extraordinary Items,2022-12-31,0.919
4162,Income Statement,Diluted Net Income,2019-12-31,345.7
4162,Income Statement,Diluted Net Income,2020-12-31,241.84
4162,Income Statement,Diluted Net Income,2021-12-31,284.86
4162,Income Statement,Diluted Net Income,2022-12-31,262.52
4162,Income Statement,Diluted Normalized EPS,2019-12-31,1.25
4162,Income Statement,Diluted Normalized EPS,2020-12-31,0.9
4162,Income Statement,Diluted Normalized EPS,2021-12-31,0.863
4162,Income Statement,Diluted Normalized EPS,2022-12-31,0.837
4162,Income Statement,Diluted Weighted Average Shares,2019-12-31,285.53
4162,Income Statement,Diluted Weighted Average Shares,2020-12-31,285.53
4162,Income Statement,Diluted Weighted Average Shares,2021-12-31,285.53
4162,Income Statement,Diluted Weighted Average Shares,2022-12-31,285.53
4162,Income Statement,Gain (Loss) on Sale of Assets,2021-12-31,0.04
4162,Income Statement,Gain (Loss) on Sale of Assets,2022-12-31,3.15
4162,Income Statement,Gross Profit,2019-12-31,717.65
4162,Income Statement,Gross Profit,2020-12-31,597.21
4162,Income Statement,Gross Profit,2021-12-31,674.84
4162,Income Statement,Gross Profit,2022-12-31,677.96
4162,Income Statement,Income Available to Common Excluding Extraordinary Items,2019-12-31,345.7
4162,Income Statement,Income Available to Common Excluding Extraordinary Items,2020-12-31,241.84
4162,Income Statement,Income Available to Common Excluding Extraordinary Items,2021-12-31,284.86
4162,Income Statement,Income Available to Common Excluding Extraordinary Items,2022-12-31,262.52
4162,Income Statement,"Interest Income (Expense), Net Non-Operating",2019-12-31,-15.96
4162,Income Statement,"Interest Income (Expense), Net Non-Operating",2020-12-31,-17.17
4162,Income Statement,"Interest Income (Expense), Net Non-Operating",2021-12-31,-17.08
4162,Income Statement,Net Income,2019-12-31,345.7
4162,Income Statement,Net Income,2020-12-31,241.84
4162,Income Statement,Net Income,2021-12-31,284.86
4162,Income Statement,Net Income,2022-12-31,262.52
4162,Income Statement,Net Income After Taxes,2019-12-31,345.7
4162,Income Statement,Net Income After Taxes,2020-12-31,241.84
4162,Income Statement,Net Income After Taxes,2021-12-31,284.86
4162,Income Statement,Net Income After Taxes,2022-12-31,262.52
4162,Income Statement,Net Income Before Extraordinary Items,2019-12-31,345.7
4162,Income Statement,Net Income Before Extraordinary Items,2020-12-31,241.84
4162,Income Statement,Net Income Before Extraordinary Items,2021-12-31,284.86
4162,Income Statement,Net Income Before Extraordinary Items,2022-12-31,262.52
4162,Income Statement,Net Income Before Taxes,2019-12-31,462.25
4162,Income Statement,Net Income Before Taxes,2020-12-31,329.29
4162,Income Statement,Net Income Before Taxes,2021-12-31,394.12
4162,Income Statement,Net Income Before Taxes,2022-12-31,385.41
4162,Income Statement,Operating Income,2019-12-31,478.22
4162,Income Statement,Operating Income,2020-12-31,346.46
4162,Income Statement,Operating Income,2021-12-31,410.56
4162,Income Statement,Operating Income,2022-12-31,403.16
4162,Income Statement,"Other, Net",2021-12-31,16.4
4162,Income Statement,"Other, Net",2022-12-31,14.6
4162,Income Statement,Provision for Income Taxes,2019-12-31,116.56
4162,Income Statement,Provision for Income Taxes,2020-12-31,87.45
4162,Income Statement,Provision for Income Taxes,2021-12-31,109.26
4162,Income Statement,Provision for Income Taxes,2022-12-31,122.89
4162,Income Statement,Total Operating Expenses,2019-12-31,2030.34
4162,Income Statement,Total Operating Expenses,2020-12-31,1969.02
4162,Income Statement,Total Operating Expenses,2021-12-31,733.24
4162,Income Statement,Total Operating Expenses,2022-12-31,738.22
4162,Income Statement,Total Operating Expenses > Depreciation / Amortization,2021-12-31,6.97
4162,Income Statement,Total Operating Expenses > Depreciation / Amortization,2022-12-31,5.46
4162,Income Statement,Total Operating Expenses > Interest Expense (Income) - Net Operating,2021-12-31,-17.08
4162,Income Statement,Total Operating Expenses > Interest Expense (Income) - Net Operating,2022-12-31,-21.68
4162,Income Statement,"Total Operating Expenses > Other Operating Expenses, Total",2019-12-31,-2.98
4162,Income Statement,"Total Operating Expenses > Other Operating Expenses, Total",2020-12-31,8.59
4162,Income Statement,"Total Operating Expenses > Other Operating Expenses, Total",2021-12-31,17.32
4162,Income Statement,"Total Operating Expenses > Other Operating Expenses, Total",2022-12-31,35.0
4162,Income Statement,"Total Operating Expenses > Selling/General/Admin. Expenses, Total",2019-12-31,242.41
4162,Income Statement,"Total Operating Expenses > Selling/General/Admin. Expenses, Total",2020-12-31,242.17
4162,Income Statement,"Total Operating Expenses > Selling/General/Admin. Expenses, Total",2021-12-31,257.07
4162,Income Statement,"Total Operating Expenses > Selling/General/Admin. Expenses, Total",2022-12-31,256.02
4162,Income Statement,Total Revenue,2019-12-31,2508.55
4162,Income Statement,Total Revenue,2020-12-31,2315.48
4162,Income Statement,Total Revenue,2021-12-31,1143.8
4162,Income Statement,Total Revenue,2022-12-31,1141.38
4162,Income Statement,Total Revenue > Revenue,2019-12-31,2508.55
4162,Income Statement,Total Revenue > Revenue,2020-12-31,2315.48
4162,Income Statement,Total Revenue > Revenue,2021-12-31,1143.8
4162,Income Statement,Total Revenue > Revenue,2022-12-31,1141.38
4197,Balance Sheet,Total Assets,2019-06-30,25516.0
4197,Balance Sheet,Total Assets,2020-06-30,27273.0
4197,Balance Sheet,Total Assets,2021-06-30,28487.0
4197,Balance Sheet,Total Assets,2022-06-30,30229.0
4197,Balance Sheet,"Total Assets > Accumulated Depreciation, Total",2019-06-30,-3100.0
4197,Balance Sheet,"Total Assets > Accumulated Depreciation, Total",2020-06-30,-3196.0
4197,Balance Sheet,"Total Assets > Accumulated Depreciation, Total",2021-06-30,-4283.0
4197,Balance Sheet,"Total Assets > Accumulated Depreciation, Total",2022-06-30,-4448.0
4197,Balance Sheet,"Total Assets > Goodwill, Net",2019-06-30,225.0
4197,Balance Sheet,"Total Assets > Goodwill, Net",2020-06-30,252.0
4197,Balance Sheet,"Total Assets > Goodwill, Net",2021-06-30,267.0
4197,Balance Sheet,"Total Assets > Goodwill, Net",2022-06-30,274.0
4197,Balance Sheet,"Total Assets > Intangibles, Net",2019-06-30,1259.0
4197,Balance Sheet,"Total Assets > Intangibles, Net",2020-06-30,1344.0
4197,Balance Sheet,"Total Assets > Intangibles, Net",2021-06-30,1629.0
4197,Balance Sheet,"Total Assets > Intangibles, Net",2022-06-30,1552.0
4197,Balance Sheet,Total Assets > Long Term Investments,2019-06-30,1951.0
4197,Balance Sheet,Total Assets > Long Term Investments,2020-06-30,1662.0
4197,Balance Sheet,Total Assets > Long Term Investments,2021-06-30,1366.0
4197,Balance Sheet,Total Assets > Long Term Investments,2022-06-30,1207.0
4197,Balance Sheet,Total Assets > Note Receivable - Long Term,2019-06-30,348.0
4197,Balance Sheet,Total Assets > Note Receivable - Long Term,2020-06-30,276.0
4197,Balance Sheet,Total Assets > Note Receivable - Long Term,2021-06-30,1457.0
4197,Balance Sheet,Total Assets > Note Receivable - Long Term,2022-06-30,1484.0
4197,Balance Sheet,"Total Assets > Other Assets, Total",2021-06-30,6378.0
4197,Balance Sheet,"Total Assets > Other Assets, Total",2022-06-30,8531.0
4197,Balance Sheet,"Total Assets > Other Long Term Assets, Total",2019-06-30,938.0
4197,Balance Sheet,"Total Assets > Other Long Term Assets, Total",2020-06-30,716.0
4197,Balance Sheet,"Total Assets > Other Long Term Assets, Total",2021-06-30,473.0
4197,Balance Sheet,"Total Assets > Other Long Term Assets, Total",2022-06-30,410.0
4197,Balance Sheet,"Total Assets > Property/Plant/Equipment, Total - Gross",2019-06-30,8827.0
4197,Balance Sheet,"Total Assets > Property/Plant/Equipment, Total - Gross",2020-06-30,11601.0
4197,Balance Sheet,"Total Assets > Property/Plant/Equipment, Total - Gross",2021-06-30,12546.0
4197,Balance Sheet,"Total Assets > Property/Plant/Equipment, Total - Gross",2022-06-30,12274.0
4197,Balance Sheet,"Total Assets > Property/Plant/Equipment, Total - Net",2019-06-30,5727.0
4197,Balance Sheet,"Total Assets > Property/Plant/Equipment, Total - Net",2020-06-30,8405.0
4197,Balance Sheet,"Total Assets > Property/Plant/Equipment, Total - Net",2021-06-30,8263.0
4197,Balance Sheet,"Total Assets > Property/Plant/Equipment, Total - Net",2022-06-30,7826.0
4197,Balance Sheet,Total Common Shares Outstanding,2019-06-30,6801.0
4197,Balance Sheet,Total Common Shares Outstanding,2020-06-30,6801.0
4197,Balance Sheet,Total Common Shares Outstanding,2021-06-30,6802.54
4197,Balance Sheet,Total Common Shares Outstanding,2022-06-30,6809.92
4197,Balance Sheet,Total Current Assets,2019-06-30,15068.0
4197,Balance Sheet,Total Current Assets,2020-06-30,14618.0
4197,Balance Sheet,Total Current Assets,2021-06-30,15950.0
4197,Balance Sheet,Total Current Assets,2022-06-30,18545.0
4197,Balance Sheet,"Total Current Assets > Accounts Receivables - Trade, Net",2019-06-30,2753.0
4197,Balance Sheet,"Total Current Assets > Accounts Receivables - Trade, Net",2020-06-30,2625.0
4197,Balance Sheet,"Total Current Assets > Accounts Receivables - Trade, Net",2021-06-30,2940.0
4197,Balance Sheet,"Total Current Assets > Accounts Receivables - Trade, Net",2022-06-30,3182.0
4197,Balance Sheet,Total Current Assets > Cash,2019-06-30,1046.0
4197,Balance Sheet,Total Current Assets > Cash,2020-06-30,1106.0
4197,Balance Sheet,Total Current Assets > Cash,2021-06-30,1124.0
4197,Balance Sheet,Total Current Assets > Cash & Equivalents,2019-06-30,1723.0
4197,Balance Sheet,Total Current Assets > Cash & Equivalents,2020-06-30,1694.0
4197,Balance Sheet,Total Current Assets > Cash & Equivalents,2021-06-30,1124.0
4197,Balance Sheet,Total Current Assets > Cash & Equivalents,2022-06-30,935.0
4197,Balance Sheet,Total Current Assets > Cash and Short Term Investments,2019-06-30,1723.0
4197,Balance Sheet,Total Current Assets > Cash and Short Term Investments,2020-06-30,1694.0
4197,Balance Sheet,Total Current Assets > Cash and Short Term Investments,2021-06-30,2556.0
4197,Balance Sheet,Total Current Assets > Cash and Short Term Investments,2022-06-30,1898.0
4197,Balance Sheet,"Total Current Assets > Other Current Assets, Total",2019-06-30,142.0
4197,Balance Sheet,"Total Current Assets > Other Current Assets, Total",2020-06-30,135.0
4197,Balance Sheet,"Total Current Assets > Other Current Assets, Total",2021-06-30,4.0
4197,Balance Sheet,"Total Current Assets > Other Current Assets, Total",2022-06-30,1738.0
4197,Balance Sheet,Total Current Assets > Prepaid Expenses,2019-06-30,563.0
4197,Balance Sheet,Total Current Assets > Prepaid Expenses,2020-06-30,423.0
4197,Balance Sheet,Total Current Assets > Prepaid Expenses,2021-06-30,193.0
4197,Balance Sheet,Total Current Assets > Prepaid Expenses,2022-06-30,162.0
4197,Balance Sheet,Total Current Assets > Short Term Investments,2019-06-30,677.0
4197,Balance Sheet,Total Current Assets > Short Term Investments,2020-06-30,588.0
4197,Balance Sheet,Total Current Assets > Short Term Investments,2021-06-30,1416.0
4197,Balance Sheet,Total Current Assets > Short Term Investments,2022-06-30,919.0
4197,Balance Sheet,Total Current Assets > Total Inventory,2019-06-30,8538.0
4197,Balance Sheet,Total Current Assets > Total Inventory,2020-06-30,8346.0
4197,Balance Sheet,Total Current Assets > Total Inventory,2021-06-30,8800.0
4197,Balance Sheet,Total Current Assets > Total Inventory,2022-06-30,10081.0
4197,Balance Sheet,"Total Current Assets > Total Receivables, Net",2019-06-30,4102.0
4197,Balance Sheet,"Total Current Assets > Total Receivables, Net",2020-06-30,4020.0
4197,Balance Sheet,"Total Current Assets > Total Receivables, Net",2021-06-30,4397.0
4197,Balance Sheet,"Total Current Assets > Total Receivables, Net",2022-06-30,4666.0
4197,Balance Sheet,Total Current Liabilities,2019-06-30,9584.0
4197,Balance Sheet,Total Current Liabilities,2020-06-30,9638.0
4197,Balance Sheet,Total Current Liabilities,2021-06-30,9764.0
4197,Balance Sheet,Total Current Liabilities,2022-06-30,11202.0
4197,Balance Sheet,Total Current Liabilities > Accounts Payable,2019-06-30,3165.0
4197,Balance Sheet,Total Current Liabilities > Accounts Payable,2020-06-30,2918.0
4197,Balance Sheet,Total Current Liabilities > Accounts Payable,2021-06-30,3252.0
4197,Balance Sheet,Total Current Liabilities > Accounts Payable,2022-06-30,3574.0
4197,Balance Sheet,Total Current Liabilities > Accrued Expenses,2019-06-30,1435.0
4197,Balance Sheet,Total Current Liabilities > Accrued Expenses,2020-06-30,1338.0
4197,Balance Sheet,Total Current Liabilities > Accrued Expenses,2021-06-30,1649.0
4197,Balance Sheet,Total Current Liabilities > Accrued Expenses,2022-06-30,1571.0
4197,Balance Sheet,Total Current Liabilities > Current Port. of LT Debt/Capital Leases,2019-06-30,5.0
4197,Balance Sheet,Total Current Liabilities > Current Port. of LT Debt/Capital Leases,2020-06-30,385.0
4197,Balance Sheet,Total Current Liabilities > Current Port. of LT Debt/Capital Leases,2021-06-30,1799.0
4197,Balance Sheet,Total Current Liabilities > Current Port. of LT Debt/Capital Leases,2022-06-30,2744.0
4197,Balance Sheet,Total Current Liabilities > Notes Payable/Short Term Debt,2019-06-30,2392.0
4197,Balance Sheet,Total Current Liabilities > Notes Payable/Short Term Debt,2020-06-30,2112.0
4197,Balance Sheet,Total Current Liabilities > Notes Payable/Short Term Debt,2021-06-30,356.0
4197,Balance Sheet,Total Current Liabilities > Notes Payable/Short Term Debt,2022-06-30,559.0
4197,Balance Sheet,"Total Current Liabilities > Other Current liabilities, Total",2019-06-30,2587.0
4197,Balance Sheet,"Total Current Liabilities > Other Current liabilities, Total",2020-06-30,2885.0
4197,Balance Sheet,"Total Current Liabilities > Other Current liabilities, Total",2021-06-30,2708.0
4197,Balance Sheet,"Total Current Liabilities > Other Current liabilities, Total",2022-06-30,2754.0
4197,Balance Sheet,Total Current Liabilities > Payable/Accrued,2019-06-30,4583.0
4197,Balance Sheet,Total Current Liabilities > Payable/Accrued,2020-06-30,4317.0
4197,Balance Sheet,Total Current Liabilities > Payable/Accrued,2021-06-30,5253.0
4197,Balance Sheet,Total Equity,2019-06-30,14713.0
4197,Balance Sheet,Total Equity,2020-06-30,14997.0
4197,Balance Sheet,Total Equity,2021-06-30,16260.0
4197,Balance Sheet,Total Equity,2022-06-30,16371.0
4197,Balance Sheet,"Total Equity > Common Stock, Total",2019-06-30,9299.0
4197,Balance Sheet,"Total Equity > Common Stock, Total",2020-06-30,9300.0
4197,Balance Sheet,"Total Equity > Common Stock, Total",2021-06-30,9302.0
4197,Balance Sheet,"Total Equity > Common Stock, Total",2022-06-30,9318.0
4197,Balance Sheet,"Total Equity > Other Equity, Total",2019-06-30,44.0
4197,Balance Sheet,"Total Equity > Other Equity, Total",2020-06-30,181.0
4197,Balance Sheet,"Total Equity > Other Equity, Total",2021-06-30,1260.0
4197,Balance Sheet,"Total Equity > Other Equity, Total",2022-06-30,1193.0
4197,Balance Sheet,Total Equity > Retained Earnings (Accumulated Deficit),2019-06-30,5370.0
4197,Balance Sheet,Total Equity > Retained Earnings (Accumulated Deficit),2020-06-30,5516.0
4197,Balance Sheet,Total Equity > Retained Earnings (Accumulated Deficit),2021-06-30,5698.0
4197,Balance Sheet,Total Equity > Retained Earnings (Accumulated Deficit),2022-06-30,5860.0
4197,Balance Sheet,Total Liabilities,2019-06-30,10803.0
4197,Balance Sheet,Total Liabilities,2020-06-30,12276.0
4197,Balance Sheet,Total Liabilities,2021-06-30,12227.0
4197,Balance Sheet,Total Liabilities,2022-06-30,13858.0
4197,Balance Sheet,Total Liabilities & Shareholders' Equity,2019-06-30,25516.0
4197,Balance Sheet,Total Liabilities & Shareholders' Equity,2020-06-30,27273.0
4197,Balance Sheet,Total Liabilities & Shareholders' Equity,2021-06-30,28487.0
4197,Balance Sheet,Total Liabilities & Shareholders' Equity,2022-06-30,30229.0
4197,Balance Sheet,Total Liabilities > Capital Lease Obligations,2019-06-30,2.0
4197,Balance Sheet,Total Liabilities > Capital Lease Obligations,2020-06-30,1438.0
4197,Balance Sheet,Total Liabilities > Capital Lease Obligations,2021-06-30,1506.0
4197,Balance Sheet,Total Liabilities > Capital Lease Obligations,2022-06-30,1657.0
4197,Balance Sheet,Total Liabilities > Deferred Income Tax,2019-06-30,289.0
4197,Balance Sheet,Total Liabilities > Deferred Income Tax,2020-06-30,331.0
4197,Balance Sheet,Total Liabilities > Deferred Income Tax,2021-06-30,307.0
4197,Balance Sheet,Total Liabilities > Deferred Income Tax,2022-06-30,328.0
4197,Balance Sheet,Total Liabilities > Long Term Debt,2019-06-30,176.0
4197,Balance Sheet,Total Liabilities > Long Term Debt,2020-06-30,110.0
4197,Balance Sheet,Total Liabilities > Long Term Debt,2021-06-30,373.0
4197,Balance Sheet,Total Liabilities > Long Term Debt,2022-06-30,376.0
4197,Balance Sheet,Total Liabilities > Minority Interest,2019-06-30,405.0
4197,Balance Sheet,Total Liabilities > Minority Interest,2020-06-30,416.0
4197,Balance Sheet,Total Liabilities > Minority Interest,2021-06-30,377.0
4197,Balance Sheet,Total Liabilities > Minority Interest,2022-06-30,361.0
4197,Balance Sheet,"Total Liabilities > Other Liabilities, Total",2019-06-30,347.0
4197,Balance Sheet,"Total Liabilities > Other Liabilities, Total",2020-06-30,343.0
4197,Balance Sheet,"Total Liabilities > Other Liabilities, Total",2021-06-30,-1167.0
4197,Balance Sheet,"Total Liabilities > Other Liabilities, Total",2022-06-30,-1571.0
4197,Balance Sheet,Total Liabilities > Total Long Term Debt,2019-06-30,178.0
4197,Balance Sheet,Total Liabilities > Total Long Term Debt,2020-06-30,1548.0
4197,Balance Sheet,Total Liabilities > Total Long Term Debt,2021-06-30,1879.0
4197,Balance Sheet,Total Liabilities > Total Long Term Debt,2022-06-30,2033.0
4197,Cash Flow,Beginning Cash Balance,2019-06-30,2769.0
4197,Cash Flow,Beginning Cash Balance,2021-06-30,357.0
4197,Cash Flow,Beginning Cash Balance,2022-06-30,1694.0
4197,Cash Flow,Cash From Financing Activities,2019-06-30,-1163.0
4197,Cash Flow,Cash From Financing Activities,2020-06-30,-1594.0
4197,Cash Flow,Cash From Financing Activities,2021-06-30,-2127.0
4197,Cash Flow,Cash From Financing Activities,2022-06-30,-716.0
4197,Cash Flow,Cash From Financing Activities > Financing Cash Flow Items,2019-06-30,-236.0
4197,Cash Flow,Cash From Financing Activities > Financing Cash Flow Items,2020-06-30,-152.0
4197,Cash Flow,Cash From Financing Activities > Financing Cash Flow Items,2021-06-30,-538.0
4197,Cash Flow,Cash From Financing Activities > Financing Cash Flow Items,2022-06-30,-286.0
4197,Cash Flow,"Cash From Financing Activities > Issuance (Retirement) of Debt, Net",2019-06-30,-385.0
4197,Cash Flow,"Cash From Financing Activities > Issuance (Retirement) of Debt, Net",2020-06-30,-762.0
4197,Cash Flow,"Cash From Financing Activities > Issuance (Retirement) of Debt, Net",2021-06-30,-977.0
4197,Cash Flow,"Cash From Financing Activities > Issuance (Retirement) of Debt, Net",2022-06-30,386.0
4197,Cash Flow,"Cash From Financing Activities > Issuance (Retirement) of Stock, Net",2019-06-30,2.0
4197,Cash Flow,Cash From Financing Activities > Total Cash Dividends Paid,2019-06-30,-544.0
4197,Cash Flow,Cash From Financing Activities > Total Cash Dividends Paid,2020-06-30,-680.0
4197,Cash Flow,Cash From Financing Activities > Total Cash Dividends Paid,2021-06-30,-612.0
4197,Cash Flow,Cash From Financing Activities > Total Cash Dividends Paid,2022-06-30,-816.0
4197,Cash Flow,Cash From Investing Activities,2019-06-30,-202.0
4197,Cash Flow,Cash From Investing Activities,2020-06-30,-1427.0
4197,Cash Flow,Cash From Investing Activities,2021-06-30,83.0
4197,Cash Flow,Cash From Investing Activities,2022-06-30,-889.0
4197,Cash Flow,Cash From Investing Activities > Capital Expenditures,2019-06-30,-360.0
4197,Cash Flow,Cash From Investing Activities > Capital Expenditures,2020-06-30,-526.0
4197,Cash Flow,Cash From Investing Activities > Capital Expenditures,2021-06-30,-459.0
4197,Cash Flow,Cash From Investing Activities > Capital Expenditures,2022-06-30,-605.0
4197,Cash Flow,"Cash From Investing Activities > Other Investing Cash Flow Items, Total",2019-06-30,158.0
4197,Cash Flow,"Cash From Investing Activities > Other Investing Cash Flow Items, Total",2020-06-30,-901.0
4197,Cash Flow,"Cash From Investing Activities > Other Investing Cash Flow Items, Total",2021-06-30,542.0
4197,Cash Flow,"Cash From Investing Activities > Other Investing Cash Flow Items, Total",2022-06-30,-284.0
4197,Cash Flow,Cash From Operating Activities,2019-06-30,1352.0
4197,Cash Flow,Cash From Operating Activities,2020-06-30,3012.0
4197,Cash Flow,Cash From Operating Activities,2021-06-30,2784.0
4197,Cash Flow,Cash From Operating Activities,2022-06-30,816.0
4197,Cash Flow,Cash From Operating Activities > Amortization,2021-06-30,5.0
4197,Cash Flow,Cash From Operating Activities > Amortization,2022-06-30,5.0
4197,Cash Flow,Cash From Operating Activities > Cash Interest Paid,2019-06-30,143.0
4197,Cash Flow,Cash From Operating Activities > Cash Interest Paid,2020-06-30,116.0
4197,Cash Flow,Cash From Operating Activities > Cash Interest Paid,2021-06-30,44.0
4197,Cash Flow,Cash From Operating Activities > Cash Interest Paid,2022-06-30,64.0
4197,Cash Flow,Cash From Operating Activities > Cash Taxes Paid,2019-06-30,289.0
4197,Cash Flow,Cash From Operating Activities > Cash Taxes Paid,2020-06-30,269.0
4197,Cash Flow,Cash From Operating Activities > Cash Taxes Paid,2021-06-30,608.0
4197,Cash Flow,Cash From Operating Activities > Cash Taxes Paid,2022-06-30,572.0
4197,Cash Flow,Cash From Operating Activities > Changes in Working Capital,2019-06-30,-826.0
4197,Cash Flow,Cash From Operating Activities > Changes in Working Capital,2020-06-30,182.0
4197,Cash Flow,Cash From Operating Activities > Changes in Working Capital,2021-06-30,151.0
4197,Cash Flow,Cash From Operating Activities > Changes in Working Capital,2022-06-30,-1696.0
4197,Cash Flow,Cash From Operating Activities > Depreciation/Depletion,2019-06-30,598.0
4197,Cash Flow,Cash From Operating Activities > Depreciation/Depletion,2020-06-30,1053.0
4197,Cash Flow,Cash From Operating Activities > Depreciation/Depletion,2021-06-30,1022.0
4197,Cash Flow,Cash From Operating Activities > Depreciation/Depletion,2022-06-30,1037.0
4197,Cash Flow,Cash From Operating Activities > Non-Cash Items,2019-06-30,570.0
4197,Cash Flow,Cash From Operating Activities > Non-Cash Items,2020-06-30,904.0
4197,Cash Flow,Cash From Operating Activities > Non-Cash Items,2021-06-30,107.0
4197,Cash Flow,Cash From Operating Activities > Non-Cash Items,2022-06-30,296.0
4197,Cash Flow,Ending Cash Balance,2019-06-30,2769.0
4197,Cash Flow,Ending Cash Balance,2021-06-30,1124.0
4197,Cash Flow,Ending Cash Balance,2022-06-30,935.0
4197,Cash Flow,Foreign Exchange Effects,2019-06-30,13.0
4197,Cash Flow,Foreign Exchange Effects,2020-06-30,30.0
4197,Cash Flow,Foreign Exchange Effects,2021-06-30,-5.0
4197,Cash Flow,Foreign Exchange Effects,2022-06-30,-26.0
4197,Cash Flow,Free Cash Flow,2019-06-30,992.0
4197,Cash Flow,Free Cash Flow,2021-06-30,1934.0
4197,Cash Flow,Free Cash Flow,2022-06-30,-1497.88
4197,Cash Flow,Free Cash Flow Growth,2021-06-30,23.53
4197,Cash Flow,Free Cash Flow Growth,2022-06-30,-177.45
4197,Cash Flow,Free Cash Flow Yield,2021-06-30,15.68
4197,Cash Flow,Free Cash Flow Yield,2022-06-30,1.46
4197,Cash Flow,Net Change in Cash,2020-06-30,21.0
4197,Cash Flow,Net Change in Cash,2021-06-30,767.0
4197,Cash Flow,Net Change in Cash,2022-06-30,-759.0
4197,Cash Flow,Net Income/Starting Line,2019-06-30,1010.0
4197,Cash Flow,Net Income/Starting Line,2020-06-30,873.0
4197,Cash Flow,Net Income/Starting Line,2021-06-30,1425.0
4197,Cash Flow,Net Income/Starting Line,2022-06-30,1103.0
4197,Income Statement,"Cost of Revenue, Total",2019-06-30,33351.0
4197,Income Statement,"Cost of Revenue, Total",2020-06-30,33994.0
4197,Income Statement,"Cost of Revenue, Total",2021-06-30,42645.0
4197,Income Statement,"Cost of Revenue, Total",2022-06-30,40871.0
4197,Income Statement,DPS - Common Stock Primary Issue,2019-06-30,0.09
4197,Income Statement,DPS - Common Stock Primary Issue,2020-06-30,0.09
4197,Income Statement,DPS - Common Stock Primary Issue,2021-06-30,0.1
4197,Income Statement,DPS - Common Stock Primary Issue,2022-06-30,0.115
4197,Income Statement,Diluted EPS Excluding Extraordinary Items,2019-06-30,0.14
4197,Income Statement,Diluted EPS Excluding Extraordinary Items,2020-06-30,0.12
4197,Income Statement,Diluted EPS Excluding Extraordinary Items,2021-06-30,0.217
4197,Income Statement,Diluted EPS Excluding Extraordinary Items,2022-06-30,0.172
4197,Income Statement,Diluted Net Income,2019-06-30,948.0
4197,Income Statement,Diluted Net Income,2020-06-30,820.0
4197,Income Statement,Diluted Net Income,2021-06-30,1479.0
4197,Income Statement,Diluted Net Income,2022-06-30,1172.0
4197,Income Statement,Diluted Normalized EPS,2019-06-30,0.13
4197,Income Statement,Diluted Normalized EPS,2020-06-30,0.14
4197,Income Statement,Diluted Normalized EPS,2021-06-30,0.15
4197,Income Statement,Diluted Normalized EPS,2022-06-30,0.141
4197,Income Statement,Diluted Weighted Average Shares,2019-06-30,6801.0
4197,Income Statement,Diluted Weighted Average Shares,2020-06-30,6801.0
4197,Income Statement,Diluted Weighted Average Shares,2021-06-30,6802.0
4197,Income Statement,Diluted Weighted Average Shares,2022-06-30,6807.0
4197,Income Statement,Dilution Adjustment,2021-06-30,-54.0
4197,Income Statement,Dilution Adjustment,2022-06-30,-69.0
4197,Income Statement,Gain (Loss) on Sale of Assets,2021-06-30,334.0
4197,Income Statement,Gain (Loss) on Sale of Assets,2022-06-30,5.0
4197,Income Statement,Gross Profit,2019-06-30,2805.0
4197,Income Statement,Gross Profit,2020-06-30,2940.0
4197,Income Statement,Gross Profit,2021-06-30,1657.0
4197,Income Statement,Gross Profit,2022-06-30,1631.0
4197,Income Statement,Income Available to Common Excluding Extraordinary Items,2019-06-30,948.0
4197,Income Statement,Income Available to Common Excluding Extraordinary Items,2020-06-30,820.0
4197,Income Statement,Income Available to Common Excluding Extraordinary Items,2021-06-30,1479.0
4197,Income Statement,Income Available to Common Excluding Extraordinary Items,2022-06-30,1172.0
4197,Income Statement,"Interest Income (Expense), Net Non-Operating",2019-06-30,-252.0
4197,Income Statement,"Interest Income (Expense), Net Non-Operating",2020-06-30,-249.0
4197,Income Statement,"Interest Income (Expense), Net Non-Operating",2021-06-30,-72.0
4197,Income Statement,Minority Interest,2019-06-30,-62.0
4197,Income Statement,Minority Interest,2020-06-30,-53.0
4197,Income Statement,Minority Interest,2021-06-30,377.0
4197,Income Statement,Minority Interest,2022-06-30,361.0
4197,Income Statement,Net Income,2019-06-30,948.0
4197,Income Statement,Net Income,2020-06-30,820.0
4197,Income Statement,Net Income,2021-06-30,1425.0
4197,Income Statement,Net Income,2022-06-30,1103.0
4197,Income Statement,Net Income After Taxes,2019-06-30,1010.0
4197,Income Statement,Net Income After Taxes,2020-06-30,873.0
4197,Income Statement,Net Income After Taxes,2021-06-30,1586.0
4197,Income Statement,Net Income After Taxes,2022-06-30,1258.0
4197,Income Statement,Net Income Before Extraordinary Items,2019-06-30,948.0
4197,Income Statement,Net Income Before Extraordinary Items,2020-06-30,820.0
4197,Income Statement,Net Income Before Extraordinary Items,2021-06-30,1479.0
4197,Income Statement,Net Income Before Extraordinary Items,2022-06-30,1172.0
4197,Income Statement,Net Income Before Taxes,2019-06-30,1291.0
4197,Income Statement,Net Income Before Taxes,2020-06-30,1275.0
4197,Income Statement,Net Income Before Taxes,2021-06-30,2159.0
4197,Income Statement,Net Income Before Taxes,2022-06-30,1732.0
4197,Income Statement,Operating Income,2019-06-30,1542.0
4197,Income Statement,Operating Income,2020-06-30,1513.0
4197,Income Statement,Operating Income,2021-06-30,1697.0
4197,Income Statement,Operating Income,2022-06-30,1673.0
4197,Income Statement,"Other, Net",2019-06-30,1.0
4197,Income Statement,"Other, Net",2020-06-30,11.0
4197,Income Statement,"Other, Net",2021-06-30,-796.0
4197,Income Statement,"Other, Net",2022-06-30,-64.0
4197,Income Statement,Provision for Income Taxes,2019-06-30,281.0
4197,Income Statement,Provision for Income Taxes,2020-06-30,402.0
4197,Income Statement,Provision for Income Taxes,2021-06-30,573.0
4197,Income Statement,Provision for Income Taxes,2022-06-30,474.0
4197,Income Statement,Total Adjustments to Net Income,2021-06-30,54.0
4197,Income Statement,Total Adjustments to Net Income,2022-06-30,69.0
4197,Income Statement,Total Extraordinary Items,2021-06-30,-54.0
4197,Income Statement,Total Extraordinary Items,2022-06-30,-69.0
4197,Income Statement,Total Operating Expenses,2019-06-30,34614.0
4197,Income Statement,Total Operating Expenses,2020-06-30,35421.0
4197,Income Statement,Total Operating Expenses,2021-06-30,42605.0
4197,Income Statement,Total Operating Expenses,2022-06-30,40829.0
4197,Income Statement,Total Operating Expenses > Depreciation / Amortization,2019-06-30,584.0
4197,Income Statement,Total Operating Expenses > Depreciation / Amortization,2020-06-30,1046.0
4197,Income Statement,Total Operating Expenses > Depreciation / Amortization,2021-06-30,-1.0
4197,Income Statement,Total Operating Expenses > Interest Expense (Income) - Net Operating,2019-06-30,-63.0
4197,Income Statement,Total Operating Expenses > Interest Expense (Income) - Net Operating,2020-06-30,-30.0
4197,Income Statement,Total Operating Expenses > Interest Expense (Income) - Net Operating,2021-06-30,-121.0
4197,Income Statement,Total Operating Expenses > Interest Expense (Income) - Net Operating,2022-06-30,-148.0
4197,Income Statement,"Total Operating Expenses > Other Operating Expenses, Total",2019-06-30,396.0
4197,Income Statement,"Total Operating Expenses > Other Operating Expenses, Total",2020-06-30,235.0
4197,Income Statement,"Total Operating Expenses > Other Operating Expenses, Total",2021-06-30,11.0
4197,Income Statement,"Total Operating Expenses > Other Operating Expenses, Total",2022-06-30,22.0
4197,Income Statement,"Total Operating Expenses > Selling/General/Admin. Expenses, Total",2019-06-30,466.0
4197,Income Statement,"Total Operating Expenses > Selling/General/Admin. Expenses, Total",2020-06-30,165.0
4197,Income Statement,"Total Operating Expenses > Selling/General/Admin. Expenses, Total",2021-06-30,71.0
4197,Income Statement,"Total Operating Expenses > Selling/General/Admin. Expenses, Total",2022-06-30,84.0
4197,Income Statement,Total Operating Expenses > Unusual Expense (Income),2019-06-30,-120.0
4197,Income Statement,Total Operating Expenses > Unusual Expense (Income),2020-06-30,11.0
4197,Income Statement,Total Operating Expenses > Unusual Expense (Income),2021-06-30,-227.0
4197,Income Statement,Total Revenue,2019-06-30,36156.0
4197,Income Statement,Total Revenue,2020-06-30,36934.0
4197,Income Statement,Total Revenue,2021-06-30,44302.0
4197,Income Statement,Total Revenue,2022-06-30,42502.0
4197,Income Statement,Total Revenue > Revenue,2019-06-30,36156.0
4197,Income Statement,Total Revenue > Revenue,2020-06-30,36934.0
4197,Income Statement,Total Revenue > Revenue,2021-06-30,44302.0
4197,Income Statement,Total Revenue > Revenue,2022-06-30,42502.0
4502,Balance Sheet,Total Assets,2019-12-31,1435.18
4502,Balance Sheet,Total Assets,2020-12-31,1367.09
4502,Balance Sheet,Total Assets,2021-12-31,1408.54
4502,Balance Sheet,Total Assets,2022-12-31,1448.15
4502,Balance Sheet,"Total Assets > Accumulated Depreciation, Total",2019-12-31,-2226.68
4502,Balance Sheet,"Total Assets > Accumulated Depreciation, Total",2020-12-31,-2205.3
4502,Balance Sheet,"Total Assets > Accumulated Depreciation, Total",2021-12-31,-2267.6
4502,Balance Sheet,"Total Assets > Goodwill, Net",2019-12-31,183.14
4502,Balance Sheet,"Total Assets > Goodwill, Net",2020-12-31,183.14
4502,Balance Sheet,"Total Assets > Goodwill, Net",2021-12-31,180.14
4502,Balance Sheet,"Total Assets > Intangibles, Net",2019-12-31,212.75
4502,Balance Sheet,"Total Assets > Intangibles, Net",2020-12-31,204.0
4502,Balance Sheet,"Total Assets > Intangibles, Net",2021-12-31,204.36
4502,Balance Sheet,"Total Assets > Intangibles, Net",2022-12-31,388.62
4502,Balance Sheet,Total Assets > Long Term Investments,2019-12-31,32.38
4502,Balance Sheet,Total Assets > Long Term Investments,2020-12-31,31.5
4502,Balance Sheet,Total Assets > Long Term Investments,2021-12-31,18.0
4502,Balance Sheet,Total Assets > Long Term Investments,2022-12-31,2.01
4502,Balance Sheet,Total Assets > Note Receivable - Long Term,2021-12-31,128.05
4502,Balance Sheet,Total Assets > Note Receivable - Long Term,2022-12-31,13.3
4502,Balance Sheet,"Total Assets > Other Assets, Total",2022-12-31,158.95
4502,Balance Sheet,"Total Assets > Other Long Term Assets, Total",2019-12-31,12.7
4502,Balance Sheet,"Total Assets > Other Long Term Assets, Total",2020-12-31,11.81
4502,Balance Sheet,"Total Assets > Other Long Term Assets, Total",2021-12-31,36.67
4502,Balance Sheet,"Total Assets > Other Long Term Assets, Total",2022-12-31,34.5
4502,Balance Sheet,"Total Assets > Property/Plant/Equipment, Total - Gross",2019-12-31,2690.61
4502,Balance Sheet,"Total Assets > Property/Plant/Equipment, Total - Gross",2020-12-31,2572.71
4502,Balance Sheet,"Total Assets > Property/Plant/Equipment, Total - Gross",2021-12-31,2545.56
4502,Balance Sheet,"Total Assets > Property/Plant/Equipment, Total - Net",2019-12-31,463.93
4502,Balance Sheet,"Total Assets > Property/Plant/Equipment, Total - Net",2020-12-31,367.41
4502,Balance Sheet,"Total Assets > Property/Plant/Equipment, Total - Net",2021-12-31,277.96
4502,Balance Sheet,"Total Assets > Property/Plant/Equipment, Total - Net",2022-12-31,454.0
4502,Balance Sheet,Total Common Shares Outstanding,2019-12-31,1109.2
4502,Balance Sheet,Total Common Shares Outstanding,2020-12-31,1109.2
4502,Balance Sheet,Total Common Shares Outstanding,2021-12-31,1109.2
4502,Balance Sheet,Total Common Shares Outstanding,2022-12-31,1109.2
4502,Balance Sheet,Total Current Assets,2019-12-31,530.27
4502,Balance Sheet,Total Current Assets,2020-12-31,569.23
4502,Balance Sheet,Total Current Assets,2021-12-31,563.36
4502,Balance Sheet,Total Current Assets,2022-12-31,557.7
4502,Balance Sheet,"Total Current Assets > Accounts Receivables - Trade, Net",2019-12-31,165.12
4502,Balance Sheet,"Total Current Assets > Accounts Receivables - Trade, Net",2020-12-31,167.11
4502,Balance Sheet,"Total Current Assets > Accounts Receivables - Trade, Net",2021-12-31,154.16
4502,Balance Sheet,"Total Current Assets > Accounts Receivables - Trade, Net",2022-12-31,182.07
4502,Balance Sheet,Total Current Assets > Cash,2019-12-31,29.62
4502,Balance Sheet,Total Current Assets > Cash,2020-12-31,33.89
4502,Balance Sheet,Total Current Assets > Cash,2021-12-31,31.49
4502,Balance Sheet,Total Current Assets > Cash & Equivalents,2019-12-31,257.14
4502,Balance Sheet,Total Current Assets > Cash & Equivalents,2020-12-31,303.78
4502,Balance Sheet,Total Current Assets > Cash & Equivalents,2021-12-31,341.51
4502,Balance Sheet,Total Current Assets > Cash & Equivalents,2022-12-31,19.34
4502,Balance Sheet,Total Current Assets > Cash and Short Term Investments,2019-12-31,282.8
4502,Balance Sheet,Total Current Assets > Cash and Short Term Investments,2020-12-31,326.54
4502,Balance Sheet,Total Current Assets > Cash and Short Term Investments,2021-12-31,341.62
4502,Balance Sheet,Total Current Assets > Cash and Short Term Investments,2022-12-31,326.29
4502,Balance Sheet,"Total Current Assets > Other Current Assets, Total",2022-12-31,27.13
4502,Balance Sheet,Total Current Assets > Prepaid Expenses,2019-12-31,20.18
4502,Balance Sheet,Total Current Assets > Prepaid Expenses,2020-12-31,18.88
4502,Balance Sheet,Total Current Assets > Prepaid Expenses,2021-12-31,20.43
4502,Balance Sheet,Total Current Assets > Short Term Investments,2019-12-31,253.18
4502,Balance Sheet,Total Current Assets > Short Term Investments,2020-12-31,292.65
4502,Balance Sheet,Total Current Assets > Short Term Investments,2021-12-31,310.13
4502,Balance Sheet,Total Current Assets > Short Term Investments,2022-12-31,306.95
4502,Balance Sheet,Total Current Assets > Total Inventory,2019-12-31,6.43
4502,Balance Sheet,Total Current Assets > Total Inventory,2020-12-31,24.1
4502,Balance Sheet,Total Current Assets > Total Inventory,2021-12-31,14.98
4502,Balance Sheet,Total Current Assets > Total Inventory,2022-12-31,8.91
4502,Balance Sheet,"Total Current Assets > Total Receivables, Net",2019-12-31,220.86
4502,Balance Sheet,"Total Current Assets > Total Receivables, Net",2020-12-31,199.71
4502,Balance Sheet,"Total Current Assets > Total Receivables, Net",2021-12-31,186.34
4502,Balance Sheet,Total Current Liabilities,2019-12-31,615.31
4502,Balance Sheet,Total Current Liabilities,2020-12-31,532.15
4502,Balance Sheet,Total Current Liabilities,2021-12-31,521.07
4502,Balance Sheet,Total Current Liabilities,2022-12-31,500.03
4502,Balance Sheet,Total Current Liabilities > Accounts Payable,2019-12-31,33.06
4502,Balance Sheet,Total Current Liabilities > Accounts Payable,2020-12-31,44.05
4502,Balance Sheet,Total Current Liabilities > Accounts Payable,2021-12-31,28.19
4502,Balance Sheet,Total Current Liabilities > Accounts Payable,2022-12-31,400.84
4502,Balance Sheet,Total Current Liabilities > Accrued Expenses,2019-12-31,315.38
4502,Balance Sheet,Total Current Liabilities > Accrued Expenses,2020-12-31,225.25
4502,Balance Sheet,Total Current Liabilities > Accrued Expenses,2021-12-31,265.47
4502,Balance Sheet,Total Current Liabilities > Current Port. of LT Debt/Capital Leases,2019-12-31,61.15
4502,Balance Sheet,Total Current Liabilities > Current Port. of LT Debt/Capital Leases,2020-12-31,72.79
4502,Balance Sheet,Total Current Liabilities > Current Port. of LT Debt/Capital Leases,2021-12-31,79.05
4502,Balance Sheet,Total Current Liabilities > Current Port. of LT Debt/Capital Leases,2022-12-31,95.86
4502,Balance Sheet,Total Current Liabilities > Notes Payable/Short Term Debt,2019-12-31,4.69
4502,Balance Sheet,Total Current Liabilities > Notes Payable/Short Term Debt,2020-12-31,13.4
4502,Balance Sheet,Total Current Liabilities > Notes Payable/Short Term Debt,2021-12-31,1.06
4502,Balance Sheet,Total Current Liabilities > Notes Payable/Short Term Debt,2022-12-31,1.64
4502,Balance Sheet,"Total Current Liabilities > Other Current liabilities, Total",2019-12-31,201.03
4502,Balance Sheet,"Total Current Liabilities > Other Current liabilities, Total",2020-12-31,176.66
4502,Balance Sheet,"Total Current Liabilities > Other Current liabilities, Total",2021-12-31,147.3
4502,Balance Sheet,"Total Current Liabilities > Other Current liabilities, Total",2022-12-31,1.69
4502,Balance Sheet,Total Current Liabilities > Payable/Accrued,2019-12-31,519.13
4502,Balance Sheet,Total Current Liabilities > Payable/Accrued,2020-12-31,415.01
4502,Balance Sheet,Total Current Liabilities > Payable/Accrued,2021-12-31,307.61
4502,Balance Sheet,Total Equity,2019-12-31,598.7
4502,Balance Sheet,Total Equity,2020-12-31,576.91
4502,Balance Sheet,Total Equity,2021-12-31,632.14
4502,Balance Sheet,Total Equity,2022-12-31,661.74
4502,Balance Sheet,"Total Equity > Common Stock, Total",2019-12-31,1524.73
4502,Balance Sheet,"Total Equity > Common Stock, Total",2020-12-31,1524.73
4502,Balance Sheet,"Total Equity > Common Stock, Total",2021-12-31,1524.73
4502,Balance Sheet,"Total Equity > Common Stock, Total",2022-12-31,1524.74
4502,Balance Sheet,"Total Equity > Other Equity, Total",2022-12-31,-5.66
4502,Balance Sheet,Total Equity > Retained Earnings (Accumulated Deficit),2019-12-31,-926.04
4502,Balance Sheet,Total Equity > Retained Earnings (Accumulated Deficit),2020-12-31,-947.82
4502,Balance Sheet,Total Equity > Retained Earnings (Accumulated Deficit),2021-12-31,-892.6
4502,Balance Sheet,Total Equity > Retained Earnings (Accumulated Deficit),2022-12-31,-857.33
4502,Balance Sheet,Total Liabilities,2019-12-31,836.48
4502,Balance Sheet,Total Liabilities,2020-12-31,790.17
4502,Balance Sheet,Total Liabilities,2021-12-31,776.4
4502,Balance Sheet,Total Liabilities,2022-12-31,786.41
4502,Balance Sheet,Total Liabilities & Shareholders' Equity,2019-12-31,1435.18
4502,Balance Sheet,Total Liabilities & Shareholders' Equity,2020-12-31,1367.09
4502,Balance Sheet,Total Liabilities & Shareholders' Equity,2021-12-31,1408.54
4502,Balance Sheet,Total Liabilities & Shareholders' Equity,2022-12-31,1448.15
4502,Balance Sheet,Total Liabilities > Capital Lease Obligations,2019-12-31,186.33
4502,Balance Sheet,Total Liabilities > Capital Lease Obligations,2020-12-31,144.79
4502,Balance Sheet,Total Liabilities > Capital Lease Obligations,2021-12-31,105.49
4502,Balance Sheet,Total Liabilities > Capital Lease Obligations,2022-12-31,111.25
4502,Balance Sheet,Total Liabilities > Deferred Income Tax,2019-12-31,37.38
4502,Balance Sheet,Total Liabilities > Deferred Income Tax,2020-12-31,37.5
4502,Balance Sheet,Total Liabilities > Deferred Income Tax,2021-12-31,37.29
4502,Balance Sheet,Total Liabilities > Deferred Income Tax,2022-12-31,37.45
4502,Balance Sheet,Total Liabilities > Long Term Debt,2020-12-31,79.58
4502,Balance Sheet,Total Liabilities > Long Term Debt,2021-12-31,120.07
4502,Balance Sheet,Total Liabilities > Minority Interest,2019-12-31,-2.55
4502,Balance Sheet,Total Liabilities > Minority Interest,2020-12-31,-3.85
4502,Balance Sheet,Total Liabilities > Minority Interest,2021-12-31,-7.52
4502,Balance Sheet,Total Liabilities > Minority Interest,2022-12-31,-5.67
4502,Balance Sheet,"Total Liabilities > Other Liabilities, Total",2022-12-31,4.03
4502,Balance Sheet,Total Liabilities > Total Long Term Debt,2019-12-31,186.33
4502,Balance Sheet,Total Liabilities > Total Long Term Debt,2020-12-31,224.37
4502,Balance Sheet,Total Liabilities > Total Long Term Debt,2021-12-31,225.56
4502,Balance Sheet,Total Liabilities > Total Long Term Debt,2022-12-31,248.93
4502,Cash Flow,Beginning Cash Balance,2019-12-31,210.11
4502,Cash Flow,Beginning Cash Balance,2022-12-31,19.21
4502,Cash Flow,Cash From Financing Activities,2019-12-31,-76.66
4502,Cash Flow,Cash From Financing Activities,2020-12-31,37.27
4502,Cash Flow,Cash From Financing Activities,2021-12-31,-21.38
4502,Cash Flow,Cash From Financing Activities > Financing Cash Flow Items,2019-12-31,-16.36
4502,Cash Flow,Cash From Financing Activities > Financing Cash Flow Items,2020-12-31,-33.36
4502,Cash Flow,Cash From Financing Activities > Financing Cash Flow Items,2021-12-31,-15.96
4502,Cash Flow,Cash From Financing Activities > Financing Cash Flow Items,2022-12-31,-16.82
4502,Cash Flow,"Cash From Financing Activities > Issuance (Retirement) of Debt, Net",2019-12-31,-60.3
4502,Cash Flow,"Cash From Financing Activities > Issuance (Retirement) of Debt, Net",2020-12-31,70.63
4502,Cash Flow,"Cash From Financing Activities > Issuance (Retirement) of Debt, Net",2021-12-31,-5.42
4502,Cash Flow,"Cash From Financing Activities > Issuance (Retirement) of Debt, Net",2022-12-31,-15.67
4502,Cash Flow,Cash From Financing Activities > Total Cash Dividends Paid,2022-12-31,-16.64
4502,Cash Flow,Cash From Investing Activities,2019-12-31,-12.71
4502,Cash Flow,Cash From Investing Activities,2020-12-31,-69.18
4502,Cash Flow,Cash From Investing Activities,2021-12-31,-208.64
4502,Cash Flow,Cash From Investing Activities,2022-12-31,-167.34
4502,Cash Flow,Cash From Investing Activities > Capital Expenditures,2019-12-31,-20.63
4502,Cash Flow,Cash From Investing Activities > Capital Expenditures,2020-12-31,-75.3
4502,Cash Flow,Cash From Investing Activities > Capital Expenditures,2021-12-31,-215.08
4502,Cash Flow,Cash From Investing Activities > Capital Expenditures,2022-12-31,-61.67
4502,Cash Flow,"Cash From Investing Activities > Other Investing Cash Flow Items, Total",2019-12-31,7.92
4502,Cash Flow,"Cash From Investing Activities > Other Investing Cash Flow Items, Total",2020-12-31,6.12
4502,Cash Flow,"Cash From Investing Activities > Other Investing Cash Flow Items, Total",2021-12-31,6.45
4502,Cash Flow,"Cash From Investing Activities > Other Investing Cash Flow Items, Total",2022-12-31,-105.67
4502,Cash Flow,Cash From Operating Activities,2019-12-31,136.4
4502,Cash Flow,Cash From Operating Activities,2020-12-31,66.27
4502,Cash Flow,Cash From Operating Activities,2021-12-31,264.87
4502,Cash Flow,Cash From Operating Activities,2022-12-31,216.61
4502,Cash Flow,Cash From Operating Activities > Amortization,2019-12-31,132.06
4502,Cash Flow,Cash From Operating Activities > Amortization,2020-12-31,97.32
4502,Cash Flow,Cash From Operating Activities > Amortization,2021-12-31,93.41
4502,Cash Flow,Cash From Operating Activities > Amortization,2022-12-31,0.995
4502,Cash Flow,Cash From Operating Activities > Cash Interest Paid,2019-12-31,16.36
4502,Cash Flow,Cash From Operating Activities > Cash Interest Paid,2020-12-31,16.08
4502,Cash Flow,Cash From Operating Activities > Cash Interest Paid,2021-12-31,12.96
4502,Cash Flow,Cash From Operating Activities > Cash Taxes Paid,2019-12-31,-5.7
4502,Cash Flow,Cash From Operating Activities > Cash Taxes Paid,2020-12-31,2.8
4502,Cash Flow,Cash From Operating Activities > Cash Taxes Paid,2021-12-31,24.04
4502,Cash Flow,Cash From Operating Activities > Cash Taxes Paid,2022-12-31,52.35
4502,Cash Flow,Cash From Operating Activities > Changes in Working Capital,2019-12-31,-70.1
4502,Cash Flow,Cash From Operating Activities > Changes in Working Capital,2020-12-31,-135.09
4502,Cash Flow,Cash From Operating Activities > Changes in Working Capital,2021-12-31,-28.9
4502,Cash Flow,Cash From Operating Activities > Changes in Working Capital,2022-12-31,-5.5
4502,Cash Flow,Cash From Operating Activities > Depreciation/Depletion,2019-12-31,121.97
4502,Cash Flow,Cash From Operating Activities > Depreciation/Depletion,2020-12-31,110.41
4502,Cash Flow,Cash From Operating Activities > Depreciation/Depletion,2021-12-31,92.1
4502,Cash Flow,Cash From Operating Activities > Depreciation/Depletion,2022-12-31,79.62
4502,Cash Flow,Cash From Operating Activities > Non-Cash Items,2019-12-31,137.96
4502,Cash Flow,Cash From Operating Activities > Non-Cash Items,2020-12-31,11.72
4502,Cash Flow,Cash From Operating Activities > Non-Cash Items,2021-12-31,56.7
4502,Cash Flow,Ending Cash Balance,2019-12-31,257.14
4502,Cash Flow,Ending Cash Balance,2022-12-31,19.34
4502,Cash Flow,Free Cash Flow,2019-12-31,117.07
4502,Cash Flow,Free Cash Flow,2022-12-31,-65.34
4502,Cash Flow,Free Cash Flow Growth,2022-12-31,-310.07
4502,Cash Flow,Net Change in Cash,2019-12-31,47.03
4502,Cash Flow,Net Change in Cash,2020-12-31,34.36
4502,Cash Flow,Net Change in Cash,2021-12-31,34.85
4502,Cash Flow,Net Change in Cash,2022-12-31,0.135
4502,Cash Flow,Net Income/Starting Line,2019-12-31,-185.49
4502,Cash Flow,Net Income/Starting Line,2020-12-31,-18.09
4502,Cash Flow,Net Income/Starting Line,2021-12-31,51.56
4502,Cash Flow,Net Income/Starting Line,2022-12-31,51.86
4502,Income Statement,"Cost of Revenue, Total",2019-12-31,157.43
4502,Income Statement,"Cost of Revenue, Total",2020-12-31,212.86
4502,Income Statement,"Cost of Revenue, Total",2021-12-31,188.5
4502,Income Statement,"Cost of Revenue, Total",2022-12-31,838.02
4502,Income Statement,DPS - Common Stock Primary Issue,2021-12-31,0.01
4502,Income Statement,Diluted EPS Excluding Extraordinary Items,2019-12-31,-0.16
4502,Income Statement,Diluted EPS Excluding Extraordinary Items,2020-12-31,-0.02
4502,Income Statement,Diluted EPS Excluding Extraordinary Items,2021-12-31,0.05
4502,Income Statement,Diluted EPS Excluding Extraordinary Items,2022-12-31,0.047
4502,Income Statement,Diluted Net Income,2019-12-31,-177.85
4502,Income Statement,Diluted Net Income,2020-12-31,-18.38
4502,Income Statement,Diluted Net Income,2021-12-31,55.23
4502,Income Statement,Diluted Net Income,2022-12-31,51.86
4502,Income Statement,Diluted Normalized EPS,2019-12-31,-0.14
4502,Income Statement,Diluted Normalized EPS,2020-12-31,-0.02
4502,Income Statement,Diluted Normalized EPS,2021-12-31,0.06
4502,Income Statement,Diluted Weighted Average Shares,2019-12-31,1109.2
4502,Income Statement,Diluted Weighted Average Shares,2020-12-31,1109.2
4502,Income Statement,Diluted Weighted Average Shares,2021-12-31,1109.2
4502,Income Statement,Diluted Weighted Average Shares,2022-12-31,1109.2
4502,Income Statement,Gross Profit,2019-12-31,948.61
4502,Income Statement,Gross Profit,2020-12-31,828.71
4502,Income Statement,Gross Profit,2021-12-31,931.69
4502,Income Statement,Gross Profit,2022-12-31,159.86
4502,Income Statement,Income Available to Common Excluding Extraordinary Items,2019-12-31,-177.85
4502,Income Statement,Income Available to Common Excluding Extraordinary Items,2020-12-31,-18.38
4502,Income Statement,Income Available to Common Excluding Extraordinary Items,2021-12-31,55.23
4502,Income Statement,"Interest Income (Expense), Net Non-Operating",2019-12-31,-8.53
4502,Income Statement,"Interest Income (Expense), Net Non-Operating",2020-12-31,-8.1
4502,Income Statement,"Interest Income (Expense), Net Non-Operating",2021-12-31,-10.26
4502,Income Statement,Minority Interest,2019-12-31,7.64
4502,Income Statement,Minority Interest,2020-12-31,-0.29
4502,Income Statement,Minority Interest,2021-12-31,3.67
4502,Income Statement,Minority Interest,2022-12-31,-5.67
4502,Income Statement,Net Income,2019-12-31,-177.85
4502,Income Statement,Net Income,2020-12-31,-18.38
4502,Income Statement,Net Income,2021-12-31,55.23
4502,Income Statement,Net Income After Taxes,2019-12-31,-185.49
4502,Income Statement,Net Income After Taxes,2020-12-31,-18.09
4502,Income Statement,Net Income After Taxes,2021-12-31,51.56
4502,Income Statement,Net Income After Taxes,2022-12-31,53.85
4502,Income Statement,Net Income Before Extraordinary Items,2019-12-31,-177.85
4502,Income Statement,Net Income Before Extraordinary Items,2020-12-31,-18.38
4502,Income Statement,Net Income Before Extraordinary Items,2021-12-31,55.23
4502,Income Statement,Net Income Before Taxes,2019-12-31,-173.0
4502,Income Statement,Net Income Before Taxes,2020-12-31,-5.79
4502,Income Statement,Net Income Before Taxes,2021-12-31,90.22
4502,Income Statement,Net Income Before Taxes,2022-12-31,87.53
4502,Income Statement,Operating Income,2019-12-31,-164.4
4502,Income Statement,Operating Income,2020-12-31,2.31
4502,Income Statement,Operating Income,2021-12-31,100.49
4502,Income Statement,Operating Income,2022-12-31,98.03
4502,Income Statement,"Other, Net",2019-12-31,-0.07
4502,Income Statement,"Other, Net",2022-12-31,10.5
4502,Income Statement,Provision for Income Taxes,2019-12-31,12.49
4502,Income Statement,Provision for Income Taxes,2020-12-31,12.3
4502,Income Statement,Provision for Income Taxes,2021-12-31,38.66
4502,Income Statement,Provision for Income Taxes,2022-12-31,33.68
4502,Income Statement,Total Operating Expenses,2019-12-31,1270.44
4502,Income Statement,Total Operating Expenses,2020-12-31,1039.25
4502,Income Statement,Total Operating Expenses,2021-12-31,1019.7
4502,Income Statement,Total Operating Expenses,2022-12-31,899.85
4502,Income Statement,Total Operating Expenses > Depreciation / Amortization,2019-12-31,255.35
4502,Income Statement,Total Operating Expenses > Depreciation / Amortization,2020-12-31,208.46
4502,Income Statement,Total Operating Expenses > Depreciation / Amortization,2021-12-31,186.0
4502,Income Statement,Total Operating Expenses > Depreciation / Amortization,2022-12-31,37.69
4502,Income Statement,"Total Operating Expenses > Other Operating Expenses, Total",2019-12-31,199.55
4502,Income Statement,"Total Operating Expenses > Other Operating Expenses, Total",2020-12-31,157.75
4502,Income Statement,"Total Operating Expenses > Other Operating Expenses, Total",2021-12-31,202.85
4502,Income Statement,"Total Operating Expenses > Other Operating Expenses, Total",2022-12-31,42.01
4502,Income Statement,"Total Operating Expenses > Selling/General/Admin. Expenses, Total",2019-12-31,617.79
4502,Income Statement,"Total Operating Expenses > Selling/General/Admin. Expenses, Total",2020-12-31,449.34
4502,Income Statement,"Total Operating Expenses > Selling/General/Admin. Expenses, Total",2021-12-31,429.98
4502,Income Statement,Total Operating Expenses > Unusual Expense (Income),2019-12-31,40.31
4502,Income Statement,Total Operating Expenses > Unusual Expense (Income),2020-12-31,10.84
4502,Income Statement,Total Operating Expenses > Unusual Expense (Income),2021-12-31,12.37
4502,Income Statement,Total Revenue,2019-12-31,1106.04
4502,Income Statement,Total Revenue,2020-12-31,1041.57
4502,Income Statement,Total Revenue,2021-12-31,1120.19
4502,Income Statement,Total Revenue,2022-12-31,997.88
4502,Income Statement,Total Revenue > Revenue,2019-12-31,1106.04
4502,Income Statement,Total Revenue > Revenue,2020-12-31,1041.57
4502,Income Statement,Total Revenue > Revenue,2021-12-31,1120.19
4502,Income Statement,Total Revenue > Revenue,2022-12-31,997.88
4588,Balance Sheet,Total Assets,2019-12-31,11134.67
4588,Balance Sheet,Total Assets,2020-12-31,11447.09
4588,Balance Sheet,Total Assets,2021-12-31,12172.69
4588,Balance Sheet,Total Assets,2022-12-31,12417.09
4588,Balance Sheet,"Total Assets > Accumulated Depreciation, Total",2019-12-31,-1798.44
4588,Balance Sheet,"Total Assets > Accumulated Depreciation, Total",2020-12-31,-1933.21
4588,Balance Sheet,"Total Assets > Accumulated Depreciation, Total",2021-12-31,-2018.75
4588,Balance Sheet,"Total Assets > Intangibles, Net",2022-12-31,0.801
4588,Balance Sheet,Total Assets > Long Term Investments,2019-12-31,2098.14
4588,Balance Sheet,Total Assets > Long Term Investments,2020-12-31,2370.4
4588,Balance Sheet,Total Assets > Long Term Investments,2021-12-31,2253.67
4588,Balance Sheet,Total Assets > Long Term Investments,2022-12-31,2446.24
4588,Balance Sheet,Total Assets > Note Receivable - Long Term,2021-12-31,121.71
4588,Balance Sheet,Total Assets > Note Receivable - Long Term,2022-12-31,69.89
4588,Balance Sheet,"Total Assets > Other Assets, Total",2019-12-31,1541.06
4588,Balance Sheet,"Total Assets > Other Assets, Total",2020-12-31,1767.93
4588,Balance Sheet,"Total Assets > Other Assets, Total",2021-12-31,1827.05
4588,Balance Sheet,"Total Assets > Other Assets, Total",2022-12-31,1703.68
4588,Balance Sheet,"Total Assets > Other Long Term Assets, Total",2019-12-31,135.16
4588,Balance Sheet,"Total Assets > Other Long Term Assets, Total",2020-12-31,119.41
4588,Balance Sheet,"Total Assets > Other Long Term Assets, Total",2021-12-31,270.22
4588,Balance Sheet,"Total Assets > Other Long Term Assets, Total",2022-12-31,208.85
4588,Balance Sheet,"Total Assets > Property/Plant/Equipment, Total - Gross",2019-12-31,5053.34
4588,Balance Sheet,"Total Assets > Property/Plant/Equipment, Total - Gross",2020-12-31,4898.73
4588,Balance Sheet,"Total Assets > Property/Plant/Equipment, Total - Gross",2021-12-31,5065.41
4588,Balance Sheet,"Total Assets > Property/Plant/Equipment, Total - Net",2019-12-31,3254.9
4588,Balance Sheet,"Total Assets > Property/Plant/Equipment, Total - Net",2020-12-31,2965.52
4588,Balance Sheet,"Total Assets > Property/Plant/Equipment, Total - Net",2021-12-31,3046.66
4588,Balance Sheet,"Total Assets > Property/Plant/Equipment, Total - Net",2022-12-31,3217.74
4588,Balance Sheet,Total Common Shares Outstanding,2019-12-31,1168.29
4588,Balance Sheet,Total Common Shares Outstanding,2020-12-31,1168.29
4588,Balance Sheet,Total Common Shares Outstanding,2021-12-31,1168.29
4588,Balance Sheet,Total Current Assets,2019-12-31,5646.47
4588,Balance Sheet,Total Current Assets,2020-12-31,5991.76
4588,Balance Sheet,Total Current Assets,2021-12-31,6379.97
4588,Balance Sheet,Total Current Assets,2022-12-31,6365.38
4588,Balance Sheet,"Total Current Assets > Accounts Receivables - Trade, Net",2019-12-31,1260.73
4588,Balance Sheet,"Total Current Assets > Accounts Receivables - Trade, Net",2020-12-31,1066.23
4588,Balance Sheet,"Total Current Assets > Accounts Receivables - Trade, Net",2021-12-31,904.18
4588,Balance Sheet,"Total Current Assets > Accounts Receivables - Trade, Net",2022-12-31,1124.33
4588,Balance Sheet,Total Current Assets > Cash,2019-12-31,1472.11
4588,Balance Sheet,Total Current Assets > Cash,2020-12-31,2050.89
4588,Balance Sheet,Total Current Assets > Cash,2021-12-31,2941.39
4588,Balance Sheet,Total Current Assets > Cash & Equivalents,2019-12-31,1407.98
4588,Balance Sheet,Total Current Assets > Cash & Equivalents,2020-12-31,2006.48
4588,Balance Sheet,Total Current Assets > Cash & Equivalents,2021-12-31,2700.28
4588,Balance Sheet,Total Current Assets > Cash & Equivalents,2022-12-31,2432.27
4588,Balance Sheet,Total Current Assets > Cash and Short Term Investments,2019-12-31,2543.99
4588,Balance Sheet,Total Current Assets > Cash and Short Term Investments,2020-12-31,3336.98
4588,Balance Sheet,Total Current Assets > Cash and Short Term Investments,2021-12-31,3560.5
4588,Balance Sheet,Total Current Assets > Cash and Short Term Investments,2022-12-31,3004.35
4588,Balance Sheet,"Total Current Assets > Other Current Assets, Total",2019-12-31,132.89
4588,Balance Sheet,"Total Current Assets > Other Current Assets, Total",2020-12-31,63.01
4588,Balance Sheet,"Total Current Assets > Other Current Assets, Total",2021-12-31,18.4
4588,Balance Sheet,"Total Current Assets > Other Current Assets, Total",2022-12-31,67.27
4588,Balance Sheet,Total Current Assets > Prepaid Expenses,2019-12-31,18.44
4588,Balance Sheet,Total Current Assets > Prepaid Expenses,2020-12-31,22.31
4588,Balance Sheet,Total Current Assets > Prepaid Expenses,2021-12-31,23.02
4588,Balance Sheet,Total Current Assets > Prepaid Expenses,2022-12-31,19.08
4588,Balance Sheet,Total Current Assets > Short Term Investments,2019-12-31,88.61
4588,Balance Sheet,Total Current Assets > Short Term Investments,2020-12-31,65.94
4588,Balance Sheet,Total Current Assets > Short Term Investments,2021-12-31,257.02
4588,Balance Sheet,Total Current Assets > Short Term Investments,2022-12-31,410.6
4588,Balance Sheet,Total Current Assets > Total Inventory,2019-12-31,1589.57
4588,Balance Sheet,Total Current Assets > Total Inventory,2020-12-31,1439.28
4588,Balance Sheet,Total Current Assets > Total Inventory,2021-12-31,1752.16
4588,Balance Sheet,Total Current Assets > Total Inventory,2022-12-31,2045.73
4588,Balance Sheet,"Total Current Assets > Total Receivables, Net",2019-12-31,1361.58
4588,Balance Sheet,"Total Current Assets > Total Receivables, Net",2020-12-31,1130.18
4588,Balance Sheet,"Total Current Assets > Total Receivables, Net",2021-12-31,1025.89
4588,Balance Sheet,"Total Current Assets > Total Receivables, Net",2022-12-31,1194.22
4588,Balance Sheet,Total Current Liabilities,2019-12-31,2601.02
4588,Balance Sheet,Total Current Liabilities,2020-12-31,2796.2
4588,Balance Sheet,Total Current Liabilities,2021-12-31,3019.78
4588,Balance Sheet,Total Current Liabilities > Accounts Payable,2019-12-31,959.77
4588,Balance Sheet,Total Current Liabilities > Accounts Payable,2020-12-31,1236.42
4588,Balance Sheet,Total Current Liabilities > Accounts Payable,2021-12-31,1160.01
4588,Balance Sheet,Total Current Liabilities > Accrued Expenses,2019-12-31,582.58
4588,Balance Sheet,Total Current Liabilities > Accrued Expenses,2020-12-31,505.12
4588,Balance Sheet,Total Current Liabilities > Accrued Expenses,2021-12-31,597.78
4588,Balance Sheet,Total Current Liabilities > Current Port. of LT Debt/Capital Leases,2019-12-31,349.6
4588,Balance Sheet,Total Current Liabilities > Current Port. of LT Debt/Capital Leases,2020-12-31,522.43
4588,Balance Sheet,Total Current Liabilities > Current Port. of LT Debt/Capital Leases,2021-12-31,514.32
4588,Balance Sheet,Total Current Liabilities > Current Port. of LT Debt/Capital Leases,2022-12-31,31.98
4588,Balance Sheet,Total Current Liabilities > Notes Payable/Short Term Debt,2019-12-31,74.36
4588,Balance Sheet,Total Current Liabilities > Notes Payable/Short Term Debt,2020-12-31,26.06
4588,Balance Sheet,Total Current Liabilities > Notes Payable/Short Term Debt,2021-12-31,140.37
4588,Balance Sheet,Total Current Liabilities > Notes Payable/Short Term Debt,2022-12-31,192.98
4588,Balance Sheet,"Total Current Liabilities > Other Current liabilities, Total",2019-12-31,634.69
4588,Balance Sheet,"Total Current Liabilities > Other Current liabilities, Total",2020-12-31,506.16
4588,Balance Sheet,"Total Current Liabilities > Other Current liabilities, Total",2021-12-31,607.3
4588,Balance Sheet,"Total Current Liabilities > Other Current liabilities, Total",2022-12-31,780.25
4588,Balance Sheet,Total Equity,2019-12-31,4794.26
4588,Balance Sheet,Total Equity,2020-12-31,4965.99
4588,Balance Sheet,Total Equity,2021-12-31,6762.55
4588,Balance Sheet,"Total Equity > Common Stock, Total",2019-12-31,584.15
4588,Balance Sheet,"Total Equity > Common Stock, Total",2020-12-31,584.15
4588,Balance Sheet,"Total Equity > Common Stock, Total",2021-12-31,584.15
4588,Balance Sheet,"Total Equity > Common Stock, Total",2022-12-31,584.15
4588,Balance Sheet,"Total Equity > Other Equity, Total",2019-12-31,1065.19
4588,Balance Sheet,"Total Equity > Other Equity, Total",2020-12-31,1050.15
4588,Balance Sheet,"Total Equity > Other Equity, Total",2021-12-31,2744.25
4588,Balance Sheet,"Total Equity > Other Equity, Total",2022-12-31,2809.42
4588,Balance Sheet,Total Equity > Retained Earnings (Accumulated Deficit),2019-12-31,3140.32
4588,Balance Sheet,Total Equity > Retained Earnings (Accumulated Deficit),2020-12-31,3326.59
4588,Balance Sheet,Total Equity > Retained Earnings (Accumulated Deficit),2021-12-31,3434.15
4588,Balance Sheet,Total Equity > Unrealized Gain (Loss),2019-12-31,4.6
4588,Balance Sheet,Total Equity > Unrealized Gain (Loss),2020-12-31,5.1
4588,Balance Sheet,Total Equity > Unrealized Gain (Loss),2021-12-31,5.13
4588,Balance Sheet,Total Liabilities,2019-12-31,6340.42
4588,Balance Sheet,Total Liabilities,2020-12-31,6481.1
4588,Balance Sheet,Total Liabilities,2021-12-31,5410.14
4588,Balance Sheet,Total Liabilities,2022-12-31,5277.14
4588,Balance Sheet,Total Liabilities & Shareholders' Equity,2019-12-31,11134.67
4588,Balance Sheet,Total Liabilities & Shareholders' Equity,2020-12-31,11447.09
4588,Balance Sheet,Total Liabilities & Shareholders' Equity,2021-12-31,12172.69
4588,Balance Sheet,Total Liabilities > Capital Lease Obligations,2019-12-31,56.41
4588,Balance Sheet,Total Liabilities > Capital Lease Obligations,2020-12-31,47.61
4588,Balance Sheet,Total Liabilities > Capital Lease Obligations,2021-12-31,38.18
4588,Balance Sheet,Total Liabilities > Capital Lease Obligations,2022-12-31,39.34
4588,Balance Sheet,Total Liabilities > Deferred Income Tax,2019-12-31,39.09
4588,Balance Sheet,Total Liabilities > Deferred Income Tax,2020-12-31,47.85
4588,Balance Sheet,Total Liabilities > Deferred Income Tax,2021-12-31,48.4
4588,Balance Sheet,Total Liabilities > Deferred Income Tax,2022-12-31,60.82
4588,Balance Sheet,Total Liabilities > Long Term Debt,2019-12-31,2123.42
4588,Balance Sheet,Total Liabilities > Long Term Debt,2020-12-31,1942.28
4588,Balance Sheet,Total Liabilities > Long Term Debt,2021-12-31,2094.99
4588,Balance Sheet,Total Liabilities > Long Term Debt,2022-12-31,1339.93
4588,Balance Sheet,Total Liabilities > Minority Interest,2019-12-31,1303.83
4588,Balance Sheet,Total Liabilities > Minority Interest,2020-12-31,1451.18
4588,Balance Sheet,Total Liabilities > Minority Interest,2021-12-31,1660.0
4588,Balance Sheet,Total Liabilities > Minority Interest,2022-12-31,1692.08
4588,Balance Sheet,"Total Liabilities > Other Liabilities, Total",2019-12-31,216.65
4588,Balance Sheet,"Total Liabilities > Other Liabilities, Total",2020-12-31,195.99
4588,Balance Sheet,"Total Liabilities > Other Liabilities, Total",2021-12-31,-2254.11
4588,Balance Sheet,"Total Liabilities > Other Liabilities, Total",2022-12-31,-1841.74
4588,Balance Sheet,Total Liabilities > Total Long Term Debt,2019-12-31,2179.83
4588,Balance Sheet,Total Liabilities > Total Long Term Debt,2020-12-31,1989.89
4588,Balance Sheet,Total Liabilities > Total Long Term Debt,2021-12-31,2133.17
4588,Balance Sheet,Total Liabilities > Total Long Term Debt,2022-12-31,1379.28
4588,Cash Flow,Beginning Cash Balance,2019-12-31,1311.73
4588,Cash Flow,Beginning Cash Balance,2020-12-31,1411.49
4588,Cash Flow,Beginning Cash Balance,2021-12-31,2006.48
4588,Cash Flow,Beginning Cash Balance,2022-12-31,2700.28
4588,Cash Flow,Cash From Financing Activities,2019-12-31,-584.18
4588,Cash Flow,Cash From Financing Activities,2020-12-31,-237.54
4588,Cash Flow,Cash From Financing Activities,2021-12-31,39.44
4588,Cash Flow,Cash From Financing Activities > Financing Cash Flow Items,2019-12-31,-165.9
4588,Cash Flow,Cash From Financing Activities > Financing Cash Flow Items,2020-12-31,-140.18
4588,Cash Flow,Cash From Financing Activities > Financing Cash Flow Items,2021-12-31,-76.36
4588,Cash Flow,Cash From Financing Activities > Financing Cash Flow Items,2022-12-31,-155.95
4588,Cash Flow,"Cash From Financing Activities > Issuance (Retirement) of Debt, Net",2019-12-31,-342.35
4588,Cash Flow,"Cash From Financing Activities > Issuance (Retirement) of Debt, Net",2020-12-31,-74.0
4588,Cash Flow,"Cash From Financing Activities > Issuance (Retirement) of Debt, Net",2021-12-31,232.38
4588,Cash Flow,"Cash From Financing Activities > Issuance (Retirement) of Debt, Net",2022-12-31,-1205.95
4588,Cash Flow,Cash From Financing Activities > Total Cash Dividends Paid,2019-12-31,-75.94
4588,Cash Flow,Cash From Financing Activities > Total Cash Dividends Paid,2020-12-31,-23.37
4588,Cash Flow,Cash From Financing Activities > Total Cash Dividends Paid,2021-12-31,-116.58
4588,Cash Flow,Cash From Financing Activities > Total Cash Dividends Paid,2022-12-31,-172.66
4588,Cash Flow,Cash From Investing Activities,2019-12-31,429.66
4588,Cash Flow,Cash From Investing Activities,2020-12-31,-110.49
4588,Cash Flow,Cash From Investing Activities,2021-12-31,384.76
4588,Cash Flow,Cash From Investing Activities,2022-12-31,49.45
4588,Cash Flow,Cash From Investing Activities > Capital Expenditures,2019-12-31,-345.5
4588,Cash Flow,Cash From Investing Activities > Capital Expenditures,2020-12-31,-220.17
4588,Cash Flow,Cash From Investing Activities > Capital Expenditures,2021-12-31,-414.06
4588,Cash Flow,"Cash From Investing Activities > Other Investing Cash Flow Items, Total",2019-12-31,775.16
4588,Cash Flow,"Cash From Investing Activities > Other Investing Cash Flow Items, Total",2020-12-31,109.67
4588,Cash Flow,"Cash From Investing Activities > Other Investing Cash Flow Items, Total",2021-12-31,798.82
4588,Cash Flow,"Cash From Investing Activities > Other Investing Cash Flow Items, Total",2022-12-31,559.39
4588,Cash Flow,Cash From Operating Activities,2019-12-31,255.02
4588,Cash Flow,Cash From Operating Activities,2020-12-31,946.29
4588,Cash Flow,Cash From Operating Activities,2021-12-31,261.4
4588,Cash Flow,Cash From Operating Activities,2022-12-31,1203.44
4588,Cash Flow,Cash From Operating Activities > Cash Interest Paid,2019-12-31,203.13
4588,Cash Flow,Cash From Operating Activities > Cash Interest Paid,2020-12-31,186.38
4588,Cash Flow,Cash From Operating Activities > Cash Interest Paid,2021-12-31,108.17
4588,Cash Flow,Cash From Operating Activities > Cash Taxes Paid,2019-12-31,129.63
4588,Cash Flow,Cash From Operating Activities > Cash Taxes Paid,2020-12-31,88.44
4588,Cash Flow,Cash From Operating Activities > Cash Taxes Paid,2021-12-31,74.03
4588,Cash Flow,Cash From Operating Activities > Changes in Working Capital,2019-12-31,-407.42
4588,Cash Flow,Cash From Operating Activities > Changes in Working Capital,2020-12-31,255.03
4588,Cash Flow,Cash From Operating Activities > Changes in Working Capital,2021-12-31,-232.37
4588,Cash Flow,Cash From Operating Activities > Depreciation/Depletion,2019-12-31,346.17
4588,Cash Flow,Cash From Operating Activities > Depreciation/Depletion,2020-12-31,357.84
4588,Cash Flow,Cash From Operating Activities > Depreciation/Depletion,2021-12-31,343.54
4588,Cash Flow,Cash From Operating Activities > Depreciation/Depletion,2022-12-31,340.39
4588,Cash Flow,Cash From Operating Activities > Non-Cash Items,2019-12-31,-438.51
4588,Cash Flow,Cash From Operating Activities > Non-Cash Items,2020-12-31,-67.24
4588,Cash Flow,Cash From Operating Activities > Non-Cash Items,2021-12-31,-187.84
4588,Cash Flow,Cash From Operating Activities > Non-Cash Items,2022-12-31,-146.85
4588,Cash Flow,Ending Cash Balance,2019-12-31,1407.98
4588,Cash Flow,Ending Cash Balance,2020-12-31,2006.48
4588,Cash Flow,Ending Cash Balance,2021-12-31,2700.28
4588,Cash Flow,Ending Cash Balance,2022-12-31,2432.27
4588,Cash Flow,Foreign Exchange Effects,2019-12-31,-4.25
4588,Cash Flow,Foreign Exchange Effects,2020-12-31,-3.27
4588,Cash Flow,Foreign Exchange Effects,2021-12-31,8.21
4588,Cash Flow,Free Cash Flow,2019-12-31,-67.08
4588,Cash Flow,Free Cash Flow,2021-12-31,-62.54
4588,Cash Flow,Free Cash Flow,2022-12-31,633.09
4588,Cash Flow,Free Cash Flow Growth,2021-12-31,-108.41
4588,Cash Flow,Free Cash Flow Growth,2022-12-31,1081.59
4588,Cash Flow,Free Cash Flow Yield,2021-12-31,-4.4
4588,Cash Flow,Net Change in Cash,2019-12-31,96.25
4588,Cash Flow,Net Change in Cash,2020-12-31,594.99
4588,Cash Flow,Net Change in Cash,2021-12-31,693.8
4588,Cash Flow,Net Change in Cash,2022-12-31,-268.01
4588,Cash Flow,Net Income/Starting Line,2019-12-31,754.79
4588,Cash Flow,Net Income/Starting Line,2020-12-31,400.67
4588,Cash Flow,Net Income/Starting Line,2021-12-31,338.08
4588,Income Statement,"Cost of Revenue, Total",2019-12-31,10599.78
4588,Income Statement,"Cost of Revenue, Total",2020-12-31,8634.65
4588,Income Statement,"Cost of Revenue, Total",2021-12-31,9421.28
4588,Income Statement,DPS - Common Stock Primary Issue,2019-12-31,0.02
4588,Income Statement,DPS - Common Stock Primary Issue,2020-12-31,0.04
4588,Income Statement,DPS - Common Stock Primary Issue,2021-12-31,0.058
4588,Income Statement,Diluted EPS Excluding Extraordinary Items,2019-12-31,0.38
4588,Income Statement,Diluted EPS Excluding Extraordinary Items,2020-12-31,0.18
4588,Income Statement,Diluted EPS Excluding Extraordinary Items,2021-12-31,0.23
4588,Income Statement,Diluted EPS Excluding Extraordinary Items,2022-12-31,0.355
4588,Income Statement,Diluted Net Income,2019-12-31,454.44
4588,Income Statement,Diluted Net Income,2020-12-31,204.6
4588,Income Statement,Diluted Net Income,2021-12-31,268.23
4588,Income Statement,Diluted Net Income,2022-12-31,415.05
4588,Income Statement,Diluted Normalized EPS,2019-12-31,0.36
4588,Income Statement,Diluted Normalized EPS,2020-12-31,0.23
4588,Income Statement,Diluted Normalized EPS,2021-12-31,0.083
4588,Income Statement,Diluted Normalized EPS,2022-12-31,0.314
4588,Income Statement,Diluted Weighted Average Shares,2019-12-31,1168.29
4588,Income Statement,Diluted Weighted Average Shares,2020-12-31,1168.29
4588,Income Statement,Diluted Weighted Average Shares,2021-12-31,1168.29
4588,Income Statement,Diluted Weighted Average Shares,2022-12-31,1168.29
4588,Income Statement,Dilution Adjustment,2021-12-31,69.85
4588,Income Statement,Dilution Adjustment,2022-12-31,69.85
4588,Income Statement,Gain (Loss) on Sale of Assets,2021-12-31,43.2
4588,Income Statement,Gross Profit,2019-12-31,1139.36
4588,Income Statement,Gross Profit,2020-12-31,919.92
4588,Income Statement,Gross Profit,2021-12-31,1639.53
4588,Income Statement,Gross Profit,2022-12-31,460.89
4588,Income Statement,Income Available to Common Excluding Extraordinary Items,2019-12-31,447.25
4588,Income Statement,Income Available to Common Excluding Extraordinary Items,2020-12-31,204.6
4588,Income Statement,Income Available to Common Excluding Extraordinary Items,2021-12-31,268.23
4588,Income Statement,Income Available to Common Excluding Extraordinary Items,2022-12-31,415.05
4588,Income Statement,"Interest Income (Expense), Net Non-Operating",2019-12-31,195.98
4588,Income Statement,"Interest Income (Expense), Net Non-Operating",2020-12-31,114.58
4588,Income Statement,"Interest Income (Expense), Net Non-Operating",2021-12-31,188.43
4588,Income Statement,Minority Interest,2019-12-31,-129.2
4588,Income Statement,Minority Interest,2020-12-31,-48.47
4588,Income Statement,Minority Interest,2021-12-31,1660.0
4588,Income Statement,Minority Interest,2022-12-31,1692.08
4588,Income Statement,Net Income,2019-12-31,524.1
4588,Income Statement,Net Income,2020-12-31,274.45
4588,Income Statement,Net Income,2021-12-31,338.08
4588,Income Statement,Net Income,2022-12-31,484.9
4588,Income Statement,Net Income After Taxes,2019-12-31,646.11
4588,Income Statement,Net Income After Taxes,2020-12-31,322.92
4588,Income Statement,Net Income After Taxes,2021-12-31,515.65
4588,Income Statement,Net Income After Taxes,2022-12-31,677.86
4588,Income Statement,Net Income Before Extraordinary Items,2019-12-31,516.91
4588,Income Statement,Net Income Before Extraordinary Items,2020-12-31,274.45
4588,Income Statement,Net Income Before Extraordinary Items,2021-12-31,338.08
4588,Income Statement,Net Income Before Extraordinary Items,2022-12-31,484.9
4588,Income Statement,Net Income Before Taxes,2019-12-31,754.79
4588,Income Statement,Net Income Before Taxes,2020-12-31,400.67
4588,Income Statement,Net Income Before Taxes,2021-12-31,482.75
4588,Income Statement,Net Income Before Taxes,2022-12-31,896.46
4588,Income Statement,Operating Income,2019-12-31,521.45
4588,Income Statement,Operating Income,2020-12-31,257.66
4588,Income Statement,Operating Income,2021-12-31,227.91
4588,Income Statement,Operating Income,2022-12-31,605.51
4588,Income Statement,"Other, Net",2019-12-31,37.36
4588,Income Statement,"Other, Net",2020-12-31,28.42
4588,Income Statement,"Other, Net",2021-12-31,-298.04
4588,Income Statement,"Other, Net",2022-12-31,-290.95
4588,Income Statement,Provision for Income Taxes,2019-12-31,108.68
4588,Income Statement,Provision for Income Taxes,2020-12-31,77.74
4588,Income Statement,Provision for Income Taxes,2021-12-31,-32.9
4588,Income Statement,Provision for Income Taxes,2022-12-31,218.6
4588,Income Statement,Total Adjustments to Net Income,2019-12-31,-69.66
4588,Income Statement,Total Adjustments to Net Income,2020-12-31,-69.85
4588,Income Statement,Total Adjustments to Net Income,2021-12-31,-69.85
4588,Income Statement,Total Adjustments to Net Income,2022-12-31,-69.85
4588,Income Statement,Total Extraordinary Items,2019-12-31,7.2
4588,Income Statement,Total Operating Expenses,2019-12-31,11217.7
4588,Income Statement,Total Operating Expenses,2020-12-31,9296.9
4588,Income Statement,Total Operating Expenses,2021-12-31,10829.76
4588,Income Statement,Total Operating Expenses,2022-12-31,15208.92
4588,Income Statement,Total Operating Expenses > Depreciation / Amortization,2019-12-31,345.12
4588,Income Statement,Total Operating Expenses > Depreciation / Amortization,2020-12-31,374.07
4588,Income Statement,Total Operating Expenses > Depreciation / Amortization,2021-12-31,343.54
4588,Income Statement,Total Operating Expenses > Interest Expense (Income) - Net Operating,2019-12-31,-212.87
4588,Income Statement,Total Operating Expenses > Interest Expense (Income) - Net Operating,2021-12-31,-108.16
4588,Income Statement,"Total Operating Expenses > Other Operating Expenses, Total",2019-12-31,514.06
4588,Income Statement,"Total Operating Expenses > Other Operating Expenses, Total",2020-12-31,312.19
4588,Income Statement,"Total Operating Expenses > Other Operating Expenses, Total",2021-12-31,864.42
4588,Income Statement,"Total Operating Expenses > Other Operating Expenses, Total",2022-12-31,-371.07
4588,Income Statement,"Total Operating Expenses > Selling/General/Admin. Expenses, Total",2019-12-31,-0.03
4588,Income Statement,"Total Operating Expenses > Selling/General/Admin. Expenses, Total",2020-12-31,-0.09
4588,Income Statement,"Total Operating Expenses > Selling/General/Admin. Expenses, Total",2021-12-31,652.23
4588,Income Statement,Total Operating Expenses > Unusual Expense (Income),2019-12-31,-28.36
4588,Income Statement,Total Operating Expenses > Unusual Expense (Income),2020-12-31,-23.92
4588,Income Statement,Total Operating Expenses > Unusual Expense (Income),2021-12-31,-43.2
4588,Income Statement,Total Revenue,2019-12-31,11739.15
4588,Income Statement,Total Revenue,2020-12-31,9554.57
4588,Income Statement,Total Revenue,2021-12-31,11060.8
4588,Income Statement,Total Revenue,2022-12-31,15814.43
4588,Income Statement,Total Revenue > Revenue,2019-12-31,11739.15
4588,Income Statement,Total Revenue > Revenue,2020-12-31,9554.57
4588,Income Statement,Total Revenue > Revenue,2021-12-31,11060.8
4677,Balance Sheet,Total Assets,2019-06-30,76727.09
4677,Balance Sheet,Total Assets,2020-06-30,69908.43
4677,Balance Sheet,Total Assets,2021-06-30,73863.57
4677,Balance Sheet,Total Assets,2022-06-30,72342.78
4677,Balance Sheet,"Total Assets > Accumulated Depreciation, Total",2019-06-30,-21424.6
4677,Balance Sheet,"Total Assets > Accumulated Depreciation, Total",2020-06-30,-22402.28
4677,Balance Sheet,"Total Assets > Accumulated Depreciation, Total",2021-06-30,-24130.8
4677,Balance Sheet,"Total Assets > Accumulated Depreciation, Total",2022-06-30,-25098.35
4677,Balance Sheet,"Total Assets > Goodwill, Net",2019-06-30,7840.09
4677,Balance Sheet,"Total Assets > Goodwill, Net",2020-06-30,8117.58
4677,Balance Sheet,"Total Assets > Goodwill, Net",2021-06-30,8025.76
4677,Balance Sheet,"Total Assets > Goodwill, Net",2022-06-30,8359.93
4677,Balance Sheet,"Total Assets > Intangibles, Net",2019-06-30,183.11
4677,Balance Sheet,"Total Assets > Intangibles, Net",2020-06-30,513.51
4677,Balance Sheet,"Total Assets > Intangibles, Net",2021-06-30,8500.08
4677,Balance Sheet,"Total Assets > Intangibles, Net",2022-06-30,8689.94
4677,Balance Sheet,Total Assets > Long Term Investments,2019-06-30,14600.13
4677,Balance Sheet,Total Assets > Long Term Investments,2020-06-30,7726.27
4677,Balance Sheet,Total Assets > Long Term Investments,2021-06-30,4710.84
4677,Balance Sheet,Total Assets > Long Term Investments,2022-06-30,4318.79
4677,Balance Sheet,Total Assets > Note Receivable - Long Term,2019-06-30,1150.26
4677,Balance Sheet,Total Assets > Note Receivable - Long Term,2020-06-30,1338.39
4677,Balance Sheet,Total Assets > Note Receivable - Long Term,2021-06-30,458.66
4677,Balance Sheet,Total Assets > Note Receivable - Long Term,2022-06-30,531.57
4677,Balance Sheet,"Total Assets > Other Assets, Total",2021-06-30,6982.89
4677,Balance Sheet,"Total Assets > Other Assets, Total",2022-06-30,1880.32
4677,Balance Sheet,"Total Assets > Other Long Term Assets, Total",2019-06-30,33.2
4677,Balance Sheet,"Total Assets > Other Long Term Assets, Total",2020-06-30,93.6
4677,Balance Sheet,"Total Assets > Other Long Term Assets, Total",2021-06-30,2299.46
4677,Balance Sheet,"Total Assets > Other Long Term Assets, Total",2022-06-30,2989.36
4677,Balance Sheet,"Total Assets > Property/Plant/Equipment, Total - Gross",2019-06-30,52184.09
4677,Balance Sheet,"Total Assets > Property/Plant/Equipment, Total - Gross",2020-06-30,54537.9
4677,Balance Sheet,"Total Assets > Property/Plant/Equipment, Total - Gross",2021-06-30,57963.63
4677,Balance Sheet,"Total Assets > Property/Plant/Equipment, Total - Gross",2022-06-30,58594.38
4677,Balance Sheet,"Total Assets > Property/Plant/Equipment, Total - Net",2019-06-30,30759.49
4677,Balance Sheet,"Total Assets > Property/Plant/Equipment, Total - Net",2020-06-30,32135.62
4677,Balance Sheet,"Total Assets > Property/Plant/Equipment, Total - Net",2021-06-30,33832.84
4677,Balance Sheet,"Total Assets > Property/Plant/Equipment, Total - Net",2022-06-30,33496.03
4677,Balance Sheet,Total Common Shares Outstanding,2019-06-30,10921.06
4677,Balance Sheet,Total Common Shares Outstanding,2020-06-30,11004.87
4677,Balance Sheet,Total Common Shares Outstanding,2021-06-30,10964.09
4677,Balance Sheet,Total Common Shares Outstanding,2022-06-30,10964.09
4677,Balance Sheet,Total Current Assets,2019-06-30,22160.81
4677,Balance Sheet,Total Current Assets,2020-06-30,19983.45
4677,Balance Sheet,Total Current Assets,2021-06-30,21937.25
4677,Balance Sheet,Total Current Assets,2022-06-30,20091.34
4677,Balance Sheet,"Total Current Assets > Accounts Receivables - Trade, Net",2019-06-30,2548.48
4677,Balance Sheet,"Total Current Assets > Accounts Receivables - Trade, Net",2020-06-30,1775.82
4677,Balance Sheet,"Total Current Assets > Accounts Receivables - Trade, Net",2021-06-30,2980.92
4677,Balance Sheet,"Total Current Assets > Accounts Receivables - Trade, Net",2022-06-30,3883.73
4677,Balance Sheet,Total Current Assets > Cash,2019-06-30,1171.01
4677,Balance Sheet,Total Current Assets > Cash,2020-06-30,1265.01
4677,Balance Sheet,Total Current Assets > Cash,2021-06-30,2155.87
4677,Balance Sheet,Total Current Assets > Cash & Equivalents,2021-06-30,2155.87
4677,Balance Sheet,Total Current Assets > Cash & Equivalents,2022-06-30,3167.82
4677,Balance Sheet,Total Current Assets > Cash and Short Term Investments,2019-06-30,14159.45
4677,Balance Sheet,Total Current Assets > Cash and Short Term Investments,2020-06-30,13963.22
4677,Balance Sheet,Total Current Assets > Cash and Short Term Investments,2021-06-30,16326.08
4677,Balance Sheet,Total Current Assets > Cash and Short Term Investments,2022-06-30,12996.36
4677,Balance Sheet,"Total Current Assets > Other Current Assets, Total",2019-06-30,145.62
4677,Balance Sheet,"Total Current Assets > Other Current Assets, Total",2020-06-30,280.61
4677,Balance Sheet,"Total Current Assets > Other Current Assets, Total",2021-06-30,325.73
4677,Balance Sheet,"Total Current Assets > Other Current Assets, Total",2022-06-30,516.46
4677,Balance Sheet,Total Current Assets > Prepaid Expenses,2019-06-30,304.7
4677,Balance Sheet,Total Current Assets > Prepaid Expenses,2020-06-30,360.61
4677,Balance Sheet,Total Current Assets > Prepaid Expenses,2021-06-30,476.69
4677,Balance Sheet,Total Current Assets > Prepaid Expenses,2022-06-30,609.98
4677,Balance Sheet,Total Current Assets > Short Term Investments,2019-06-30,12988.44
4677,Balance Sheet,Total Current Assets > Short Term Investments,2020-06-30,12698.21
4677,Balance Sheet,Total Current Assets > Short Term Investments,2021-06-30,11696.76
4677,Balance Sheet,Total Current Assets > Short Term Investments,2022-06-30,8327.97
4677,Balance Sheet,Total Current Assets > Total Inventory,2019-06-30,3345.66
4677,Balance Sheet,Total Current Assets > Total Inventory,2020-06-30,2325.22
4677,Balance Sheet,Total Current Assets > Total Inventory,2021-06-30,1369.18
4677,Balance Sheet,Total Current Assets > Total Inventory,2022-06-30,1553.24
4677,Balance Sheet,"Total Current Assets > Total Receivables, Net",2019-06-30,4205.39
4677,Balance Sheet,"Total Current Assets > Total Receivables, Net",2020-06-30,3053.79
4677,Balance Sheet,"Total Current Assets > Total Receivables, Net",2021-06-30,3439.57
4677,Balance Sheet,"Total Current Assets > Total Receivables, Net",2022-06-30,4415.3
4677,Balance Sheet,Total Current Liabilities,2019-06-30,20404.61
4677,Balance Sheet,Total Current Liabilities,2020-06-30,15627.23
4677,Balance Sheet,Total Current Liabilities,2021-06-30,15082.48
4677,Balance Sheet,Total Current Liabilities,2022-06-30,12932.94
4677,Balance Sheet,Total Current Liabilities > Accounts Payable,2019-06-30,2011.36
4677,Balance Sheet,Total Current Liabilities > Accounts Payable,2020-06-30,1331.95
4677,Balance Sheet,Total Current Liabilities > Accounts Payable,2021-06-30,1892.46
4677,Balance Sheet,Total Current Liabilities > Accounts Payable,2022-06-30,2286.49
4677,Balance Sheet,Total Current Liabilities > Accrued Expenses,2019-06-30,917.25
4677,Balance Sheet,Total Current Liabilities > Accrued Expenses,2020-06-30,981.29
4677,Balance Sheet,Total Current Liabilities > Accrued Expenses,2021-06-30,1331.81
4677,Balance Sheet,Total Current Liabilities > Accrued Expenses,2022-06-30,1505.46
4677,Balance Sheet,Total Current Liabilities > Current Port. of LT Debt/Capital Leases,2019-06-30,15274.64
4677,Balance Sheet,Total Current Liabilities > Current Port. of LT Debt/Capital Leases,2020-06-30,11418.08
4677,Balance Sheet,Total Current Liabilities > Current Port. of LT Debt/Capital Leases,2021-06-30,7016.76
4677,Balance Sheet,Total Current Liabilities > Current Port. of LT Debt/Capital Leases,2022-06-30,3737.36
4677,Balance Sheet,Total Current Liabilities > Notes Payable/Short Term Debt,2019-06-30,82.63
4677,Balance Sheet,Total Current Liabilities > Notes Payable/Short Term Debt,2020-06-30,75.98
4677,Balance Sheet,Total Current Liabilities > Notes Payable/Short Term Debt,2021-06-30,2827.23
4677,Balance Sheet,Total Current Liabilities > Notes Payable/Short Term Debt,2022-06-30,3344.86
4677,Balance Sheet,"Total Current Liabilities > Other Current liabilities, Total",2019-06-30,2118.74
4677,Balance Sheet,"Total Current Liabilities > Other Current liabilities, Total",2020-06-30,1819.94
4677,Balance Sheet,"Total Current Liabilities > Other Current liabilities, Total",2021-06-30,2014.23
4677,Balance Sheet,"Total Current Liabilities > Other Current liabilities, Total",2022-06-30,2058.77
4677,Balance Sheet,Total Current Liabilities > Payable/Accrued,2019-06-30,4769.19
4677,Balance Sheet,Total Current Liabilities > Payable/Accrued,2020-06-30,3575.75
4677,Balance Sheet,Total Current Liabilities > Payable/Accrued,2021-06-30,4838.91
4677,Balance Sheet,Total Equity,2019-06-30,13262.69
4677,Balance Sheet,Total Equity,2020-06-30,12460.34
4677,Balance Sheet,Total Equity,2021-06-30,16337.96
4677,Balance Sheet,Total Equity,2022-06-30,17519.26
4677,Balance Sheet,"Total Equity > Common Stock, Total",2019-06-30,3340.11
4677,Balance Sheet,"Total Equity > Common Stock, Total",2020-06-30,3467.55
4677,Balance Sheet,"Total Equity > Common Stock, Total",2021-06-30,3467.56
4677,Balance Sheet,"Total Equity > Common Stock, Total",2022-06-30,3467.56
4677,Balance Sheet,"Total Equity > Other Equity, Total",2020-06-30,326.44
4677,Balance Sheet,"Total Equity > Other Equity, Total",2021-06-30,4422.78
4677,Balance Sheet,"Total Equity > Other Equity, Total",2022-06-30,5553.88
4677,Balance Sheet,Total Equity > Retained Earnings (Accumulated Deficit),2019-06-30,10395.37
4677,Balance Sheet,Total Equity > Retained Earnings (Accumulated Deficit),2020-06-30,9210.3
4677,Balance Sheet,Total Equity > Retained Earnings (Accumulated Deficit),2021-06-30,8502.08
4677,Balance Sheet,Total Equity > Retained Earnings (Accumulated Deficit),2022-06-30,8552.28
4677,Balance Sheet,Total Equity > Treasury Stock - Common,2019-06-30,-472.79
4677,Balance Sheet,Total Equity > Treasury Stock - Common,2020-06-30,-501.84
4677,Balance Sheet,Total Equity > Treasury Stock - Common,2021-06-30,-54.45
4677,Balance Sheet,Total Equity > Treasury Stock - Common,2022-06-30,-54.45
4677,Balance Sheet,Total Equity > Unrealized Gain (Loss),2020-06-30,-42.12
4677,Balance Sheet,Total Equity > Unrealized Gain (Loss),2021-06-30,-124.25
4677,Balance Sheet,Total Liabilities,2019-06-30,63464.41
4677,Balance Sheet,Total Liabilities,2020-06-30,57448.1
4677,Balance Sheet,Total Liabilities,2021-06-30,57525.6
4677,Balance Sheet,Total Liabilities,2022-06-30,54823.52
4677,Balance Sheet,Total Liabilities & Shareholders' Equity,2019-06-30,76727.09
4677,Balance Sheet,Total Liabilities & Shareholders' Equity,2020-06-30,69908.43
4677,Balance Sheet,Total Liabilities & Shareholders' Equity,2021-06-30,73863.57
4677,Balance Sheet,Total Liabilities & Shareholders' Equity,2022-06-30,72342.78
4677,Balance Sheet,Total Liabilities > Capital Lease Obligations,2019-06-30,17.49
4677,Balance Sheet,Total Liabilities > Capital Lease Obligations,2020-06-30,1447.35
4677,Balance Sheet,Total Liabilities > Capital Lease Obligations,2021-06-30,1305.77
4677,Balance Sheet,Total Liabilities > Capital Lease Obligations,2022-06-30,1251.02
4677,Balance Sheet,Total Liabilities > Deferred Income Tax,2019-06-30,2073.14
4677,Balance Sheet,Total Liabilities > Deferred Income Tax,2020-06-30,2164.0
4677,Balance Sheet,Total Liabilities > Deferred Income Tax,2021-06-30,3060.35
4677,Balance Sheet,Total Liabilities > Deferred Income Tax,2022-06-30,3068.8
4677,Balance Sheet,Total Liabilities > Long Term Debt,2019-06-30,30705.03
4677,Balance Sheet,Total Liabilities > Long Term Debt,2020-06-30,32248.32
4677,Balance Sheet,Total Liabilities > Long Term Debt,2021-06-30,35408.64
4677,Balance Sheet,Total Liabilities > Long Term Debt,2022-06-30,35339.56
4677,Balance Sheet,Total Liabilities > Minority Interest,2019-06-30,7631.85
4677,Balance Sheet,Total Liabilities > Minority Interest,2020-06-30,3149.59
4677,Balance Sheet,Total Liabilities > Minority Interest,2021-06-30,3549.48
4677,Balance Sheet,Total Liabilities > Minority Interest,2022-06-30,4580.74
4677,Balance Sheet,"Total Liabilities > Other Liabilities, Total",2019-06-30,2632.27
4677,Balance Sheet,"Total Liabilities > Other Liabilities, Total",2020-06-30,2811.59
4677,Balance Sheet,"Total Liabilities > Other Liabilities, Total",2021-06-30,-21066.42
4677,Balance Sheet,"Total Liabilities > Other Liabilities, Total",2022-06-30,-22036.28
4677,Balance Sheet,Total Liabilities > Total Long Term Debt,2019-06-30,30722.52
4677,Balance Sheet,Total Liabilities > Total Long Term Debt,2020-06-30,33695.67
4677,Balance Sheet,Total Liabilities > Total Long Term Debt,2021-06-30,36714.41
4677,Balance Sheet,Total Liabilities > Total Long Term Debt,2022-06-30,36590.58
4677,Cash Flow,Beginning Cash Balance,2019-06-30,1008.83
4677,Cash Flow,Beginning Cash Balance,2021-06-30,-396.66
4677,Cash Flow,Beginning Cash Balance,2022-06-30,5523.76
4677,Cash Flow,Cash From Financing Activities,2019-06-30,1650.85
4677,Cash Flow,Cash From Financing Activities,2020-06-30,-807.48
4677,Cash Flow,Cash From Financing Activities,2021-06-30,298.92
4677,Cash Flow,Cash From Financing Activities,2022-06-30,-3017.22
4677,Cash Flow,Cash From Financing Activities > Financing Cash Flow Items,2019-06-30,-496.55
4677,Cash Flow,Cash From Financing Activities > Financing Cash Flow Items,2020-06-30,-641.26
4677,Cash Flow,Cash From Financing Activities > Financing Cash Flow Items,2021-06-30,-79.62
4677,Cash Flow,Cash From Financing Activities > Financing Cash Flow Items,2022-06-30,-487.11
4677,Cash Flow,"Cash From Financing Activities > Issuance (Retirement) of Debt, Net",2019-06-30,2904.42
4677,Cash Flow,"Cash From Financing Activities > Issuance (Retirement) of Debt, Net",2020-06-30,289.61
4677,Cash Flow,"Cash From Financing Activities > Issuance (Retirement) of Debt, Net",2021-06-30,408.85
4677,Cash Flow,"Cash From Financing Activities > Issuance (Retirement) of Debt, Net",2022-06-30,-2256.01
4677,Cash Flow,"Cash From Financing Activities > Issuance (Retirement) of Stock, Net",2019-06-30,-334.28
4677,Cash Flow,"Cash From Financing Activities > Issuance (Retirement) of Stock, Net",2020-06-30,-29.05
4677,Cash Flow,"Cash From Financing Activities > Issuance (Retirement) of Stock, Net",2021-06-30,-30.31
4677,Cash Flow,"Cash From Financing Activities > Issuance (Retirement) of Stock, Net",2022-06-30,-0.001
4677,Cash Flow,Cash From Financing Activities > Total Cash Dividends Paid,2019-06-30,-422.75
4677,Cash Flow,Cash From Financing Activities > Total Cash Dividends Paid,2020-06-30,-426.77
4677,Cash Flow,Cash From Financing Activities > Total Cash Dividends Paid,2022-06-30,-274.1
4677,Cash Flow,Cash From Investing Activities,2019-06-30,-4449.07
4677,Cash Flow,Cash From Investing Activities,2020-06-30,-3042.98
4677,Cash Flow,Cash From Investing Activities,2021-06-30,-1109.49
4677,Cash Flow,Cash From Investing Activities,2022-06-30,-907.32
4677,Cash Flow,Cash From Investing Activities > Capital Expenditures,2019-06-30,-2416.32
4677,Cash Flow,Cash From Investing Activities > Capital Expenditures,2020-06-30,-1755.06
4677,Cash Flow,Cash From Investing Activities > Capital Expenditures,2021-06-30,-1910.84
4677,Cash Flow,Cash From Investing Activities > Capital Expenditures,2022-06-30,-1906.35
4677,Cash Flow,"Cash From Investing Activities > Other Investing Cash Flow Items, Total",2019-06-30,-2032.76
4677,Cash Flow,"Cash From Investing Activities > Other Investing Cash Flow Items, Total",2020-06-30,-1287.92
4677,Cash Flow,"Cash From Investing Activities > Other Investing Cash Flow Items, Total",2021-06-30,801.36
4677,Cash Flow,"Cash From Investing Activities > Other Investing Cash Flow Items, Total",2022-06-30,999.02
4677,Cash Flow,Cash From Operating Activities,2019-06-30,2770.26
4677,Cash Flow,Cash From Operating Activities,2020-06-30,3042.7
4677,Cash Flow,Cash From Operating Activities,2021-06-30,3010.3
4677,Cash Flow,Cash From Operating Activities,2022-06-30,1544.16
4677,Cash Flow,Cash From Operating Activities > Amortization,2019-06-30,10.81
4677,Cash Flow,Cash From Operating Activities > Amortization,2020-06-30,69.61
4677,Cash Flow,Cash From Operating Activities > Amortization,2021-06-30,16.2
4677,Cash Flow,Cash From Operating Activities > Amortization,2022-06-30,7.05
4677,Cash Flow,Cash From Operating Activities > Cash Interest Paid,2019-06-30,1659.98
4677,Cash Flow,Cash From Operating Activities > Cash Interest Paid,2020-06-30,1723.49
4677,Cash Flow,Cash From Operating Activities > Cash Interest Paid,2021-06-30,1364.15
4677,Cash Flow,Cash From Operating Activities > Cash Interest Paid,2022-06-30,1446.68
4677,Cash Flow,Cash From Operating Activities > Cash Taxes Paid,2019-06-30,306.56
4677,Cash Flow,Cash From Operating Activities > Cash Taxes Paid,2020-06-30,311.94
4677,Cash Flow,Cash From Operating Activities > Cash Taxes Paid,2021-06-30,277.01
4677,Cash Flow,Cash From Operating Activities > Cash Taxes Paid,2022-06-30,297.76
4677,Cash Flow,Cash From Operating Activities > Changes in Working Capital,2019-06-30,-950.75
4677,Cash Flow,Cash From Operating Activities > Changes in Working Capital,2020-06-30,-490.05
4677,Cash Flow,Cash From Operating Activities > Changes in Working Capital,2021-06-30,706.69
4677,Cash Flow,Cash From Operating Activities > Changes in Working Capital,2022-06-30,-746.49
4677,Cash Flow,Cash From Operating Activities > Depreciation/Depletion,2019-06-30,1497.59
4677,Cash Flow,Cash From Operating Activities > Depreciation/Depletion,2020-06-30,1748.32
4677,Cash Flow,Cash From Operating Activities > Depreciation/Depletion,2021-06-30,1824.56
4677,Cash Flow,Cash From Operating Activities > Depreciation/Depletion,2022-06-30,1793.71
4677,Cash Flow,Cash From Operating Activities > Non-Cash Items,2019-06-30,1176.12
4677,Cash Flow,Cash From Operating Activities > Non-Cash Items,2020-06-30,1295.54
4677,Cash Flow,Cash From Operating Activities > Non-Cash Items,2021-06-30,758.82
4677,Cash Flow,Cash From Operating Activities > Non-Cash Items,2022-06-30,-182.68
4677,Cash Flow,Ending Cash Balance,2019-06-30,1171.01
4677,Cash Flow,Ending Cash Balance,2021-06-30,2155.87
4677,Cash Flow,Ending Cash Balance,2022-06-30,3167.82
4677,Cash Flow,Foreign Exchange Effects,2019-06-30,190.14
4677,Cash Flow,Foreign Exchange Effects,2020-06-30,143.99
4677,Cash Flow,Foreign Exchange Effects,2021-06-30,352.8
4677,Cash Flow,Free Cash Flow,2019-06-30,353.94
4677,Cash Flow,Free Cash Flow,2020-06-30,1316.55
4677,Cash Flow,Free Cash Flow,2021-06-30,1523.39
4677,Cash Flow,Free Cash Flow,2022-06-30,-212.57
4677,Cash Flow,Free Cash Flow Growth,2020-06-30,791.39
4677,Cash Flow,Free Cash Flow Growth,2021-06-30,15.71
4677,Cash Flow,Free Cash Flow Growth,2022-06-30,-113.95
4677,Cash Flow,Free Cash Flow Yield,2021-06-30,15.01
4677,Cash Flow,Free Cash Flow Yield,2022-06-30,-6.72
4677,Cash Flow,Net Change in Cash,2019-06-30,162.18
4677,Cash Flow,Net Change in Cash,2020-06-30,-663.76
4677,Cash Flow,Net Change in Cash,2021-06-30,2552.53
4677,Cash Flow,Net Change in Cash,2022-06-30,-2355.93
4677,Cash Flow,Net Income/Starting Line,2019-06-30,1036.51
4677,Cash Flow,Net Income/Starting Line,2020-06-30,419.29
4677,Cash Flow,Net Income/Starting Line,2021-06-30,-367.66
4677,Cash Flow,Net Income/Starting Line,2022-06-30,545.39
4677,Income Statement,"Cost of Revenue, Total",2019-06-30,13940.47
4677,Income Statement,"Cost of Revenue, Total",2020-06-30,15594.78
4677,Income Statement,"Cost of Revenue, Total",2021-06-30,14111.19
4677,Income Statement,"Cost of Revenue, Total",2022-06-30,20618.66
4677,Income Statement,DPS - Common Stock Primary Issue,2019-06-30,0.04
4677,Income Statement,DPS - Common Stock Primary Issue,2021-06-30,0.025
4677,Income Statement,DPS - Common Stock Primary Issue,2022-06-30,0.03
4677,Income Statement,Diluted EPS Excluding Extraordinary Items,2019-06-30,0.02
4677,Income Statement,Diluted EPS Excluding Extraordinary Items,2020-06-30,-0.02
4677,Income Statement,Diluted EPS Excluding Extraordinary Items,2021-06-30,-0.034
4677,Income Statement,Diluted EPS Excluding Extraordinary Items,2022-06-30,0.05
4677,Income Statement,Diluted Net Income,2019-06-30,242.59
4677,Income Statement,Diluted Net Income,2020-06-30,-189.22
4677,Income Statement,Diluted Net Income,2021-06-30,-367.21
4677,Income Statement,Diluted Net Income,2022-06-30,544.97
4677,Income Statement,Diluted Normalized EPS,2019-06-30,0.02
4677,Income Statement,Diluted Normalized EPS,2020-06-30,-0.01
4677,Income Statement,Diluted Normalized EPS,2021-06-30,0.033
4677,Income Statement,Diluted Normalized EPS,2022-06-30,0.031
4677,Income Statement,Diluted Weighted Average Shares,2019-06-30,10922.31
4677,Income Statement,Diluted Weighted Average Shares,2020-06-30,11003.82
4677,Income Statement,Diluted Weighted Average Shares,2021-06-30,10864.16
4677,Income Statement,Diluted Weighted Average Shares,2022-06-30,10965.26
4677,Income Statement,Dilution Adjustment,2021-06-30,-0.455
4677,Income Statement,Dilution Adjustment,2022-06-30,0.421
4677,Income Statement,Gross Profit,2019-06-30,4107.06
4677,Income Statement,Gross Profit,2020-06-30,3583.67
4677,Income Statement,Gross Profit,2021-06-30,3159.23
4677,Income Statement,Gross Profit,2022-06-30,3622.84
4677,Income Statement,Income Available to Common Excluding Extraordinary Items,2019-06-30,242.59
4677,Income Statement,Income Available to Common Excluding Extraordinary Items,2020-06-30,-189.22
4677,Income Statement,Income Available to Common Excluding Extraordinary Items,2021-06-30,-367.66
4677,Income Statement,Income Available to Common Excluding Extraordinary Items,2022-06-30,545.39
4677,Income Statement,"Interest Income (Expense), Net Non-Operating",2019-06-30,-1336.4
4677,Income Statement,"Interest Income (Expense), Net Non-Operating",2020-06-30,-1603.55
4677,Income Statement,"Interest Income (Expense), Net Non-Operating",2021-06-30,-1159.52
4677,Income Statement,Minority Interest,2019-06-30,-478.77
4677,Income Statement,Minority Interest,2020-06-30,-193.88
4677,Income Statement,Minority Interest,2021-06-30,3549.48
4677,Income Statement,Minority Interest,2022-06-30,4580.74
4677,Income Statement,Net Income,2019-06-30,242.59
4677,Income Statement,Net Income,2020-06-30,-189.22
4677,Income Statement,Net Income,2021-06-30,-367.66
4677,Income Statement,Net Income,2022-06-30,545.39
4677,Income Statement,Net Income After Taxes,2019-06-30,721.36
4677,Income Statement,Net Income After Taxes,2020-06-30,4.66
4677,Income Statement,Net Income After Taxes,2021-06-30,-327.38
4677,Income Statement,Net Income After Taxes,2022-06-30,1179.93
4677,Income Statement,Net Income Before Extraordinary Items,2019-06-30,242.59
4677,Income Statement,Net Income Before Extraordinary Items,2020-06-30,-189.22
4677,Income Statement,Net Income Before Extraordinary Items,2021-06-30,-367.66
4677,Income Statement,Net Income Before Extraordinary Items,2022-06-30,545.39
4677,Income Statement,Net Income Before Taxes,2019-06-30,1036.51
4677,Income Statement,Net Income Before Taxes,2020-06-30,419.29
4677,Income Statement,Net Income Before Taxes,2021-06-30,631.79
4677,Income Statement,Net Income Before Taxes,2022-06-30,1548.94
4677,Income Statement,Operating Income,2019-06-30,2372.91
4677,Income Statement,Operating Income,2020-06-30,2006.95
4677,Income Statement,Operating Income,2021-06-30,1777.43
4677,Income Statement,Operating Income,2022-06-30,2699.17
4677,Income Statement,"Other, Net",2020-06-30,1587.65
4677,Income Statement,"Other, Net",2021-06-30,1145.63
4677,Income Statement,"Other, Net",2022-06-30,1150.23
4677,Income Statement,Provision for Income Taxes,2019-06-30,315.15
4677,Income Statement,Provision for Income Taxes,2020-06-30,414.64
4677,Income Statement,Provision for Income Taxes,2021-06-30,959.18
4677,Income Statement,Provision for Income Taxes,2022-06-30,369.0
4677,Income Statement,Total Operating Expenses,2019-06-30,15674.62
4677,Income Statement,Total Operating Expenses,2020-06-30,17171.5
4677,Income Statement,Total Operating Expenses,2021-06-30,15492.99
4677,Income Statement,Total Operating Expenses,2022-06-30,21542.33
4677,Income Statement,Total Operating Expenses > Interest Expense (Income) - Net Operating,2021-06-30,-1541.16
4677,Income Statement,Total Operating Expenses > Interest Expense (Income) - Net Operating,2022-06-30,-1580.38
4677,Income Statement,"Total Operating Expenses > Other Operating Expenses, Total",2019-06-30,-4.71
4677,Income Statement,"Total Operating Expenses > Other Operating Expenses, Total",2020-06-30,1505.86
4677,Income Statement,"Total Operating Expenses > Other Operating Expenses, Total",2021-06-30,1245.23
4677,Income Statement,"Total Operating Expenses > Other Operating Expenses, Total",2022-06-30,715.36
4677,Income Statement,"Total Operating Expenses > Selling/General/Admin. Expenses, Total",2019-06-30,1738.86
4677,Income Statement,"Total Operating Expenses > Selling/General/Admin. Expenses, Total",2020-06-30,1899.82
4677,Income Statement,"Total Operating Expenses > Selling/General/Admin. Expenses, Total",2021-06-30,1677.72
4677,Income Statement,"Total Operating Expenses > Selling/General/Admin. Expenses, Total",2022-06-30,1788.7
4677,Income Statement,Total Revenue,2019-06-30,18047.53
4677,Income Statement,Total Revenue,2020-06-30,19178.45
4677,Income Statement,Total Revenue,2021-06-30,17270.42
4677,Income Statement,Total Revenue,2022-06-30,24241.5
4677,Income Statement,Total Revenue > Revenue,2019-06-30,18047.53
4677,Income Statement,Total Revenue > Revenue,2020-06-30,19178.45
4677,Income Statement,Total Revenue > Revenue,2021-06-30,17270.42
4677,Income Statement,Total Revenue > Revenue,2022-06-30,24241.5
4863,Balance Sheet,Total Assets,2019-12-31,25599.7
4863,Balance Sheet,Total Assets,2020-12-31,24278.5
4863,Balance Sheet,Total Assets,2021-12-31,22831.1
4863,Balance Sheet,Total Assets,2022-12-31,23131.3
4863,Balance Sheet,"Total Assets > Accumulated Depreciation, Total",2019-12-31,-47164.9
4863,Balance Sheet,"Total Assets > Accumulated Depreciation, Total",2020-12-31,-49024.0
4863,Balance Sheet,"Total Assets > Accumulated Depreciation, Total",2021-12-31,-51056.1
4863,Balance Sheet,"Total Assets > Goodwill, Net",2019-12-31,309.6
4863,Balance Sheet,"Total Assets > Goodwill, Net",2020-12-31,309.6
4863,Balance Sheet,"Total Assets > Goodwill, Net",2021-12-31,309.6
4863,Balance Sheet,"Total Assets > Intangibles, Net",2019-12-31,183.6
4863,Balance Sheet,"Total Assets > Intangibles, Net",2020-12-31,184.2
4863,Balance Sheet,"Total Assets > Intangibles, Net",2021-12-31,355.8
4863,Balance Sheet,"Total Assets > Intangibles, Net",2022-12-31,745.8
4863,Balance Sheet,Total Assets > Long Term Investments,2019-12-31,270.5
4863,Balance Sheet,Total Assets > Long Term Investments,2020-12-31,523.7
4863,Balance Sheet,Total Assets > Long Term Investments,2021-12-31,537.5
4863,Balance Sheet,Total Assets > Long Term Investments,2022-12-31,540.0
4863,Balance Sheet,Total Assets > Note Receivable - Long Term,2019-12-31,693.0
4863,Balance Sheet,Total Assets > Note Receivable - Long Term,2020-12-31,685.7
4863,Balance Sheet,Total Assets > Note Receivable - Long Term,2021-12-31,723.1
4863,Balance Sheet,Total Assets > Note Receivable - Long Term,2022-12-31,8.4
4863,Balance Sheet,"Total Assets > Other Assets, Total",2022-12-31,-2202.1
4863,Balance Sheet,"Total Assets > Other Long Term Assets, Total",2019-12-31,176.9
4863,Balance Sheet,"Total Assets > Other Long Term Assets, Total",2020-12-31,161.7
4863,Balance Sheet,"Total Assets > Other Long Term Assets, Total",2021-12-31,167.6
4863,Balance Sheet,"Total Assets > Property/Plant/Equipment, Total - Gross",2019-12-31,62539.6
4863,Balance Sheet,"Total Assets > Property/Plant/Equipment, Total - Gross",2020-12-31,63996.9
4863,Balance Sheet,"Total Assets > Property/Plant/Equipment, Total - Gross",2021-12-31,65620.4
4863,Balance Sheet,"Total Assets > Property/Plant/Equipment, Total - Net",2019-12-31,15374.7
4863,Balance Sheet,"Total Assets > Property/Plant/Equipment, Total - Net",2020-12-31,14972.9
4863,Balance Sheet,"Total Assets > Property/Plant/Equipment, Total - Net",2021-12-31,14564.3
4863,Balance Sheet,"Total Assets > Property/Plant/Equipment, Total - Net",2022-12-31,14700.7
4863,Balance Sheet,Total Common Shares Outstanding,2019-12-31,3765.7
4863,Balance Sheet,Total Common Shares Outstanding,2020-12-31,3773.6
4863,Balance Sheet,Total Common Shares Outstanding,2021-12-31,3773.7
4863,Balance Sheet,Total Current Assets,2019-12-31,8591.4
4863,Balance Sheet,Total Current Assets,2020-12-31,7440.7
4863,Balance Sheet,Total Current Assets,2021-12-31,6173.2
4863,Balance Sheet,Total Current Assets,2022-12-31,6399.4
4863,Balance Sheet,"Total Current Assets > Accounts Receivables - Trade, Net",2019-12-31,2245.0
4863,Balance Sheet,"Total Current Assets > Accounts Receivables - Trade, Net",2020-12-31,2017.3
4863,Balance Sheet,"Total Current Assets > Accounts Receivables - Trade, Net",2021-12-31,2209.6
4863,Balance Sheet,Total Current Assets > Cash,2019-12-31,689.0
4863,Balance Sheet,Total Current Assets > Cash,2020-12-31,633.6
4863,Balance Sheet,Total Current Assets > Cash,2021-12-31,621.0
4863,Balance Sheet,Total Current Assets > Cash & Equivalents,2022-12-31,2579.4
4863,Balance Sheet,Total Current Assets > Cash and Short Term Investments,2019-12-31,5083.7
4863,Balance Sheet,Total Current Assets > Cash and Short Term Investments,2020-12-31,4469.7
4863,Balance Sheet,Total Current Assets > Cash and Short Term Investments,2021-12-31,2830.8
4863,Balance Sheet,"Total Current Assets > Other Current Assets, Total",2019-12-31,315.3
4863,Balance Sheet,"Total Current Assets > Other Current Assets, Total",2020-12-31,285.6
4863,Balance Sheet,"Total Current Assets > Other Current Assets, Total",2021-12-31,379.2
4863,Balance Sheet,"Total Current Assets > Other Current Assets, Total",2022-12-31,420.7
4863,Balance Sheet,Total Current Assets > Prepaid Expenses,2019-12-31,213.6
4863,Balance Sheet,Total Current Assets > Prepaid Expenses,2020-12-31,229.4
4863,Balance Sheet,Total Current Assets > Prepaid Expenses,2021-12-31,249.1
4863,Balance Sheet,Total Current Assets > Short Term Investments,2019-12-31,4394.7
4863,Balance Sheet,Total Current Assets > Short Term Investments,2020-12-31,3836.1
4863,Balance Sheet,Total Current Assets > Short Term Investments,2021-12-31,2209.8
4863,Balance Sheet,Total Current Assets > Total Inventory,2019-12-31,102.0
4863,Balance Sheet,Total Current Assets > Total Inventory,2020-12-31,99.2
4863,Balance Sheet,Total Current Assets > Total Inventory,2021-12-31,176.9
4863,Balance Sheet,Total Current Assets > Total Inventory,2022-12-31,305.4
4863,Balance Sheet,"Total Current Assets > Total Receivables, Net",2019-12-31,2876.8
4863,Balance Sheet,"Total Current Assets > Total Receivables, Net",2020-12-31,2356.8
4863,Balance Sheet,"Total Current Assets > Total Receivables, Net",2021-12-31,2537.2
4863,Balance Sheet,"Total Current Assets > Total Receivables, Net",2022-12-31,3023.1
4863,Balance Sheet,Total Current Liabilities,2019-12-31,6476.4
4863,Balance Sheet,Total Current Liabilities,2020-12-31,5807.6
4863,Balance Sheet,Total Current Liabilities,2021-12-31,5433.7
4863,Balance Sheet,Total Current Liabilities,2022-12-31,5457.3
4863,Balance Sheet,Total Current Liabilities > Accounts Payable,2022-12-31,3718.0
4863,Balance Sheet,Total Current Liabilities > Current Port. of LT Debt/Capital Leases,2019-12-31,1330.1
4863,Balance Sheet,Total Current Liabilities > Current Port. of LT Debt/Capital Leases,2020-12-31,1151.2
4863,Balance Sheet,Total Current Liabilities > Current Port. of LT Debt/Capital Leases,2021-12-31,711.9
4863,Balance Sheet,Total Current Liabilities > Current Port. of LT Debt/Capital Leases,2022-12-31,540.0
4863,Balance Sheet,"Total Current Liabilities > Other Current liabilities, Total",2019-12-31,3025.9
4863,Balance Sheet,"Total Current Liabilities > Other Current liabilities, Total",2020-12-31,2733.2
4863,Balance Sheet,"Total Current Liabilities > Other Current liabilities, Total",2021-12-31,2652.4
4863,Balance Sheet,"Total Current Liabilities > Other Current liabilities, Total",2022-12-31,1199.3
4863,Balance Sheet,Total Current Liabilities > Payable/Accrued,2019-12-31,2120.4
4863,Balance Sheet,Total Current Liabilities > Payable/Accrued,2020-12-31,1923.2
4863,Balance Sheet,Total Current Liabilities > Payable/Accrued,2021-12-31,2069.4
4863,Balance Sheet,Total Equity,2019-12-31,7353.3
4863,Balance Sheet,Total Equity,2020-12-31,7124.6
4863,Balance Sheet,Total Equity,2021-12-31,7502.5
4863,Balance Sheet,Total Equity,2022-12-31,8089.1
4863,Balance Sheet,"Total Equity > Common Stock, Total",2019-12-31,3698.6
4863,Balance Sheet,"Total Equity > Common Stock, Total",2020-12-31,3728.6
4863,Balance Sheet,"Total Equity > Common Stock, Total",2021-12-31,3729.0
4863,Balance Sheet,"Total Equity > Common Stock, Total",2022-12-31,3986.5
4863,Balance Sheet,"Total Equity > Other Equity, Total",2019-12-31,171.7
4863,Balance Sheet,"Total Equity > Other Equity, Total",2020-12-31,156.0
4863,Balance Sheet,"Total Equity > Other Equity, Total",2021-12-31,189.2
4863,Balance Sheet,"Total Equity > Other Equity, Total",2022-12-31,372.6
4863,Balance Sheet,Total Equity > Retained Earnings (Accumulated Deficit),2019-12-31,3380.9
4863,Balance Sheet,Total Equity > Retained Earnings (Accumulated Deficit),2020-12-31,3142.3
4863,Balance Sheet,Total Equity > Retained Earnings (Accumulated Deficit),2021-12-31,3490.3
4863,Balance Sheet,Total Equity > Unrealized Gain (Loss),2019-12-31,102.1
4863,Balance Sheet,Total Equity > Unrealized Gain (Loss),2020-12-31,97.7
4863,Balance Sheet,Total Equity > Unrealized Gain (Loss),2021-12-31,94.0
4863,Balance Sheet,Total Liabilities,2019-12-31,18246.4
4863,Balance Sheet,Total Liabilities,2020-12-31,17153.9
4863,Balance Sheet,Total Liabilities,2021-12-31,15328.6
4863,Balance Sheet,Total Liabilities,2022-12-31,15042.2
4863,Balance Sheet,Total Liabilities & Shareholders' Equity,2019-12-31,25599.7
4863,Balance Sheet,Total Liabilities & Shareholders' Equity,2020-12-31,24278.5
4863,Balance Sheet,Total Liabilities & Shareholders' Equity,2021-12-31,22831.1
4863,Balance Sheet,Total Liabilities & Shareholders' Equity,2022-12-31,23131.3
4863,Balance Sheet,Total Liabilities > Capital Lease Obligations,2019-12-31,1619.1
4863,Balance Sheet,Total Liabilities > Capital Lease Obligations,2020-12-31,1587.1
4863,Balance Sheet,Total Liabilities > Capital Lease Obligations,2021-12-31,1553.4
4863,Balance Sheet,Total Liabilities > Capital Lease Obligations,2022-12-31,1544.2
4863,Balance Sheet,Total Liabilities > Deferred Income Tax,2019-12-31,1424.1
4863,Balance Sheet,Total Liabilities > Deferred Income Tax,2020-12-31,1460.8
4863,Balance Sheet,Total Liabilities > Deferred Income Tax,2021-12-31,1499.0
4863,Balance Sheet,Total Liabilities > Long Term Debt,2019-12-31,7698.8
4863,Balance Sheet,Total Liabilities > Long Term Debt,2020-12-31,6796.1
4863,Balance Sheet,Total Liabilities > Long Term Debt,2021-12-31,5338.4
4863,Balance Sheet,Total Liabilities > Long Term Debt,2022-12-31,4959.6
4863,Balance Sheet,Total Liabilities > Minority Interest,2019-12-31,-800.2
4863,Balance Sheet,Total Liabilities > Minority Interest,2020-12-31,-149.3
4863,Balance Sheet,Total Liabilities > Minority Interest,2021-12-31,-174.6
4863,Balance Sheet,"Total Liabilities > Other Liabilities, Total",2019-12-31,1828.2
4863,Balance Sheet,"Total Liabilities > Other Liabilities, Total",2020-12-31,1651.6
4863,Balance Sheet,"Total Liabilities > Other Liabilities, Total",2021-12-31,1678.7
4863,Balance Sheet,"Total Liabilities > Other Liabilities, Total",2022-12-31,1502.7
4863,Balance Sheet,Total Liabilities > Total Long Term Debt,2019-12-31,9317.9
4863,Balance Sheet,Total Liabilities > Total Long Term Debt,2020-12-31,8383.2
4863,Balance Sheet,Total Liabilities > Total Long Term Debt,2021-12-31,6891.8
4863,Balance Sheet,Total Liabilities > Total Long Term Debt,2022-12-31,6503.8
4863,Cash Flow,Beginning Cash Balance,2019-12-31,2888.8
4863,Cash Flow,Beginning Cash Balance,2022-12-31,2115.1
4863,Cash Flow,Cash From Financing Activities,2019-12-31,-284.8
4863,Cash Flow,Cash From Financing Activities,2020-12-31,-2071.4
4863,Cash Flow,Cash From Financing Activities,2021-12-31,-2946.1
4863,Cash Flow,Cash From Financing Activities,2022-12-31,-1465.6
4863,Cash Flow,Cash From Financing Activities > Financing Cash Flow Items,2020-12-31,-2.0
4863,Cash Flow,Cash From Financing Activities > Financing Cash Flow Items,2021-12-31,-8.0
4863,Cash Flow,Cash From Financing Activities > Financing Cash Flow Items,2022-12-31,-7.7
4863,Cash Flow,"Cash From Financing Activities > Issuance (Retirement) of Debt, Net",2019-12-31,-209.6
4863,Cash Flow,"Cash From Financing Activities > Issuance (Retirement) of Debt, Net",2020-12-31,-1436.2
4863,Cash Flow,"Cash From Financing Activities > Issuance (Retirement) of Debt, Net",2021-12-31,-2390.9
4863,Cash Flow,"Cash From Financing Activities > Issuance (Retirement) of Debt, Net",2022-12-31,-1071.0
4863,Cash Flow,Cash From Financing Activities > Total Cash Dividends Paid,2019-12-31,-75.2
4863,Cash Flow,Cash From Financing Activities > Total Cash Dividends Paid,2020-12-31,-633.2
4863,Cash Flow,Cash From Financing Activities > Total Cash Dividends Paid,2021-12-31,-547.2
4863,Cash Flow,Cash From Financing Activities > Total Cash Dividends Paid,2022-12-31,-386.9
4863,Cash Flow,Cash From Investing Activities,2019-12-31,-1184.3
4863,Cash Flow,Cash From Investing Activities,2020-12-31,-1246.7
4863,Cash Flow,Cash From Investing Activities,2021-12-31,-2320.2
4863,Cash Flow,Cash From Investing Activities,2022-12-31,-1334.9
4863,Cash Flow,Cash From Investing Activities > Capital Expenditures,2019-12-31,-1498.8
4863,Cash Flow,Cash From Investing Activities > Capital Expenditures,2020-12-31,-1437.1
4863,Cash Flow,Cash From Investing Activities > Capital Expenditures,2021-12-31,-1903.7
4863,Cash Flow,Cash From Investing Activities > Capital Expenditures,2022-12-31,-2663.8
4863,Cash Flow,"Cash From Investing Activities > Other Investing Cash Flow Items, Total",2019-12-31,314.5
4863,Cash Flow,"Cash From Investing Activities > Other Investing Cash Flow Items, Total",2020-12-31,190.4
4863,Cash Flow,"Cash From Investing Activities > Other Investing Cash Flow Items, Total",2021-12-31,-416.5
4863,Cash Flow,"Cash From Investing Activities > Other Investing Cash Flow Items, Total",2022-12-31,1328.9
4863,Cash Flow,Cash From Operating Activities,2019-12-31,3502.0
4863,Cash Flow,Cash From Operating Activities,2020-12-31,2686.4
4863,Cash Flow,Cash From Operating Activities,2021-12-31,2975.6
4863,Cash Flow,Cash From Operating Activities > Cash Interest Paid,2019-12-31,-464.6
4863,Cash Flow,Cash From Operating Activities > Cash Interest Paid,2020-12-31,-392.3
4863,Cash Flow,Cash From Operating Activities > Cash Interest Paid,2021-12-31,-375.9
4863,Cash Flow,Cash From Operating Activities > Cash Payments,2019-12-31,-7110.6
4863,Cash Flow,Cash From Operating Activities > Cash Payments,2020-12-31,-7045.9
4863,Cash Flow,Cash From Operating Activities > Cash Payments,2021-12-31,-6986.5
4863,Cash Flow,Cash From Operating Activities > Cash Receipts,2019-12-31,11330.0
4863,Cash Flow,Cash From Operating Activities > Cash Receipts,2020-12-31,10542.9
4863,Cash Flow,Cash From Operating Activities > Cash Receipts,2021-12-31,10680.5
4863,Cash Flow,Cash From Operating Activities > Cash Taxes Paid,2019-12-31,-252.8
4863,Cash Flow,Cash From Operating Activities > Cash Taxes Paid,2020-12-31,-418.3
4863,Cash Flow,Cash From Operating Activities > Cash Taxes Paid,2021-12-31,-342.5
4863,Cash Flow,Cash From Operating Activities > Non-Cash Items,2022-12-31,-740.4
4863,Cash Flow,Ending Cash Balance,2019-12-31,4918.4
4863,Cash Flow,Ending Cash Balance,2022-12-31,2579.4
4863,Cash Flow,Foreign Exchange Effects,2019-12-31,-3.3
4863,Cash Flow,Foreign Exchange Effects,2020-12-31,-8.0
4863,Cash Flow,Foreign Exchange Effects,2021-12-31,24.3
4863,Cash Flow,Free Cash Flow,2019-12-31,2003.2
4863,Cash Flow,Free Cash Flow,2022-12-31,1046.86
4863,Cash Flow,Free Cash Flow Growth,2022-12-31,-9.91
4863,Cash Flow,Net Change in Cash,2019-12-31,2029.6
4863,Cash Flow,Net Change in Cash,2020-12-31,-639.7
4863,Cash Flow,Net Change in Cash,2021-12-31,-2266.4
4863,Cash Flow,Net Income/Starting Line,2022-12-31,1143.3
4863,Income Statement,"Cost of Revenue, Total",2019-12-31,5366.7
4863,Income Statement,"Cost of Revenue, Total",2020-12-31,4990.7
4863,Income Statement,"Cost of Revenue, Total",2021-12-31,5103.2
4863,Income Statement,"Cost of Revenue, Total",2022-12-31,7301.1
4863,Income Statement,DPS - Common Stock Primary Issue,2019-12-31,0.1
4863,Income Statement,DPS - Common Stock Primary Issue,2020-12-31,0.14
4863,Income Statement,DPS - Common Stock Primary Issue,2021-12-31,0.13
4863,Income Statement,DPS - Common Stock Primary Issue,2022-12-31,0.165
4863,Income Statement,Diluted EPS Excluding Extraordinary Items,2019-12-31,0.17
4863,Income Statement,Diluted EPS Excluding Extraordinary Items,2020-12-31,0.27
4863,Income Statement,Diluted EPS Excluding Extraordinary Items,2021-12-31,0.24
4863,Income Statement,Diluted Net Income,2019-12-31,632.7
4863,Income Statement,Diluted Net Income,2020-12-31,1016.0
4863,Income Statement,Diluted Net Income,2021-12-31,895.2
4863,Income Statement,Diluted Normalized EPS,2019-12-31,0.19
4863,Income Statement,Diluted Normalized EPS,2020-12-31,0.28
4863,Income Statement,Diluted Normalized EPS,2021-12-31,0.27
4863,Income Statement,Diluted Weighted Average Shares,2019-12-31,3787.3
4863,Income Statement,Diluted Weighted Average Shares,2020-12-31,3799.6
4863,Income Statement,Diluted Weighted Average Shares,2021-12-31,3808.1
4863,Income Statement,Dilution Adjustment,2022-12-31,-0.09
4863,Income Statement,Gross Profit,2019-12-31,6067.5
4863,Income Statement,Gross Profit,2020-12-31,5849.6
4863,Income Statement,Gross Profit,2021-12-31,6425.8
4863,Income Statement,Gross Profit,2022-12-31,4817.0
4863,Income Statement,Income Available to Common Excluding Extraordinary Items,2019-12-31,632.7
4863,Income Statement,Income Available to Common Excluding Extraordinary Items,2020-12-31,1016.0
4863,Income Statement,Income Available to Common Excluding Extraordinary Items,2021-12-31,895.2
4863,Income Statement,Income Available to Common Excluding Extraordinary Items,2022-12-31,1143.3
4863,Income Statement,"Interest Income (Expense), Net Non-Operating",2019-12-31,-382.3
4863,Income Statement,"Interest Income (Expense), Net Non-Operating",2020-12-31,-345.3
4863,Income Statement,"Interest Income (Expense), Net Non-Operating",2021-12-31,-456.5
4863,Income Statement,Minority Interest,2019-12-31,75.3
4863,Income Statement,Minority Interest,2020-12-31,20.0
4863,Income Statement,Minority Interest,2021-12-31,17.3
4863,Income Statement,Net Income,2019-12-31,632.7
4863,Income Statement,Net Income,2020-12-31,1016.0
4863,Income Statement,Net Income,2021-12-31,895.2
4863,Income Statement,Net Income,2022-12-31,1143.3
4863,Income Statement,Net Income After Taxes,2019-12-31,557.4
4863,Income Statement,Net Income After Taxes,2020-12-31,996.0
4863,Income Statement,Net Income After Taxes,2021-12-31,877.9
4863,Income Statement,Net Income Before Extraordinary Items,2019-12-31,632.7
4863,Income Statement,Net Income Before Extraordinary Items,2020-12-31,1016.0
4863,Income Statement,Net Income Before Extraordinary Items,2021-12-31,895.2
4863,Income Statement,Net Income Before Extraordinary Items,2022-12-31,1143.3
4863,Income Statement,Net Income Before Taxes,2019-12-31,925.1
4863,Income Statement,Net Income Before Taxes,2020-12-31,1278.5
4863,Income Statement,Net Income Before Taxes,2021-12-31,1246.8
4863,Income Statement,Operating Income,2019-12-31,1299.7
4863,Income Statement,Operating Income,2020-12-31,1610.9
4863,Income Statement,Operating Income,2021-12-31,1694.4
4863,Income Statement,"Other, Net",2019-12-31,7.7
4863,Income Statement,"Other, Net",2020-12-31,12.9
4863,Income Statement,"Other, Net",2021-12-31,8.9
4863,Income Statement,Provision for Income Taxes,2019-12-31,367.7
4863,Income Statement,Provision for Income Taxes,2020-12-31,282.5
4863,Income Statement,Provision for Income Taxes,2021-12-31,368.9
4863,Income Statement,Total Operating Expenses,2019-12-31,10134.5
4863,Income Statement,Total Operating Expenses,2020-12-31,9229.4
4863,Income Statement,Total Operating Expenses,2021-12-31,9834.6
4863,Income Statement,Total Operating Expenses > Depreciation / Amortization,2019-12-31,2273.9
4863,Income Statement,Total Operating Expenses > Depreciation / Amortization,2020-12-31,2267.9
4863,Income Statement,Total Operating Expenses > Depreciation / Amortization,2021-12-31,2473.4
4863,Income Statement,Total Operating Expenses > Depreciation / Amortization,2022-12-31,2862.9
4863,Income Statement,Total Operating Expenses > Interest Expense (Income) - Net Operating,2019-12-31,259.5
4863,Income Statement,Total Operating Expenses > Interest Expense (Income) - Net Operating,2020-12-31,-21.3
4863,Income Statement,Total Operating Expenses > Interest Expense (Income) - Net Operating,2021-12-31,2.8
4863,Income Statement,Total Operating Expenses > Interest Expense (Income) - Net Operating,2022-12-31,-387.1
4863,Income Statement,"Total Operating Expenses > Other Operating Expenses, Total",2019-12-31,1323.2
4863,Income Statement,"Total Operating Expenses > Other Operating Expenses, Total",2020-12-31,1127.4
4863,Income Statement,"Total Operating Expenses > Other Operating Expenses, Total",2021-12-31,1346.2
4863,Income Statement,"Total Operating Expenses > Other Operating Expenses, Total",2022-12-31,259.6
4863,Income Statement,"Total Operating Expenses > Selling/General/Admin. Expenses, Total",2019-12-31,738.0
4863,Income Statement,"Total Operating Expenses > Selling/General/Admin. Expenses, Total",2020-12-31,802.4
4863,Income Statement,"Total Operating Expenses > Selling/General/Admin. Expenses, Total",2021-12-31,711.0
4863,Income Statement,Total Operating Expenses > Unusual Expense (Income),2019-12-31,173.2
4863,Income Statement,Total Operating Expenses > Unusual Expense (Income),2020-12-31,62.3
4863,Income Statement,Total Operating Expenses > Unusual Expense (Income),2021-12-31,198.0
4863,Income Statement,Total Revenue,2019-12-31,11434.2
4863,Income Statement,Total Revenue,2020-12-31,10840.3
4863,Income Statement,Total Revenue,2021-12-31,11529.0
4863,Income Statement,Total Revenue,2022-12-31,12118.1
4863,Income Statement,Total Revenue > Revenue,2019-12-31,11434.2
4863,Income Statement,Total Revenue > Revenue,2020-12-31,10840.3
4863,Income Statement,Total Revenue > Revenue,2021-12-31,11529.0
4863,Income Statement,Total Revenue > Revenue,2022-12-31,12118.1
5031,Balance Sheet,Total Assets,2019-12-31,3520.73
5031,Balance Sheet,Total Assets,2020-12-31,3900.58
5031,Balance Sheet,Total Assets,2021-12-31,4121.34
5031,Balance Sheet,Total Assets,2022-12-31,4189.39
5031,Balance Sheet,"Total Assets > Accumulated Depreciation, Total",2019-12-31,-1525.53
5031,Balance Sheet,"Total Assets > Accumulated Depreciation, Total",2020-12-31,-1660.78
5031,Balance Sheet,"Total Assets > Accumulated Depreciation, Total",2021-12-31,-1774.76
5031,Balance Sheet,"Total Assets > Goodwill, Net",2019-12-31,213.96
5031,Balance Sheet,"Total Assets > Goodwill, Net",2020-12-31,213.96
5031,Balance Sheet,"Total Assets > Goodwill, Net",2021-12-31,251.98
5031,Balance Sheet,"Total Assets > Intangibles, Net",2019-12-31,213.96
5031,Balance Sheet,"Total Assets > Intangibles, Net",2020-12-31,213.96
5031,Balance Sheet,"Total Assets > Intangibles, Net",2021-12-31,0.01
5031,Balance Sheet,"Total Assets > Intangibles, Net",2022-12-31,140.13
5031,Balance Sheet,Total Assets > Long Term Investments,2019-12-31,459.88
5031,Balance Sheet,Total Assets > Long Term Investments,2020-12-31,472.63
5031,Balance Sheet,Total Assets > Long Term Investments,2021-12-31,500.19
5031,Balance Sheet,Total Assets > Long Term Investments,2022-12-31,541.81
5031,Balance Sheet,Total Assets > Note Receivable - Long Term,2019-12-31,2.44
5031,Balance Sheet,Total Assets > Note Receivable - Long Term,2020-12-31,2.11
5031,Balance Sheet,Total Assets > Note Receivable - Long Term,2021-12-31,27.38
5031,Balance Sheet,Total Assets > Note Receivable - Long Term,2022-12-31,3.79
5031,Balance Sheet,"Total Assets > Other Assets, Total",2021-12-31,30.44
5031,Balance Sheet,"Total Assets > Other Assets, Total",2022-12-31,738.59
5031,Balance Sheet,"Total Assets > Other Long Term Assets, Total",2019-12-31,246.43
5031,Balance Sheet,"Total Assets > Other Long Term Assets, Total",2020-12-31,165.31
5031,Balance Sheet,"Total Assets > Other Long Term Assets, Total",2021-12-31,55.79
5031,Balance Sheet,"Total Assets > Other Long Term Assets, Total",2022-12-31,3.26
5031,Balance Sheet,"Total Assets > Property/Plant/Equipment, Total - Gross",2019-12-31,3222.65
5031,Balance Sheet,"Total Assets > Property/Plant/Equipment, Total - Gross",2020-12-31,3505.02
5031,Balance Sheet,"Total Assets > Property/Plant/Equipment, Total - Gross",2021-12-31,3735.98
5031,Balance Sheet,"Total Assets > Property/Plant/Equipment, Total - Gross",2022-12-31,3425.19
5031,Balance Sheet,"Total Assets > Property/Plant/Equipment, Total - Net",2019-12-31,1697.12
5031,Balance Sheet,"Total Assets > Property/Plant/Equipment, Total - Net",2020-12-31,1844.24
5031,Balance Sheet,"Total Assets > Property/Plant/Equipment, Total - Net",2021-12-31,1961.22
5031,Balance Sheet,"Total Assets > Property/Plant/Equipment, Total - Net",2022-12-31,1667.49
5031,Balance Sheet,Total Common Shares Outstanding,2019-12-31,1756.62
5031,Balance Sheet,Total Common Shares Outstanding,2020-12-31,1812.8
5031,Balance Sheet,Total Common Shares Outstanding,2021-12-31,1825.62
5031,Balance Sheet,Total Common Shares Outstanding,2022-12-31,1836.59
5031,Balance Sheet,Total Current Assets,2019-12-31,903.35
5031,Balance Sheet,Total Current Assets,2020-12-31,1202.33
5031,Balance Sheet,Total Current Assets,2021-12-31,1345.55
5031,Balance Sheet,"Total Current Assets > Accounts Receivables - Trade, Net",2019-12-31,259.83
5031,Balance Sheet,"Total Current Assets > Accounts Receivables - Trade, Net",2020-12-31,271.78
5031,Balance Sheet,"Total Current Assets > Accounts Receivables - Trade, Net",2021-12-31,320.67
5031,Balance Sheet,"Total Current Assets > Accounts Receivables - Trade, Net",2022-12-31,256.29
5031,Balance Sheet,Total Current Assets > Cash,2019-12-31,129.97
5031,Balance Sheet,Total Current Assets > Cash,2020-12-31,220.47
5031,Balance Sheet,Total Current Assets > Cash,2021-12-31,189.42
5031,Balance Sheet,Total Current Assets > Cash & Equivalents,2019-12-31,506.95
5031,Balance Sheet,Total Current Assets > Cash & Equivalents,2020-12-31,748.8
5031,Balance Sheet,Total Current Assets > Cash & Equivalents,2021-12-31,796.09
5031,Balance Sheet,Total Current Assets > Cash and Short Term Investments,2019-12-31,507.12
5031,Balance Sheet,Total Current Assets > Cash and Short Term Investments,2020-12-31,749.13
5031,Balance Sheet,Total Current Assets > Cash and Short Term Investments,2021-12-31,798.09
5031,Balance Sheet,Total Current Assets > Cash and Short Term Investments,2022-12-31,484.64
5031,Balance Sheet,"Total Current Assets > Other Current Assets, Total",2021-12-31,4.3
5031,Balance Sheet,"Total Current Assets > Other Current Assets, Total",2022-12-31,756.87
5031,Balance Sheet,Total Current Assets > Prepaid Expenses,2019-12-31,20.44
5031,Balance Sheet,Total Current Assets > Prepaid Expenses,2020-12-31,8.52
5031,Balance Sheet,Total Current Assets > Prepaid Expenses,2021-12-31,17.79
5031,Balance Sheet,Total Current Assets > Short Term Investments,2019-12-31,377.15
5031,Balance Sheet,Total Current Assets > Short Term Investments,2020-12-31,528.66
5031,Balance Sheet,Total Current Assets > Short Term Investments,2021-12-31,608.67
5031,Balance Sheet,"Total Current Assets > Total Receivables, Net",2019-12-31,375.79
5031,Balance Sheet,"Total Current Assets > Total Receivables, Net",2020-12-31,444.69
5031,Balance Sheet,"Total Current Assets > Total Receivables, Net",2021-12-31,525.37
5031,Balance Sheet,"Total Current Assets > Total Receivables, Net",2022-12-31,567.63
5031,Balance Sheet,Total Current Liabilities,2019-12-31,396.48
5031,Balance Sheet,Total Current Liabilities,2020-12-31,386.46
5031,Balance Sheet,Total Current Liabilities,2021-12-31,400.94
5031,Balance Sheet,Total Current Liabilities,2022-12-31,562.38
5031,Balance Sheet,Total Current Liabilities > Accounts Payable,2019-12-31,113.38
5031,Balance Sheet,Total Current Liabilities > Accounts Payable,2020-12-31,128.85
5031,Balance Sheet,Total Current Liabilities > Accounts Payable,2021-12-31,137.47
5031,Balance Sheet,Total Current Liabilities > Accounts Payable,2022-12-31,359.48
5031,Balance Sheet,Total Current Liabilities > Accrued Expenses,2019-12-31,96.16
5031,Balance Sheet,Total Current Liabilities > Accrued Expenses,2020-12-31,110.69
5031,Balance Sheet,Total Current Liabilities > Accrued Expenses,2021-12-31,109.82
5031,Balance Sheet,Total Current Liabilities > Current Port. of LT Debt/Capital Leases,2019-12-31,28.39
5031,Balance Sheet,Total Current Liabilities > Current Port. of LT Debt/Capital Leases,2020-12-31,32.81
5031,Balance Sheet,Total Current Liabilities > Current Port. of LT Debt/Capital Leases,2021-12-31,42.71
5031,Balance Sheet,Total Current Liabilities > Current Port. of LT Debt/Capital Leases,2022-12-31,19.51
5031,Balance Sheet,Total Current Liabilities > Notes Payable/Short Term Debt,2019-12-31,55.79
5031,Balance Sheet,Total Current Liabilities > Notes Payable/Short Term Debt,2020-12-31,4.17
5031,Balance Sheet,Total Current Liabilities > Notes Payable/Short Term Debt,2022-12-31,7.3
5031,Balance Sheet,"Total Current Liabilities > Other Current liabilities, Total",2019-12-31,102.76
5031,Balance Sheet,"Total Current Liabilities > Other Current liabilities, Total",2020-12-31,109.95
5031,Balance Sheet,"Total Current Liabilities > Other Current liabilities, Total",2021-12-31,110.94
5031,Balance Sheet,"Total Current Liabilities > Other Current liabilities, Total",2022-12-31,279.42
5031,Balance Sheet,Total Current Liabilities > Payable/Accrued,2019-12-31,308.49
5031,Balance Sheet,Total Current Liabilities > Payable/Accrued,2020-12-31,344.33
5031,Balance Sheet,Total Current Liabilities > Payable/Accrued,2021-12-31,349.81
5031,Balance Sheet,Total Equity,2019-12-31,2766.86
5031,Balance Sheet,Total Equity,2020-12-31,3044.93
5031,Balance Sheet,Total Equity,2021-12-31,3141.3
5031,Balance Sheet,Total Equity,2022-12-31,3127.73
5031,Balance Sheet,"Total Equity > Common Stock, Total",2019-12-31,1200.13
5031,Balance Sheet,"Total Equity > Common Stock, Total",2020-12-31,1340.47
5031,Balance Sheet,"Total Equity > Common Stock, Total",2021-12-31,1379.15
5031,Balance Sheet,"Total Equity > Other Equity, Total",2019-12-31,40.28
5031,Balance Sheet,"Total Equity > Other Equity, Total",2020-12-31,35.18
5031,Balance Sheet,"Total Equity > Other Equity, Total",2021-12-31,28.66
5031,Balance Sheet,"Total Equity > Other Equity, Total",2022-12-31,97.68
5031,Balance Sheet,Total Equity > Retained Earnings (Accumulated Deficit),2019-12-31,1515.42
5031,Balance Sheet,Total Equity > Retained Earnings (Accumulated Deficit),2020-12-31,1656.14
5031,Balance Sheet,Total Equity > Retained Earnings (Accumulated Deficit),2021-12-31,1707.7
5031,Balance Sheet,Total Equity > Retained Earnings (Accumulated Deficit),2022-12-31,1611.49
5031,Balance Sheet,Total Equity > Unrealized Gain (Loss),2019-12-31,11.03
5031,Balance Sheet,Total Equity > Unrealized Gain (Loss),2020-12-31,13.13
5031,Balance Sheet,Total Equity > Unrealized Gain (Loss),2021-12-31,25.8
5031,Balance Sheet,Total Liabilities,2019-12-31,753.88
5031,Balance Sheet,Total Liabilities,2020-12-31,855.66
5031,Balance Sheet,Total Liabilities,2021-12-31,957.8
5031,Balance Sheet,Total Liabilities,2022-12-31,1061.66
5031,Balance Sheet,Total Liabilities & Shareholders' Equity,2019-12-31,3520.73
5031,Balance Sheet,Total Liabilities & Shareholders' Equity,2020-12-31,3900.58
5031,Balance Sheet,Total Liabilities & Shareholders' Equity,2021-12-31,4121.34
5031,Balance Sheet,Total Liabilities & Shareholders' Equity,2022-12-31,4189.39
5031,Balance Sheet,Total Liabilities > Capital Lease Obligations,2019-12-31,86.11
5031,Balance Sheet,Total Liabilities > Capital Lease Obligations,2020-12-31,118.37
5031,Balance Sheet,Total Liabilities > Capital Lease Obligations,2021-12-31,103.43
5031,Balance Sheet,Total Liabilities > Deferred Income Tax,2019-12-31,13.87
5031,Balance Sheet,Total Liabilities > Deferred Income Tax,2020-12-31,15.17
5031,Balance Sheet,Total Liabilities > Deferred Income Tax,2021-12-31,17.61
5031,Balance Sheet,Total Liabilities > Long Term Debt,2019-12-31,43.4
5031,Balance Sheet,Total Liabilities > Long Term Debt,2020-12-31,28.68
5031,Balance Sheet,Total Liabilities > Long Term Debt,2021-12-31,108.0
5031,Balance Sheet,Total Liabilities > Long Term Debt,2022-12-31,12.66
5031,Balance Sheet,Total Liabilities > Minority Interest,2020-12-31,5.37
5031,Balance Sheet,Total Liabilities > Minority Interest,2021-12-31,22.24
5031,Balance Sheet,"Total Liabilities > Other Liabilities, Total",2019-12-31,214.02
5031,Balance Sheet,"Total Liabilities > Other Liabilities, Total",2020-12-31,301.62
5031,Balance Sheet,"Total Liabilities > Other Liabilities, Total",2021-12-31,160.98
5031,Balance Sheet,"Total Liabilities > Other Liabilities, Total",2022-12-31,276.53
5031,Balance Sheet,Total Liabilities > Total Long Term Debt,2019-12-31,129.51
5031,Balance Sheet,Total Liabilities > Total Long Term Debt,2020-12-31,147.05
5031,Balance Sheet,Total Liabilities > Total Long Term Debt,2021-12-31,225.53
5031,Balance Sheet,Total Liabilities > Total Long Term Debt,2022-12-31,79.49
5031,Cash Flow,Beginning Cash Balance,2019-12-31,389.39
5031,Cash Flow,Cash From Financing Activities,2019-12-31,-188.27
5031,Cash Flow,Cash From Financing Activities,2020-12-31,-131.44
5031,Cash Flow,Cash From Financing Activities,2021-12-31,-295.36
5031,Cash Flow,Cash From Financing Activities,2022-12-31,-588.07
5031,Cash Flow,Cash From Financing Activities > Financing Cash Flow Items,2019-12-31,-7.85
5031,Cash Flow,Cash From Financing Activities > Financing Cash Flow Items,2020-12-31,9.89
5031,Cash Flow,Cash From Financing Activities > Financing Cash Flow Items,2021-12-31,-276.97
5031,Cash Flow,Cash From Financing Activities > Financing Cash Flow Items,2022-12-31,-347.36
5031,Cash Flow,"Cash From Financing Activities > Issuance (Retirement) of Debt, Net",2019-12-31,-60.42
5031,Cash Flow,"Cash From Financing Activities > Issuance (Retirement) of Debt, Net",2020-12-31,-67.33
5031,Cash Flow,"Cash From Financing Activities > Issuance (Retirement) of Debt, Net",2021-12-31,41.77
5031,Cash Flow,"Cash From Financing Activities > Issuance (Retirement) of Debt, Net",2022-12-31,-41.79
5031,Cash Flow,"Cash From Financing Activities > Issuance (Retirement) of Stock, Net",2020-12-31,95.98
5031,Cash Flow,"Cash From Financing Activities > Issuance (Retirement) of Stock, Net",2021-12-31,15.37
5031,Cash Flow,Cash From Financing Activities > Total Cash Dividends Paid,2019-12-31,-120.01
5031,Cash Flow,Cash From Financing Activities > Total Cash Dividends Paid,2020-12-31,-169.98
5031,Cash Flow,Cash From Financing Activities > Total Cash Dividends Paid,2021-12-31,-350.08
5031,Cash Flow,Cash From Investing Activities,2019-12-31,-301.72
5031,Cash Flow,Cash From Investing Activities,2020-12-31,-264.15
5031,Cash Flow,Cash From Investing Activities,2021-12-31,-333.38
5031,Cash Flow,Cash From Investing Activities,2022-12-31,-442.93
5031,Cash Flow,Cash From Investing Activities > Capital Expenditures,2019-12-31,-318.36
5031,Cash Flow,Cash From Investing Activities > Capital Expenditures,2020-12-31,-282.61
5031,Cash Flow,Cash From Investing Activities > Capital Expenditures,2021-12-31,-300.46
5031,Cash Flow,Cash From Investing Activities > Capital Expenditures,2022-12-31,-451.98
5031,Cash Flow,"Cash From Investing Activities > Other Investing Cash Flow Items, Total",2019-12-31,16.64
5031,Cash Flow,"Cash From Investing Activities > Other Investing Cash Flow Items, Total",2020-12-31,18.46
5031,Cash Flow,"Cash From Investing Activities > Other Investing Cash Flow Items, Total",2021-12-31,-32.93
5031,Cash Flow,"Cash From Investing Activities > Other Investing Cash Flow Items, Total",2022-12-31,9.05
5031,Cash Flow,Cash From Operating Activities,2019-12-31,610.24
5031,Cash Flow,Cash From Operating Activities,2020-12-31,641.23
5031,Cash Flow,Cash From Operating Activities,2021-12-31,631.98
5031,Cash Flow,Cash From Operating Activities,2022-12-31,755.78
5031,Cash Flow,Cash From Operating Activities > Cash Interest Paid,2022-12-31,12.44
5031,Cash Flow,Cash From Operating Activities > Cash Payments,2019-12-31,-346.66
5031,Cash Flow,Cash From Operating Activities > Cash Payments,2020-12-31,-360.75
5031,Cash Flow,Cash From Operating Activities > Cash Payments,2021-12-31,-408.34
5031,Cash Flow,Cash From Operating Activities > Cash Receipts,2019-12-31,1247.11
5031,Cash Flow,Cash From Operating Activities > Cash Receipts,2020-12-31,1340.9
5031,Cash Flow,Cash From Operating Activities > Cash Receipts,2021-12-31,1413.93
5031,Cash Flow,Cash From Operating Activities > Cash Taxes Paid,2019-12-31,-8.2
5031,Cash Flow,Cash From Operating Activities > Cash Taxes Paid,2020-12-31,-14.77
5031,Cash Flow,Cash From Operating Activities > Cash Taxes Paid,2021-12-31,-23.86
5031,Cash Flow,Cash From Operating Activities > Cash Taxes Paid,2022-12-31,41.79
5031,Cash Flow,Cash From Operating Activities > Changes in Working Capital,2019-12-31,-282.02
5031,Cash Flow,Cash From Operating Activities > Changes in Working Capital,2020-12-31,-324.15
5031,Cash Flow,Cash From Operating Activities > Changes in Working Capital,2021-12-31,-349.76
5031,Cash Flow,Cash From Operating Activities > Depreciation/Depletion,2022-12-31,149.54
5031,Cash Flow,Cash From Operating Activities > Non-Cash Items,2022-12-31,119.14
5031,Cash Flow,Ending Cash Balance,2019-12-31,506.95
5031,Cash Flow,Foreign Exchange Effects,2019-12-31,-2.69
5031,Cash Flow,Foreign Exchange Effects,2020-12-31,-3.81
5031,Cash Flow,Foreign Exchange Effects,2021-12-31,4.09
5031,Cash Flow,Free Cash Flow,2019-12-31,291.88
5031,Cash Flow,Free Cash Flow,2022-12-31,-612.3
5031,Cash Flow,Free Cash Flow Growth,2022-12-31,-569.77
5031,Cash Flow,Net Change in Cash,2019-12-31,117.56
5031,Cash Flow,Net Change in Cash,2020-12-31,241.84
5031,Cash Flow,Net Change in Cash,2021-12-31,47.29
5031,Cash Flow,Net Income/Starting Line,2022-12-31,449.91
5031,Income Statement,"Cost of Revenue, Total",2019-12-31,461.64
5031,Income Statement,"Cost of Revenue, Total",2020-12-31,490.61
5031,Income Statement,"Cost of Revenue, Total",2021-12-31,548.43
5031,Income Statement,DPS - Common Stock Primary Issue,2019-12-31,0.03
5031,Income Statement,DPS - Common Stock Primary Issue,2020-12-31,0.04
5031,Income Statement,DPS - Common Stock Primary Issue,2021-12-31,0.109
5031,Income Statement,DPS - Common Stock Primary Issue,2022-12-31,0.123
5031,Income Statement,Diluted EPS Excluding Extraordinary Items,2019-12-31,0.18
5031,Income Statement,Diluted EPS Excluding Extraordinary Items,2020-12-31,0.18
5031,Income Statement,Diluted EPS Excluding Extraordinary Items,2021-12-31,0.22
5031,Income Statement,Diluted EPS Excluding Extraordinary Items,2022-12-31,0.209
5031,Income Statement,Diluted Net Income,2019-12-31,314.04
5031,Income Statement,Diluted Net Income,2020-12-31,328.05
5031,Income Statement,Diluted Net Income,2021-12-31,355.53
5031,Income Statement,Diluted Net Income,2022-12-31,382.56
5031,Income Statement,Diluted Normalized EPS,2019-12-31,0.18
5031,Income Statement,Diluted Normalized EPS,2020-12-31,0.18
5031,Income Statement,Diluted Normalized EPS,2021-12-31,0.165
5031,Income Statement,Diluted Normalized EPS,2022-12-31,0.174
5031,Income Statement,Diluted Weighted Average Shares,2019-12-31,1772.95
5031,Income Statement,Diluted Weighted Average Shares,2020-12-31,1798.16
5031,Income Statement,Diluted Weighted Average Shares,2021-12-31,1819.52
5031,Income Statement,Dilution Adjustment,2021-12-31,37.63
5031,Income Statement,Dilution Adjustment,2022-12-31,67.35
5031,Income Statement,Gross Profit,2019-12-31,652.23
5031,Income Statement,Gross Profit,2020-12-31,732.55
5031,Income Statement,Gross Profit,2021-12-31,847.94
5031,Income Statement,Gross Profit,2022-12-31,864.73
5031,Income Statement,Income Available to Common Excluding Extraordinary Items,2019-12-31,314.04
5031,Income Statement,Income Available to Common Excluding Extraordinary Items,2020-12-31,328.05
5031,Income Statement,Income Available to Common Excluding Extraordinary Items,2021-12-31,355.46
5031,Income Statement,Income Available to Common Excluding Extraordinary Items,2022-12-31,382.44
5031,Income Statement,"Interest Income (Expense), Net Non-Operating",2019-12-31,-2.17
5031,Income Statement,"Interest Income (Expense), Net Non-Operating",2020-12-31,7.92
5031,Income Statement,"Interest Income (Expense), Net Non-Operating",2021-12-31,6.72
5031,Income Statement,Minority Interest,2020-12-31,1.14
5031,Income Statement,Minority Interest,2021-12-31,-3.62
5031,Income Statement,Net Income,2019-12-31,314.04
5031,Income Statement,Net Income,2020-12-31,328.05
5031,Income Statement,Net Income,2021-12-31,393.16
5031,Income Statement,Net Income After Taxes,2019-12-31,314.04
5031,Income Statement,Net Income After Taxes,2020-12-31,326.9
5031,Income Statement,Net Income After Taxes,2021-12-31,396.78
5031,Income Statement,Net Income After Taxes,2022-12-31,386.14
5031,Income Statement,Net Income Before Extraordinary Items,2019-12-31,314.04
5031,Income Statement,Net Income Before Extraordinary Items,2020-12-31,328.05
5031,Income Statement,Net Income Before Extraordinary Items,2021-12-31,393.16
5031,Income Statement,Net Income Before Extraordinary Items,2022-12-31,382.44
5031,Income Statement,Net Income Before Taxes,2019-12-31,328.13
5031,Income Statement,Net Income Before Taxes,2020-12-31,423.1
5031,Income Statement,Net Income Before Taxes,2021-12-31,532.72
5031,Income Statement,Net Income Before Taxes,2022-12-31,517.28
5031,Income Statement,Operating Income,2019-12-31,330.3
5031,Income Statement,Operating Income,2020-12-31,415.18
5031,Income Statement,Operating Income,2021-12-31,526.0
5031,Income Statement,"Other, Net",2019-12-31,-10.94
5031,Income Statement,"Other, Net",2022-12-31,-14.71
5031,Income Statement,Provision for Income Taxes,2019-12-31,14.09
5031,Income Statement,Provision for Income Taxes,2020-12-31,96.19
5031,Income Statement,Provision for Income Taxes,2021-12-31,135.95
5031,Income Statement,Provision for Income Taxes,2022-12-31,131.14
5031,Income Statement,Total Adjustments to Net Income,2021-12-31,-37.7
5031,Income Statement,Total Adjustments to Net Income,2022-12-31,-67.47
5031,Income Statement,Total Extraordinary Items,2022-12-31,67.47
5031,Income Statement,Total Operating Expenses,2019-12-31,783.57
5031,Income Statement,Total Operating Expenses,2020-12-31,807.99
5031,Income Statement,Total Operating Expenses,2021-12-31,870.36
5031,Income Statement,Total Operating Expenses,2022-12-31,952.26
5031,Income Statement,Total Operating Expenses > Depreciation / Amortization,2019-12-31,149.5
5031,Income Statement,Total Operating Expenses > Depreciation / Amortization,2020-12-31,151.88
5031,Income Statement,Total Operating Expenses > Depreciation / Amortization,2021-12-31,143.46
5031,Income Statement,Total Operating Expenses > Depreciation / Amortization,2022-12-31,166.2
5031,Income Statement,"Total Operating Expenses > Other Operating Expenses, Total",2019-12-31,307.23
5031,Income Statement,"Total Operating Expenses > Other Operating Expenses, Total",2020-12-31,302.1
5031,Income Statement,"Total Operating Expenses > Other Operating Expenses, Total",2021-12-31,-142.27
5031,Income Statement,"Total Operating Expenses > Other Operating Expenses, Total",2022-12-31,-177.22
5031,Income Statement,"Total Operating Expenses > Selling/General/Admin. Expenses, Total",2019-12-31,14.7
5031,Income Statement,"Total Operating Expenses > Selling/General/Admin. Expenses, Total",2020-12-31,15.28
5031,Income Statement,"Total Operating Expenses > Selling/General/Admin. Expenses, Total",2021-12-31,8.35
5031,Income Statement,Total Revenue,2019-12-31,1113.87
5031,Income Statement,Total Revenue,2020-12-31,1223.17
5031,Income Statement,Total Revenue,2021-12-31,1396.36
5031,Income Statement,Total Revenue,2022-12-31,1454.83
5031,Income Statement,Total Revenue > Revenue,2019-12-31,1113.87
5031,Income Statement,Total Revenue > Revenue,2020-12-31,1223.17
5031,Income Statement,Total Revenue > Revenue,2021-12-31,1396.36
